ads_id,prop_name,completion_year,monthly_rent,location,property_type,rooms,parking,bathroom,size,furnished,facilities,additional_facilities,region
100323185,The Hipster @ Taman Desa,2022,RM 4 200 per month,Kuala Lumpur - Taman Desa,Condominium,5,2,6,1842 sq.ft.,Fully Furnished,"Minimart, Gymnasium, Security, Playground, Swimming Pool, Parking, Lift, Barbeque area, Multipurpose hall, Jogging Track","Air-Cond, Cooking Allowed, Washing Machine",Kuala Lumpur
100203973,Segar Courts,,RM 2 300 per month,Kuala Lumpur - Cheras,Condominium,3,1,2,1170 sq.ft.,Partially Furnished,"Playground, Parking, Barbeque area, Security, Jogging Track, Swimming Pool, Gymnasium, Lift, Sauna","Air-Cond, Cooking Allowed, Near KTM/LRT",Kuala Lumpur
100323128,Pangsapuri Teratak Muhibbah 2,,RM 1 000 per month,Kuala Lumpur - Taman Desa,Apartment,3,,2,650 sq.ft.,Fully Furnished,"Minimart, Jogging Track, Lift, Swimming Pool",,Kuala Lumpur
100191767,Sentul Point Suite Apartment,2020,RM 1 700 per month,Kuala Lumpur - Sentul,Apartment,2,1,2,743 sq.ft.,Partially Furnished,"Parking, Playground, Swimming Pool, Squash Court, Security, Minimart, Gymnasium, Lift","Cooking Allowed, Near KTM/LRT, Washing Machine",Kuala Lumpur
97022692,Arte Mont Kiara,,RM 1 299 per month,Kuala Lumpur - Mont Kiara,Service Residence,1,1,1,494 sq.ft.,Not Furnished,"Parking, Security, Lift, Swimming Pool, Playground, Gymnasium, Barbeque area, Minimart, Multipurpose hall, Club house, Jogging Track",Air-Cond,Kuala Lumpur
100322897,Residensi Vista Wirajaya,,RM 1 500 per month,Kuala Lumpur - Setapak,Apartment,3,1,2,884 sq.ft.,Partially Furnished,"Parking, Security, Lift, Swimming Pool, Playground, Multipurpose hall","Cooking Allowed, Near KTM/LRT",Kuala Lumpur
100322962,Sky Meridien,,RM 2 900 per month,Kuala Lumpur - Sentul,Service Residence,3,2,2,982 sq.ft.,Fully Furnished,"Parking, Security, Lift, Swimming Pool, Playground, Gymnasium, Barbeque area, Minimart, Multipurpose hall, Jogging Track","Air-Cond, Cooking Allowed, Near KTM/LRT, Washing Machine",Kuala Lumpur
100322885,Arte Plus Jalan Ampang,2018,RM 1 550 per month,Kuala Lumpur - Ampang,Service Residence,1,1,1,700 sq.ft.,Fully Furnished,"Parking, Gymnasium, Playground, Security, Lift, Swimming Pool, Multipurpose hall","Air-Cond, Cooking Allowed, Near KTM/LRT, Washing Machine",Kuala Lumpur
100322866,Nova I,2014,RM 1 400 per month,Kuala Lumpur - Segambut,Apartment,2,1,1,750 sq.ft.,Fully Furnished,"Playground, Security, Parking, Lift, Swimming Pool","Air-Cond, Cooking Allowed, Washing Machine, Near KTM/LRT",Kuala Lumpur
100322863,Sofiya Residences,,RM 1 350 per month,Kuala Lumpur - Desa ParkCity,Condominium,3,1,2,862 sq.ft.,Partially Furnished,"Playground, Security, Parking, Lift, Swimming Pool, Gymnasium","Air-Cond, Cooking Allowed, Near KTM/LRT",Kuala Lumpur
100322813,The Park Sky Residence @ Bukit Jalil City,2019,RM 2 600 per month,Kuala Lumpur - Bukit Jalil,Service Residence,2,,2,868 sq.ft.,Partially Furnished,"Parking, Playground, Swimming Pool, Security, Multipurpose hall, Gymnasium, Jogging Track","Cooking Allowed, Near KTM/LRT",Kuala Lumpur
100322809,PV9 Residences @ Taman Melati,2022,RM 2 000 per month,Kuala Lumpur - Setapak,Service Residence,4,2,2,1100 sq.ft.,Partially Furnished,"Parking, Security, Lift, Swimming Pool, Playground, Gymnasium, Barbeque area, Minimart, Multipurpose hall","Air-Cond, Cooking Allowed, Near KTM/LRT, Washing Machine",Kuala Lumpur
100322802,Arte Plus Jalan Ampang,2018,RM 1 500 per month,Kuala Lumpur - Ampang,Service Residence,1,1,1,700 sq.ft.,Fully Furnished,"Gymnasium, Jogging Track, Playground, Parking, Security, Lift, Swimming Pool, Sauna, Barbeque area, Minimart, Multipurpose hall, Club house, Squash Court","Air-Cond, Cooking Allowed, Washing Machine, Near KTM/LRT",Kuala Lumpur
87950203,Maxim Citilights,2017,RM 1 300 per month,Kuala Lumpur - Sentul,Service Residence,3,1,2,1009 sq.ft.,Fully Furnished,"Minimart, Jogging Track, Playground, Swimming Pool, Multipurpose hall, Security, Lift, Parking, Gymnasium, Sauna, Barbeque area","Air-Cond, Cooking Allowed, Washing Machine",Kuala Lumpur
100239196,Greenview Apartments,,RM 1 000 per month,Kuala Lumpur - Kepong,Apartment,5,,2,855 sq.ft.,Partially Furnished,"Security, Parking, Lift","Cooking Allowed, Near KTM/LRT, Internet",Kuala Lumpur
100322320,Legasi Kampong Bharu,2020,RM 3 200 per month,Kuala Lumpur - KL City,Apartment,3,1,2,950 sq.ft.,Fully Furnished,"Lift, Squash Court, Jogging Track, Gymnasium, Playground, Security, Tennis Court, Swimming Pool, Parking, Minimart, Sauna, Barbeque area, Multipurpose hall","Air-Cond, Cooking Allowed, Near KTM/LRT, Washing Machine, Internet",Kuala Lumpur
100322311,Legasi Kampong Bharu,2020,RM 3 200 per month,Kuala Lumpur - KL City,Apartment,3,1,2,950 sq.ft.,Fully Furnished,"Lift, Squash Court, Jogging Track, Gymnasium, Playground, Security, Tennis Court, Swimming Pool, Parking, Minimart, Sauna, Barbeque area, Multipurpose hall","Air-Cond, Cooking Allowed, Near KTM/LRT, Washing Machine, Internet",Kuala Lumpur
100322212,Majestic Maxim,2021,RM 1 400 per month,Kuala Lumpur - Cheras,Service Residence,2,2,2,650 sq.ft.,Not Furnished,"Parking, Gymnasium, Jogging Track, Lift, Barbeque area, Security, Swimming Pool, Playground","Air-Cond, Near KTM/LRT, Cooking Allowed",Kuala Lumpur
100273500,Desa Villas,,RM 2 500 per month,Kuala Lumpur - Wangsa Maju,Condominium,4,2,2,1784 sq.ft.,Not Furnished,"Parking, Security, Lift, Gymnasium","Air-Cond, Cooking Allowed",Kuala Lumpur
100231953,East Side One Ampang Avenue,,RM 1 800 per month,Kuala Lumpur - Ampang,Condominium,3,1,2,1100 sq.ft.,Fully Furnished,"Gymnasium, Minimart, Tennis Court, Squash Court, Sauna, Security, Swimming Pool, Parking",,Kuala Lumpur
100322123,Majestic Maxim,2021,RM 1 099 per month,Kuala Lumpur - Cheras,Service Residence,2,1,2,650 sq.ft.,Not Furnished,"Playground, Lift, Barbeque area, Security, Parking, Jogging Track, Gymnasium, Swimming Pool","Air-Cond, Cooking Allowed, Near KTM/LRT",Kuala Lumpur
100310024,Majestic Maxim,2021,RM 1 099 per month,Kuala Lumpur - Cheras,Service Residence,2,1,2,650 sq.ft.,Partially Furnished,"Security, Swimming Pool, Parking, Jogging Track, Barbeque area, Playground, Gymnasium, Lift","Air-Cond, Cooking Allowed, Near KTM/LRT, Washing Machine",Kuala Lumpur
100310022,Majestic Maxim,2021,RM 1 199 per month,Kuala Lumpur - Cheras,Service Residence,3,1,2,819 sq.ft.,Not Furnished,"Security, Swimming Pool, Parking, Jogging Track, Barbeque area, Playground, Gymnasium, Lift","Air-Cond, Cooking Allowed, Near KTM/LRT, Washing Machine",Kuala Lumpur
100290514,Majestic Maxim,2021,RM 1 100 per month,Kuala Lumpur - Cheras,Service Residence,2,1,2,650 sq.ft.,Not Furnished,"Jogging Track, Parking, Security, Playground, Barbeque area, Gymnasium, Lift, Swimming Pool","Air-Cond, Cooking Allowed",Kuala Lumpur
100267049,Sri Penara,,RM 1 000 per month,Kuala Lumpur - Cheras,Apartment,3,,2,650 sq.ft.,Not Furnished,"Parking, Minimart, Playground",,Kuala Lumpur
100201993,Prisma Cheras,,RM 1 100 per month,Kuala Lumpur - Cheras,Condominium,1,1,1,900 sq.ft.,Partially Furnished,"Swimming Pool, Barbeque area, Sauna, Security, Gymnasium, Tennis Court, Squash Court, Parking, Playground",,Kuala Lumpur
100295196,Menara Alpha,,RM 1 400 per month,Kuala Lumpur - Wangsa Maju,Condominium,3,1,2,1140 sq.ft.,Not Furnished,"Parking, Minimart, Security, Gymnasium, Swimming Pool, Playground",,Kuala Lumpur
100322088,Berlian Residence @ Setapak,,RM 1 500 per month,Kuala Lumpur - Setapak,Condominium,3,1,2,900 sq.ft.,Not Furnished,"Parking, Security, Lift, Swimming Pool, Multipurpose hall",,Kuala Lumpur
100322086,28 Dutamas,2017,RM 2 500 per month,Kuala Lumpur - Solaris Dutamas,Condominium,4,2,3,1500 sq.ft.,Partially Furnished,"Playground, Swimming Pool, Jogging Track, Multipurpose hall, Security, Gymnasium","Air-Cond, Cooking Allowed",Kuala Lumpur
100322100,28 Dutamas,2017,RM 2 900 per month,Kuala Lumpur - Solaris Dutamas,Condominium,4,2,3,1719 sq.ft.,Fully Furnished,"Playground, Swimming Pool, Jogging Track, Multipurpose hall, Security, Gymnasium","Air-Cond, Cooking Allowed",Kuala Lumpur
100322078,Pangsapuri Melur (Sentul),2006,RM 1 750 per month,Kuala Lumpur - Sentul,Apartment,3,,2,1065 sq.ft.,Partially Furnished,,,Kuala Lumpur
100202252,Residensi Vista Wirajaya,,RM 1 800 per month,Kuala Lumpur - Setapak,Apartment,3,1,2,885 sq.ft.,Fully Furnished,,,Kuala Lumpur
100136931,Bayu Sentul Condominium,2015,RM 1 900 per month,Kuala Lumpur - Sentul,Condominium,3,2,2,1300 sq.ft.,Partially Furnished,,,Kuala Lumpur
100234716,Flexus Signature Suites,,RM 1 500 per month,Kuala Lumpur - Jalan Kuching,Studio,1,1,1,530 sq.ft.,Fully Furnished,"Parking, Security, Sauna, Multipurpose hall, Swimming Pool, Gymnasium","Air-Cond, Cooking Allowed, Washing Machine",Kuala Lumpur
100322047,Menjalara 18,,RM 2 400 per month,Kuala Lumpur - Bandar Menjalara,Condominium,3,1,2,1316 sq.ft.,Fully Furnished,"Barbeque area, Swimming Pool, Gymnasium, Club house, Minimart, Squash Court, Parking, Sauna","Air-Cond, Cooking Allowed, Washing Machine",Kuala Lumpur
93075352,G Residence @ Desa Pandan,2015,RM 4 500 per month,Kuala Lumpur - Desa Pandan,Service Residence,3,2,2,1539 sq.ft.,Fully Furnished,"Multipurpose hall, Security, Gymnasium, Swimming Pool","Air-Cond, Cooking Allowed, Near KTM/LRT, Washing Machine",Kuala Lumpur
99876261,Greenpark,1999,RM 1 400 per month,Kuala Lumpur - Old Klang Road,Condominium,3,1,2,1270 sq.ft.,Partially Furnished,"Parking, Security, Tennis Court, Swimming Pool, Playground, Lift, Jogging Track, Minimart, Gymnasium, Barbeque area","Air-Cond, Cooking Allowed, Internet",Kuala Lumpur
100322029,Majestic Maxim,2021,RM 1 800 per month,Kuala Lumpur - Cheras,Service Residence,3,1,2,819 sq.ft.,Partially Furnished,"Security, Swimming Pool, Lift, Gymnasium, Barbeque area, Jogging Track, Parking, Playground, Minimart, Club house","Air-Cond, Cooking Allowed, Near KTM/LRT, Internet",Kuala Lumpur
100322005,Baiduri Apartment (Desa Pandan),,RM 1 500 per month,Kuala Lumpur - Desa Pandan,Apartment,3,1,2,950 sq.ft.,Partially Furnished,"Security, Parking",,Kuala Lumpur
98292007,Bennington Residences @ SkyArena,2019,RM 3 000 per month,Kuala Lumpur - Setapak,Condominium,3,2,2,1200 sq.ft.,Fully Furnished,"Parking, Security, Lift, Swimming Pool, Playground, Gymnasium, Sauna, Barbeque area, Minimart, Multipurpose hall, Squash Court","Air-Cond, Cooking Allowed, Washing Machine, Internet",Kuala Lumpur
100321936,Sri Putramas,2004,RM 1 600 per month,Kuala Lumpur - Jalan Kuching,Condominium,3,1,2,1100 sq.ft.,Fully Furnished,"Minimart, Swimming Pool, Sauna, Playground, Gymnasium, Security, Tennis Court, Barbeque area, Parking","Air-Cond, Cooking Allowed, Washing Machine",Kuala Lumpur
100321976,Putra Villa,2007,RM 1 800 per month,Kuala Lumpur - Setapak,Condominium,3,,2,1066 sq.ft.,Fully Furnished,,,Kuala Lumpur
99627362,38 Bidara,,RM 2 100 per month,Kuala Lumpur - KLCC,Condominium,2,,2,706 sq.ft.,Fully Furnished,"Minimart, Swimming Pool, Sauna, Parking, Security, Gymnasium, Barbeque area, Club house, Playground",,Kuala Lumpur
99492392,3 Towers,2015,RM 2 500 per month,Kuala Lumpur - Ampang Hilir,Condominium,2,1,1,890 sq.ft.,Fully Furnished,"Security, Gymnasium, Multipurpose hall, Parking, Barbeque area, Swimming Pool",,Kuala Lumpur
100036659,One Maxim,2020,RM 1 300 per month,Kuala Lumpur - Sentul,Service Residence,2,1,2,650 sq.ft.,Partially Furnished,"Jogging Track, Playground, Parking, Swimming Pool, Gymnasium, Sauna, Multipurpose hall, Security, Barbeque area",,Kuala Lumpur
99528357,Casa Mutiara,2007,RM 2 000 per month,Kuala Lumpur - Bukit Bintang,Service Residence,2,1,2,742 sq.ft.,Fully Furnished,"Gymnasium, Sauna, Parking, Playground, Security, Swimming Pool, Barbeque area",,Kuala Lumpur
100321885,Sofiya Residences,,RM 2 000 per month,Kuala Lumpur - Desa ParkCity,Condominium,3,1,2,862 sq.ft.,Fully Furnished,"Security, Playground","Air-Cond, Cooking Allowed, Washing Machine",Kuala Lumpur
100273689,Laman Tasik,2002,RM 2 100 per month,Kuala Lumpur - Cheras,Condominium,4,1,3,1300 sq.ft.,Fully Furnished,"Parking, Security, Minimart, Playground, Swimming Pool, Gymnasium",,Kuala Lumpur
100033999,Residensi Seri Wahyu @ Jalan Kuching KL,,RM 1 300 per month,Kuala Lumpur - KL City,Apartment,3,1,2,805 sq.ft.,Partially Furnished,"Squash Court, Jogging Track, Gymnasium, Parking, Swimming Pool, Lift, Security, Playground, Minimart",,Kuala Lumpur
100033960,The Hamilton,2020,RM 2 600 per month,Kuala Lumpur - Wangsa Maju,Condominium,4,2,2,1000 sq.ft.,Fully Furnished,"Playground, Jogging Track, Multipurpose hall, Parking, Swimming Pool, Barbeque area, Security, Gymnasium",,Kuala Lumpur
99844667,3 Towers,2015,RM 2 000 per month,Kuala Lumpur - Ampang Hilir,Service Residence,1,1,1,440 sq.ft.,Fully Furnished,"Barbeque area, Multipurpose hall, Parking, Security, Swimming Pool, Gymnasium",,Kuala Lumpur
100321850,Menjalara 18,,RM 2 500 per month,Kuala Lumpur - Bandar Menjalara,Condominium,5,2,3,1600 sq.ft.,Fully Furnished,"Barbeque area, Swimming Pool, Gymnasium, Club house, Minimart, Squash Court, Parking, Sauna","Air-Cond, Cooking Allowed, Washing Machine",Kuala Lumpur
100321800,The Havre @ Bukit Jalil,2020,RM 2 500 per month,Kuala Lumpur - Bukit Jalil,Condominium,3,2,2,1028 sq.ft.,Fully Furnished,"Security, Squash Court, Jogging Track, Lift, Multipurpose hall, Minimart, Swimming Pool, Gymnasium, Barbeque area, Sauna, Club house, Parking, Playground, Tennis Court","Air-Cond, Cooking Allowed, Near KTM/LRT, Washing Machine",Kuala Lumpur
94858400,,,RM 2 000 per month,Kuala Lumpur - Setapak,Condominium,4,,2,940 sq.ft.,Fully Furnished,"Swimming Pool, Gymnasium, Tennis Court, Squash Court, Security, Parking, Jogging Track, Playground, Minimart, Lift","Air-Cond, Cooking Allowed, Near KTM/LRT, Washing Machine",Kuala Lumpur
93420010,,,RM 1 800 per month,Kuala Lumpur - Setapak,Condominium,3,1,2,860 sq.ft.,Fully Furnished,"Swimming Pool, Gymnasium, Tennis Court, Squash Court, Security, Parking, Jogging Track, Playground, Lift, Minimart","Air-Cond, Cooking Allowed, Near KTM/LRT, Washing Machine",Kuala Lumpur
86821569,,,RM 1 700 per month,Kuala Lumpur - Jalan Kuching,Condominium,3,2,2,1100 sq.ft.,Partially Furnished,Swimming Pool,Air-Cond,Kuala Lumpur
94858340,,,RM 1 600 per month,Kuala Lumpur - Setapak,Condominium,4,1,2,914 sq.ft.,Partially Furnished,"Swimming Pool, Squash Court, Security, Parking, Lift, Tennis Court, Jogging Track, Gymnasium, Playground, Minimart","Air-Cond, Cooking Allowed, Near KTM/LRT, Washing Machine",Kuala Lumpur
94861261,,,RM 2 000 per month,Kuala Lumpur - Jalan Kuching,Condominium,3,2,2,1100 sq.ft.,Fully Furnished,"Swimming Pool, Gymnasium, Tennis Court, Squash Court, Security, Parking, Jogging Track, Lift, Playground, Minimart","Air-Cond, Cooking Allowed, Near KTM/LRT, Washing Machine",Kuala Lumpur
94962913,,,RM 1 500 per month,Kuala Lumpur - Kepong,Condominium,3,2,2,1100 sq.ft.,Partially Furnished,"Swimming Pool, Gymnasium, Squash Court, Security, Parking, Lift, Jogging Track, Tennis Court, Playground, Minimart",Air-Cond,Kuala Lumpur
95481469,,,RM 1 700 per month,Kuala Lumpur - Jalan Kuching,Condominium,3,2,2,1100 sq.ft.,Partially Furnished,"Swimming Pool, Gymnasium, Parking, 10","Air-Cond, Cooking Allowed, Washing Machine",Kuala Lumpur
95865588,,,RM 1 850 per month,Kuala Lumpur - Kepong,Condominium,3,2,2,1100 sq.ft.,Fully Furnished,"Parking, Security, Lift, Swimming Pool, Playground, Gymnasium, Sauna, Barbeque area, Minimart, Multipurpose hall, Club house, Jogging Track, Tennis Court, Squash Court","Air-Cond, Cooking Allowed, Near KTM/LRT, Washing Machine, Internet",Kuala Lumpur
97361235,,,RM 1 700 per month,Kuala Lumpur - Sentul,Condominium,4,2,3,1200 sq.ft.,Partially Furnished,"Security, Playground, Gymnasium, Swimming Pool, Parking, Minimart, Lift, Sauna, Multipurpose hall, Squash Court, Tennis Court, Barbeque area, Jogging Track, Club house","Air-Cond, Cooking Allowed, Washing Machine, Near KTM/LRT",Kuala Lumpur
97361227,,,RM 1 700 per month,Kuala Lumpur - Jalan Ipoh,Service Residence,2,1,2,904 sq.ft.,Fully Furnished,"Playground, Lift, Club house, Security, Gymnasium, Jogging Track, Swimming Pool, Parking, Sauna, Barbeque area, Minimart, Multipurpose hall, Squash Court, Tennis Court","Air-Cond, Cooking Allowed, Near KTM/LRT, Washing Machine",Kuala Lumpur
97407806,,,RM 1 800 per month,Kuala Lumpur - Kepong,Condominium,4,2,2,1300 sq.ft.,Partially Furnished,"Parking, Lift, Security, Gymnasium, Club house, Jogging Track, Sauna, Barbeque area, Tennis Court, Minimart, Squash Court, Multipurpose hall, Playground, Swimming Pool","Air-Cond, Cooking Allowed",Kuala Lumpur
100290798,M3 Residency,2017,RM 1 600 per month,Kuala Lumpur - Setapak,Condominium,3,1,2,950 sq.ft.,Partially Furnished,,,Kuala Lumpur
97406687,,,RM 1 600 per month,Kuala Lumpur - Kepong,Condominium,3,2,2,1100 sq.ft.,Partially Furnished,"Parking, Lift, Swimming Pool, Playground, Multipurpose hall, Squash Court, Minimart, Barbeque area, Tennis Court, Jogging Track, Club house, Gymnasium, Sauna, Security","Cooking Allowed, Air-Cond, Near KTM/LRT",Kuala Lumpur
100321689,Majestic Maxim,2021,RM 1 400 per month,Kuala Lumpur - Cheras,Service Residence,2,2,2,650 sq.ft.,Not Furnished,"Parking, Gymnasium, Jogging Track, Lift, Barbeque area, Security, Swimming Pool, Playground","Air-Cond, Near KTM/LRT, Cooking Allowed",Kuala Lumpur
100321678,D'Puncak Suasana,,RM 1 000 per month,Kuala Lumpur - KLCC,Apartment,3,2,2,1000 sq.ft.,Partially Furnished,"Playground, Swimming Pool, Parking, Security, Barbeque area, Minimart, Multipurpose hall, Jogging Track, Tennis Court","Air-Cond, Cooking Allowed, Near KTM/LRT, Internet",Kuala Lumpur
100321609,Kaleidoscope,,RM 2 700 per month,Kuala Lumpur - Setiawangsa,Condominium,3,,2,1115 sq.ft.,Partially Furnished,"Parking, Security, Lift, Swimming Pool, Playground, Club house",,Kuala Lumpur
100321665,KL Traders Square Residences,2019,RM 1 400 per month,Kuala Lumpur - Gombak,Service Residence,3,1,2,850 sq.ft.,Not Furnished,"Swimming Pool, Lift, Security, Parking, Gymnasium, Sauna, Barbeque area, Minimart, Multipurpose hall, Squash Court, Tennis Court, Jogging Track, Club house, Playground","Air-Cond, Cooking Allowed, Near KTM/LRT",Kuala Lumpur
100321664,Prisma Cheras,,RM 1 500 per month,Kuala Lumpur - Cheras,Condominium,2,1,1,717 sq.ft.,Fully Furnished,"Tennis Court, Sauna, Gymnasium, Squash Court, Barbeque area, Playground, Security, Parking, Swimming Pool, Lift, Minimart, Multipurpose hall, Jogging Track","Air-Cond, Cooking Allowed, Washing Machine, Near KTM/LRT",Kuala Lumpur
100321580,Seasons Garden Residences @ Wangsa Maju,2017,RM 1 350 per month,Kuala Lumpur - Wangsa Maju,Apartment,3,1,2,850 sq.ft.,Partially Furnished,,,Kuala Lumpur
100321562,Lavile,2021,RM 3 000 per month,Kuala Lumpur - Cheras,Service Residence,3,,2,864 sq.ft.,Fully Furnished,"Swimming Pool, Barbeque area, Security, Multipurpose hall, Gymnasium, Lift, Parking, Playground, Sauna, Jogging Track, Squash Court","Air-Cond, Cooking Allowed, Near KTM/LRT, Washing Machine",Kuala Lumpur
100321251,Maxim Citilights,2017,RM 1 300 per month,Kuala Lumpur - Sentul,Service Residence,3,1,2,1150 sq.ft.,Not Furnished,"Security, Minimart, Playground, Swimming Pool, Multipurpose hall, Jogging Track, Lift, Parking",Near KTM/LRT,Kuala Lumpur
100321351,Fajar Ria,,RM 2 500 per month,Kuala Lumpur - Pantai,Condominium,3,,2,1500 sq.ft.,Fully Furnished,"Parking, Security, Playground, Swimming Pool, Gymnasium","Cooking Allowed, Near KTM/LRT, Air-Cond",Kuala Lumpur
100321196,Banyan Tree,2015,RM 7 000 per month,Kuala Lumpur - KLCC,Condominium,2,1,2,1076 sq.ft.,Fully Furnished,"Parking, Security, Lift, Swimming Pool, Playground, Gymnasium, Sauna, Barbeque area","Air-Cond, Near KTM/LRT, Washing Machine, Cooking Allowed",Kuala Lumpur
99435019,PPA1M Bukit Jalil,,RM 1 300 per month,Kuala Lumpur - Bukit Jalil,Apartment,3,1,2,1000 sq.ft.,Not Furnished,"Parking, Security, Lift, Playground, Minimart, Multipurpose hall",,Kuala Lumpur
100235971,Taman Connaught,,RM 900 per month,Kuala Lumpur - Cheras,Apartment,2,1,1,550 sq.ft.,Partially Furnished,"Parking, Security, Lift, Playground, Jogging Track","Cooking Allowed, Near KTM/LRT",Kuala Lumpur
100235642,Midah Ria,,RM 1 300 per month,Kuala Lumpur - Cheras,Condominium,3,1,2,967 sq.ft.,Partially Furnished,"Parking, Security, Lift, Swimming Pool, Playground, Gymnasium, Barbeque area, Multipurpose hall","Air-Cond, Cooking Allowed, Near KTM/LRT",Kuala Lumpur
99774637,Sri Kenangan,,RM 2 500 per month,Kuala Lumpur - Wangsa Maju,Condominium,4,1,2,1184 sq.ft.,Partially Furnished,"Minimart, Barbeque area, Swimming Pool, Parking, Security, Playground",,Kuala Lumpur
100321040,Faber Ria,1985,RM 1 300 per month,Kuala Lumpur - Taman Desa,Condominium,2,1,2,1050 sq.ft.,Partially Furnished,"Playground, Swimming Pool, Tennis Court, Squash Court, Minimart, Sauna, Club house, Parking, Security, Gymnasium, Barbeque area, Lift",Cooking Allowed,Kuala Lumpur
100321021,Banyan Tree,2015,RM 7 800 per month,Kuala Lumpur - KLCC,Condominium,2,1,2,1076 sq.ft.,Fully Furnished,"Parking, Security, Lift, Swimming Pool, Playground, Gymnasium, Barbeque area, Multipurpose hall, Club house, Jogging Track","Air-Cond, Cooking Allowed, Near KTM/LRT, Washing Machine",Kuala Lumpur
23139697,Villa Wangsamas,2010,RM 1 700 per month,Kuala Lumpur - Wangsa Maju,Condominium,3,,3,1267 sq.ft.,Partially Furnished,"Parking, Security, Lift, Swimming Pool, Playground, Gymnasium, Barbeque area, Minimart, Multipurpose hall, Club house, Jogging Track","Air-Cond, Cooking Allowed, Near KTM/LRT, Internet",Kuala Lumpur
16717632,Villa Wangsamas,2010,RM 2 000 per month,Kuala Lumpur - Wangsa Maju,Condominium,3,1,3,1267 sq.ft.,Fully Furnished,"Parking, Security, Lift, Swimming Pool, Playground, Gymnasium, Barbeque area, Minimart, Multipurpose hall, Club house, Jogging Track","Air-Cond, Cooking Allowed, Near KTM/LRT, Washing Machine, Internet",Kuala Lumpur
99364321,The Capers,,RM 2 100 per month,Kuala Lumpur - Sentul,Service Residence,2,,2,999 sq.ft.,Partially Furnished,"Playground, Parking, Gymnasium, Jogging Track, Security, Swimming Pool, Lift, Club house, Minimart, Sauna","Air-Cond, Cooking Allowed, Near KTM/LRT, Washing Machine",Kuala Lumpur
100321008,Central Residence @ Sg Besi,2015,RM 1 750 per month,Kuala Lumpur - Sungai Besi,Condominium,3,2,2,1121 sq.ft.,Fully Furnished,"Playground, Barbeque area, Sauna, Multipurpose hall, Security, Swimming Pool, Gymnasium, Lift, Parking","Air-Cond, Cooking Allowed, Washing Machine",Kuala Lumpur
100320875,Unio Residence,2021,RM 2 000 per month,Kuala Lumpur - Kepong,Apartment,2,1,2,872 sq.ft.,Fully Furnished,"Minimart, Swimming Pool, Tennis Court, Jogging Track, Security, Playground, Parking, Gymnasium, Barbeque area, Lift, Multipurpose hall","Air-Cond, Cooking Allowed, Washing Machine, Near KTM/LRT",Kuala Lumpur
100320904,Dahlia Apartment (Ampang),,RM 1 300 per month,Kuala Lumpur - Ampang,Apartment,3,,2,860 sq.ft.,Not Furnished,"Security, Playground, Lift",Cooking Allowed,Kuala Lumpur
100320954,1 Petaling,2012,RM 1 100 per month,Kuala Lumpur - Sungai Besi,Condominium,3,1,2,904 sq.ft.,Partially Furnished,"Jogging Track, Swimming Pool, Playground, Security, Barbeque area, Multipurpose hall","Air-Cond, Cooking Allowed, Near KTM/LRT, Washing Machine",Kuala Lumpur
100320945,Residensi Seri Wahyu @ Jalan Kuching KL,,RM 1 300 per month,Kuala Lumpur - KL City,Apartment,3,1,2,835 sq.ft.,Fully Furnished,"Jogging Track, Lift, Gymnasium, Squash Court, Minimart, Security, Swimming Pool, Parking, Playground, Barbeque area","Air-Cond, Cooking Allowed, Washing Machine",Kuala Lumpur
100320933,Pangsapuri Seroja,,RM 850 per month,Kuala Lumpur - Jinjang,Apartment,3,,2,750 sq.ft.,Partially Furnished,Lift,"Near KTM/LRT, Cooking Allowed",Kuala Lumpur
98990742,Endah Villa,,RM 1 400 per month,Kuala Lumpur - Sri Petaling,Condominium,3,1,2,1129 sq.ft.,Fully Furnished,"Security, Squash Court, Parking, Swimming Pool, Tennis Court, Playground, Minimart, Barbeque area, Lift, Multipurpose hall, Club house","Air-Cond, Cooking Allowed, Near KTM/LRT, Washing Machine",Kuala Lumpur
100320836,Unio Residence,2021,RM 1 900 per month,Kuala Lumpur - Kepong,Service Residence,2,1,2,1132 sq.ft.,Partially Furnished,"Minimart, Playground, Swimming Pool, Parking, Security, Gymnasium, Tennis Court, Lift, Barbeque area, Jogging Track, Multipurpose hall",Air-Cond,Kuala Lumpur
100140155,Rica Residence Sentul,2021,RM 1 700 per month,Kuala Lumpur - Sentul,Condominium,2,,1,700 sq.ft.,Partially Furnished,"Parking, Security, Swimming Pool, Minimart, Playground, Squash Court, Lift, Gymnasium, Tennis Court, Jogging Track","Near KTM/LRT, Air-Cond, Cooking Allowed, Washing Machine",Kuala Lumpur
100320688,PV9 Residences @ Taman Melati,2022,RM 2 100 per month,Kuala Lumpur - Setapak,Service Residence,3,2,2,1000 sq.ft.,Partially Furnished,"Parking, Security, Lift, Swimming Pool, Playground, Gymnasium, Barbeque area, Multipurpose hall, Minimart","Air-Cond, Near KTM/LRT, Cooking Allowed",Kuala Lumpur
100320795,Suasana Lumayan,2015,RM 1 550 per month,Kuala Lumpur - Cheras,Condominium,4,1,2,1142 sq.ft.,Partially Furnished,"Minimart, Sauna, Security, Gymnasium, Playground, Parking, Swimming Pool, Lift","Air-Cond, Cooking Allowed",Kuala Lumpur
100320796,Plaza Prima Setapak,2006,RM 1 400 per month,Kuala Lumpur - Setapak,Condominium,4,2,2,1300 sq.ft.,Partially Furnished,"Parking, Security, Lift, Swimming Pool, Playground, Jogging Track","Cooking Allowed, Washing Machine",Kuala Lumpur
100320727,Residensi Vista Wirajaya,,RM 1 800 per month,Kuala Lumpur - Setapak,Apartment,3,1,2,884 sq.ft.,Fully Furnished,"Parking, Security, Lift, Swimming Pool, Playground, Barbeque area, Multipurpose hall","Near KTM/LRT, Washing Machine, Internet, Cooking Allowed",Kuala Lumpur
100320547,One Maxim,2020,RM 1 300 per month,Kuala Lumpur - Sentul,Service Residence,3,1,2,819 sq.ft.,Partially Furnished,"Parking, Sauna, Barbeque area, Jogging Track, Security, Playground, Swimming Pool, Gymnasium, Multipurpose hall",Cooking Allowed,Kuala Lumpur
100320546,M Centura,2021,RM 2 500 per month,Kuala Lumpur - Sentul,Service Residence,3,1,2,850 sq.ft.,Fully Furnished,"Parking, Security, Lift, Swimming Pool, Gymnasium, Playground","Cooking Allowed, Near KTM/LRT, Washing Machine",Kuala Lumpur
100320543,PV9 Residences @ Taman Melati,2022,RM 2 300 per month,Kuala Lumpur - Setapak,Service Residence,3,2,2,1000 sq.ft.,Partially Furnished,"Parking, Security, Lift, Swimming Pool, Playground, Jogging Track, Barbeque area","Cooking Allowed, Near KTM/LRT, Washing Machine",Kuala Lumpur
100320529,Majestic Maxim,2021,RM 1 350 per month,Kuala Lumpur - Cheras,Service Residence,2,1,1,650 sq.ft.,Partially Furnished,"Parking, Gymnasium, Jogging Track, Lift, Barbeque area, Playground, Swimming Pool, Security","Air-Cond, Cooking Allowed, Near KTM/LRT, Washing Machine, Internet",Kuala Lumpur
100320520,Residensi KepongMas,2020,RM 1 100 per month,Kuala Lumpur - Kepong,Apartment,3,2,2,800 sq.ft.,Partially Furnished,"Parking, Security, Lift, Swimming Pool, Playground, Gymnasium","Air-Cond, Cooking Allowed, Near KTM/LRT",Kuala Lumpur
100320656,Bayu Sentul Condominium,2015,RM 1 700 per month,Kuala Lumpur - Sentul,Condominium,3,2,2,1300 sq.ft.,Partially Furnished,"Parking, Security, Lift, Swimming Pool, Playground, Gymnasium, Sauna, Barbeque area, Minimart, Multipurpose hall, Club house, Jogging Track, Tennis Court, Squash Court","Cooking Allowed, Washing Machine",Kuala Lumpur
100170082,Vista Angkasa,,RM 1 800 per month,Kuala Lumpur - Bangsar South,Apartment,3,1,2,1200 sq.ft.,Partially Furnished,"Parking, Security, Swimming Pool, Jogging Track, Minimart, Lift, Playground, Multipurpose hall, Barbeque area, Tennis Court","Cooking Allowed, Near KTM/LRT",Kuala Lumpur
100234537,The Nest Residence @ Genting Klang,,RM 1 600 per month,Kuala Lumpur - Setapak,Service Residence,3,1,2,770 sq.ft.,Fully Furnished,"Parking, Playground, Gymnasium, Jogging Track, Lift, Minimart, Tennis Court, Squash Court, Security, Swimming Pool",Air-Cond,Kuala Lumpur
100320486,Sky Awani 3 Residence Setpak,,RM 1 600 per month,Kuala Lumpur - Setapak,Service Residence,3,2,2,800 sq.ft.,Fully Furnished,"Parking, Gymnasium, Sauna, Security, Lift, Swimming Pool, Playground, Barbeque area","Cooking Allowed, Air-Cond, Near KTM/LRT",Kuala Lumpur
100320507,M Centura,2021,RM 1 650 per month,Kuala Lumpur - Sentul,Service Residence,3,2,2,850 sq.ft.,Partially Furnished,Parking,"Cooking Allowed, Air-Cond",Kuala Lumpur
100320503,M Centura,2021,RM 1 200 per month,Kuala Lumpur - Sentul,Service Residence,2,1,1,646 sq.ft.,Not Furnished,"Parking, Gymnasium, Security, Lift, Swimming Pool, Barbeque area, Playground, Jogging Track",,Kuala Lumpur
100320593,OG Heights,1988,RM 1 200 per month,Kuala Lumpur - Pantai,Condominium,2,1,2,1000 sq.ft.,Partially Furnished,"Parking, Jogging Track, Tennis Court, Lift, Sauna, Minimart","Air-Cond, Cooking Allowed, Near KTM/LRT, Washing Machine",Kuala Lumpur
100235780,8 Petaling,2014,RM 2 599 per month,Kuala Lumpur - Sri Petaling,Condominium,4,3,5,1899 sq.ft.,Fully Furnished,"Parking, Security, Swimming Pool, Playground, Gymnasium, Sauna, Squash Court","Air-Cond, Cooking Allowed, Near KTM/LRT, Washing Machine",Kuala Lumpur
99174282,Delima J Apartment,,RM 1 400 per month,Kuala Lumpur - Desa Pandan,Apartment,3,1,2,1000 sq.ft.,Partially Furnished,"Playground, Security, Parking","Air-Cond, Cooking Allowed",Kuala Lumpur
100320340,Lexa Residence @ The Quartz WM,,RM 2 600 per month,Kuala Lumpur - Wangsa Maju,Service Residence,4,,2,877 sq.ft.,Fully Furnished,,,Kuala Lumpur
100255260,The Nest Residence @ Genting Klang,,RM 900 per month,Kuala Lumpur - Setapak,Service Residence,1,1,1,360 sq.ft.,Fully Furnished,"Swimming Pool, Minimart, Tennis Court, Squash Court, Parking, Playground, Gymnasium, Jogging Track, Security, Lift",,Kuala Lumpur
100279958,Hedgeford 10 Residences @ Wangsa Maju,2015,RM 1 200 per month,Kuala Lumpur - Wangsa Maju,Service Residence,1,1,1,521 sq.ft.,Partially Furnished,"Security, Swimming Pool, Jogging Track, Sauna, Minimart, Parking","Air-Cond, Cooking Allowed, Washing Machine",Kuala Lumpur
100256144,The Establishment,2018,RM 2 500 per month,Kuala Lumpur - Brickfields,Service Residence,1,1,1,468 sq.ft.,Fully Furnished,Parking,"Air-Cond, Cooking Allowed, Near KTM/LRT, Washing Machine",Kuala Lumpur
100320298,The Henge Kepong,2019,RM 2 200 per month,Kuala Lumpur - Kepong,Condominium,3,2,2,1100 sq.ft.,Fully Furnished,"Playground, Swimming Pool, Jogging Track, Security, Tennis Court, Lift, Multipurpose hall, Parking, Gymnasium, Barbeque area, Minimart, Squash Court, Sauna, Club house","Air-Cond, Cooking Allowed, Near KTM/LRT, Washing Machine, Internet",Kuala Lumpur
100320294,Sofiya Residences,,RM 2 300 per month,Kuala Lumpur - Desa ParkCity,Condominium,3,1,2,862 sq.ft.,Fully Furnished,"Playground, Security, Parking, Gymnasium, Sauna, Jogging Track, Barbeque area, Lift, Swimming Pool","Air-Cond, Cooking Allowed, Washing Machine",Kuala Lumpur
100262241,Suasana Lumayan,2015,RM 1 500 per month,Kuala Lumpur - Cheras,Condominium,4,1,2,1142 sq.ft.,Partially Furnished,"Parking, Security, Lift, Swimming Pool, Playground, Gymnasium, Sauna, Barbeque area, Minimart, Multipurpose hall, Club house, Jogging Track, Tennis Court, Squash Court","Air-Cond, Cooking Allowed, Near KTM/LRT, Washing Machine, Internet",Kuala Lumpur
100320327,Vista Komanwel A,,RM 1 600 per month,Kuala Lumpur - Bukit Jalil,Condominium,3,2,2,1224 sq.ft.,Fully Furnished,"Parking, Security, Lift, Swimming Pool, Playground, Gymnasium, Barbeque area, Minimart, Multipurpose hall, Jogging Track","Air-Cond, Cooking Allowed, Near KTM/LRT, Washing Machine, Internet",Kuala Lumpur
100320315,Apartment Sentul,,RM 700 per month,Kuala Lumpur - Sentul,Apartment,3,,1,700 sq.ft.,Not Furnished,"Parking, Lift",Cooking Allowed,Kuala Lumpur
99879586,Lakeville Residence,2017,RM 1 900 per month,Kuala Lumpur - Jalan Ipoh,Condominium,3,2,2,1193 sq.ft.,Partially Furnished,"Gymnasium, Parking, Security, Lift, Swimming Pool, Playground, Barbeque area, Sauna, Minimart, Multipurpose hall, Jogging Track, Tennis Court","Air-Cond, Cooking Allowed, Washing Machine",Kuala Lumpur
100320270,Arte Plus Jalan Ampang,2018,RM 2 100 per month,Kuala Lumpur - Ampang,Service Residence,3,2,2,1200 sq.ft.,Fully Furnished,"Parking, Gymnasium, Jogging Track, Playground, Security, Lift, Swimming Pool, Sauna, Barbeque area, Multipurpose hall, Tennis Court","Air-Cond, Cooking Allowed, Washing Machine",Kuala Lumpur
100157790,Vista Langkawi @ PV18,,RM 1 399 per month,Kuala Lumpur - Setapak,Service Residence,3,1,2,926 sq.ft.,Partially Furnished,,,Kuala Lumpur
100319605,Residensi Alam Damai (PR1MA @ Alam Damai),,RM 1 300 per month,Kuala Lumpur - Cheras,Apartment,3,1,3,935 sq.ft.,Not Furnished,"Parking, Security, Lift, Playground, Minimart, Multipurpose hall",Cooking Allowed,Kuala Lumpur
99764987,Platinum OUG Residence,2021,RM 1 450 per month,Kuala Lumpur - Kuchai Lama,Condominium,3,1,2,1100 sq.ft.,Partially Furnished,"Security, Playground, Gymnasium, Lift, Parking",,Kuala Lumpur
99753372,Residensi Pandanmas 1,,RM 1 500 per month,Kuala Lumpur - Desa Pandan,Apartment,3,1,2,900 sq.ft.,Partially Furnished,"Minimart, Gymnasium, Lift, Parking, Security, Swimming Pool, Playground, Jogging Track, Barbeque area, Multipurpose hall","Cooking Allowed, Near KTM/LRT, Air-Cond",Kuala Lumpur
100319562,Flat Taman Melati,,RM 1 000 per month,Kuala Lumpur - Setapak,Flat,3,,2,650 sq.ft.,Not Furnished,,"Air-Cond, Cooking Allowed, Near KTM/LRT",Kuala Lumpur
100103263,First Residence,2012,RM 1 600 per month,Kuala Lumpur - Kepong,Condominium,3,1,2,1070 sq.ft.,Partially Furnished,"Barbeque area, Swimming Pool, Security, Playground, Gymnasium, Parking, Lift, Jogging Track","Air-Cond, Cooking Allowed, Near KTM/LRT",Kuala Lumpur
100234677,M Centura,2021,RM 2 200 per month,Kuala Lumpur - Sentul,Service Residence,3,,2,850 sq.ft.,Fully Furnished,"Parking, Security, Lift, Swimming Pool, Playground, Gymnasium, Minimart, Club house","Air-Cond, Cooking Allowed, Near KTM/LRT, Washing Machine",Kuala Lumpur
100319477,Regalia Residence,2012,RM 2 000 per month,Kuala Lumpur - Jalan Sultan Ismail,Service Residence,1,1,1,560 sq.ft.,Fully Furnished,"Parking, Playground, Swimming Pool, Squash Court, Gymnasium",,Kuala Lumpur
100319453,38 Bidara,,RM 1 900 per month,Kuala Lumpur - KLCC,Condominium,2,,2,705 sq.ft.,Fully Furnished,"Sauna, Parking, Swimming Pool, Playground, Club house, Security, Minimart, Gymnasium, Barbeque area",,Kuala Lumpur
100319350,Unio Residence,2021,RM 2 200 per month,Kuala Lumpur - Kepong,Apartment,2,1,2,866 sq.ft.,Fully Furnished,"Jogging Track, Security, Swimming Pool, Tennis Court, Lift, Multipurpose hall, Parking, Minimart, Playground, Barbeque area, Gymnasium","Air-Cond, Cooking Allowed",Kuala Lumpur
100319283,Legasi Kampong Bharu,2020,RM 3 300 per month,Kuala Lumpur - KL City,Apartment,3,1,2,950 sq.ft.,Fully Furnished,"Gymnasium, Parking, Playground, Security, Minimart, Squash Court, Lift, Swimming Pool, Tennis Court, Jogging Track",Air-Cond,Kuala Lumpur
100319174,Mercu Summer Suites @ Kuala Lumpur,2015,RM 2 000 per month,Kuala Lumpur - KL City,Service Residence,1,,1,600 sq.ft.,Fully Furnished,"Parking, Minimart, Security, Lift, Swimming Pool, Gymnasium","Air-Cond, Cooking Allowed, Washing Machine",Kuala Lumpur
100319242,Vista Saujana,,RM 1 000 per month,Kuala Lumpur - Kepong,Apartment,3,,2,955 sq.ft.,Partially Furnished,"Security, Playground, Swimming Pool, Parking",,Kuala Lumpur
96409547,Teratai Mewah Apartment,,RM 850 per month,Kuala Lumpur - Setapak,Apartment,3,,1,650 sq.ft.,Not Furnished,"Playground, Parking, Security, Lift",Cooking Allowed,Kuala Lumpur
100319208,Bangsar Permai,1998,RM 2 500 per month,Kuala Lumpur - Bangsar,Condominium,3,,2,1000 sq.ft.,Fully Furnished,"Parking, Security, Swimming Pool, Playground, Gymnasium, Lift, Minimart, Club house","Air-Cond, Cooking Allowed, Near KTM/LRT, Washing Machine",Kuala Lumpur
99884824,Bayu Tasik 2,1998,RM 1 500 per month,Kuala Lumpur - Cheras,Condominium,3,1,2,1000 sq.ft.,Fully Furnished,"Parking, Swimming Pool, Playground, Gymnasium, Security, Lift, Barbeque area, Multipurpose hall, Jogging Track","Air-Cond, Cooking Allowed, Washing Machine, Near KTM/LRT",Kuala Lumpur
99263112,Platinum Oug Residence,,RM 1 650 per month,Kuala Lumpur - Bukit Jalil,Condominium,3,1,2,1200 sq.ft.,Fully Furnished,"Parking, Security, Lift, Playground, Barbeque area, Multipurpose hall, Minimart, Jogging Track, Swimming Pool, Gymnasium","Cooking Allowed, Near KTM/LRT, Washing Machine, Air-Cond",Kuala Lumpur
100318968,M Centura,2021,RM 2 500 per month,Kuala Lumpur - Sentul,Service Residence,3,1,2,850 sq.ft.,Partially Furnished,"Parking, Security, Lift, Swimming Pool, Playground, Gymnasium, Multipurpose hall","Cooking Allowed, Washing Machine",Kuala Lumpur
100032198,Casa Idaman,2010,RM 1 500 per month,Kuala Lumpur - Jalan Ipoh,Condominium,3,2,2,1062 sq.ft.,Partially Furnished,,,Kuala Lumpur
99994730,Flat Taman Bukit Angkasa,,RM 1 200 per month,Kuala Lumpur - Bangsar South,Flat,3,,2,700 sq.ft.,Partially Furnished,Minimart,"Cooking Allowed, Near KTM/LRT",Kuala Lumpur
99424623,Platinum Lake PV 21,,RM 1 500 per month,Kuala Lumpur - Setapak,Service Residence,3,,2,1040 sq.ft.,Partially Furnished,"Parking, Gymnasium, Security, Lift, Swimming Pool, Multipurpose hall","Cooking Allowed, Near KTM/LRT, Washing Machine",Kuala Lumpur
95987225,Platinum Lake PV 20,,RM 1 500 per month,Kuala Lumpur - Setapak,Condominium,4,2,2,1333 sq.ft.,Partially Furnished,,"Cooking Allowed, Washing Machine, Near KTM/LRT",Kuala Lumpur
98048623,M Vertica,2023,RM 1 800 per month,Kuala Lumpur - Cheras,Condominium,3,,2,850 sq.ft.,Partially Furnished,"Parking, Playground, Swimming Pool, Jogging Track, Barbeque area, Lift, Security, Tennis Court, Multipurpose hall, Gymnasium","Air-Cond, Cooking Allowed, Near KTM/LRT, Washing Machine",Kuala Lumpur
100251282,Impian Kota,,RM 1 500 per month,Kuala Lumpur - KL City,Apartment,3,1,2,1100 sq.ft.,Partially Furnished,Parking,Near KTM/LRT,Kuala Lumpur
100318477,Desa Dua Aman Puri,1990,RM 850 per month,Kuala Lumpur - Kepong,Apartment,3,1,2,850 sq.ft.,Not Furnished,"Security, Minimart, Jogging Track, Parking, Swimming Pool, Lift, Playground",Cooking Allowed,Kuala Lumpur
100318476,The Andes Condo Villa @ Bukit Jalil,2018,RM 3 700 per month,Kuala Lumpur - Bukit Jalil,Condominium,3,2,2,1325 sq.ft.,Fully Furnished,,,Kuala Lumpur
100318578,Kepong Sentral Condominium,2007,RM 999 per month,Kuala Lumpur - Kepong,Condominium,3,1,2,962 sq.ft.,Not Furnished,"Security, Minimart, Playground, Squash Court, Jogging Track, Lift, Parking, Swimming Pool, Tennis Court, Gymnasium",,Kuala Lumpur
100318535,Nuri Court,,RM 1 500 per month,Kuala Lumpur - Pandan Indah,Apartment,3,,2,900 sq.ft.,Fully Furnished,"Parking, Security","Air-Cond, Cooking Allowed, Near KTM/LRT, Washing Machine",Kuala Lumpur
100318501,The Hipster @ Taman Desa,2022,RM 2 100 per month,Kuala Lumpur - Taman Desa,Condominium,3,2,2,925 sq.ft.,Fully Furnished,"Security, Minimart, Swimming Pool, Squash Court, Lift, Parking, Playground, Gymnasium, Barbeque area, Sauna, Multipurpose hall","Cooking Allowed, Air-Cond, Near KTM/LRT, Washing Machine, Internet",Kuala Lumpur
100318448,Mont Kiara Astana,1998,RM 4 500 per month,Kuala Lumpur - Mont Kiara,Condominium,4,,3,1690 sq.ft.,Fully Furnished,"Playground, Barbeque area, Parking, Security, Swimming Pool, Tennis Court, Lift, Gymnasium, Sauna, Multipurpose hall","Air-Cond, Cooking Allowed, Washing Machine, Internet",Kuala Lumpur
100250824,Sentrio Suites,2017,RM 1 550 per month,Kuala Lumpur - Desa Pandan,Service Residence,1,1,1,570 sq.ft.,Fully Furnished,"Parking, Security, Lift, Swimming Pool, Playground, Gymnasium","Air-Cond, Cooking Allowed, Washing Machine",Kuala Lumpur
100318198,Majestic Maxim,2021,RM 2 300 per month,Kuala Lumpur - Cheras,Service Residence,3,,2,1050 sq.ft.,Fully Furnished,"Swimming Pool, Gymnasium, Barbeque area, Security, Playground, Lift, Jogging Track, Parking","Air-Cond, Cooking Allowed, Near KTM/LRT, Washing Machine",Kuala Lumpur
100318196,Tiara Mutiara 2,2017,RM 1 500 per month,Kuala Lumpur - Old Klang Road,Service Residence,3,,2,900 sq.ft.,Partially Furnished,"Sauna, Multipurpose hall, Playground, Swimming Pool, Gymnasium, Security","Air-Cond, Cooking Allowed, Near KTM/LRT",Kuala Lumpur
100258228,PV9 Residences @ Taman Melati,2022,RM 2 499 per month,Kuala Lumpur - Setapak,Service Residence,4,3,2,1100 sq.ft.,Partially Furnished,"Security, Parking, Lift, Swimming Pool, Playground, Minimart, Gymnasium","Air-Cond, Cooking Allowed, Washing Machine, Near KTM/LRT",Kuala Lumpur
99906090,Bukit Pandan 2,,RM 1 450 per month,Kuala Lumpur - Cheras,Condominium,3,1,2,1150 sq.ft.,Fully Furnished,"Parking, Security, Lift, Swimming Pool, Playground, Gymnasium, Barbeque area, Minimart, Multipurpose hall, Squash Court, Tennis Court, Jogging Track","Air-Cond, Cooking Allowed, Near KTM/LRT, Washing Machine",Kuala Lumpur
100198517,Angkasa Impian 1,2004,RM 4 000 per month,Kuala Lumpur - Bukit Bintang,Condominium,4,,4,2200 sq.ft.,Fully Furnished,"Sauna, Playground, Gymnasium, Swimming Pool, Parking, Squash Court, Security, Barbeque area","Air-Cond, Cooking Allowed, Washing Machine, Internet",Kuala Lumpur
100318097,Majestic Maxim,2021,RM 1 100 per month,Kuala Lumpur - Cheras,Service Residence,2,,2,650 sq.ft.,Partially Furnished,"Gymnasium, Jogging Track, Lift, Playground, Parking, Security, Swimming Pool, Barbeque area",,Kuala Lumpur
100318185,Majestic Maxim,2021,RM 1 750 per month,Kuala Lumpur - Cheras,Service Residence,3,1,2,819 sq.ft.,Partially Furnished,"Swimming Pool, Jogging Track, Barbeque area, Security, Playground, Lift, Parking, Gymnasium, Sauna, Minimart, Multipurpose hall","Air-Cond, Near KTM/LRT, Cooking Allowed",Kuala Lumpur
100231705,EkoCheras Service Apartment,2017,RM 1 800 per month,Kuala Lumpur - Cheras,Service Residence,1,1,2,762 sq.ft.,Partially Furnished,"Minimart, Barbeque area, Parking, Swimming Pool, Gymnasium, Lift, Sauna, Playground, Security, Jogging Track",,Kuala Lumpur
100317989,Apartment Sentul,,RM 1 700 per month,Kuala Lumpur - Sentul,Apartment,2,1,2,743 sq.ft.,Fully Furnished,"Parking, Security, Lift, Swimming Pool, Playground, Multipurpose hall, Minimart, Barbeque area, Sauna, Gymnasium, Club house, Jogging Track, Tennis Court, Squash Court","Air-Cond, Cooking Allowed, Near KTM/LRT, Washing Machine",Kuala Lumpur
100317959,Camellia,2014,RM 2 200 per month,Kuala Lumpur - Bangsar South,Condominium,1,1,1,638 sq.ft.,Fully Furnished,"Club house, Playground, Parking, Security, Swimming Pool",,Kuala Lumpur
100317753,Bayu @ Pandan Jaya,2015,RM 1 700 per month,Kuala Lumpur - Pandan Jaya,Condominium,3,1,2,1072 sq.ft.,Partially Furnished,"Parking, Playground, Gymnasium, Security, Swimming Pool, Multipurpose hall, Club house","Air-Cond, Cooking Allowed, Near KTM/LRT",Kuala Lumpur
100317749,Casa Green (Bukit Jalil),,RM 2 000 per month,Kuala Lumpur - Bukit Jalil,Condominium,4,1,2,900 sq.ft.,Fully Furnished,"Parking, Security, Lift, Swimming Pool, Playground, Gymnasium, Minimart","Air-Cond, Cooking Allowed, Near KTM/LRT, Washing Machine",Kuala Lumpur
100317885,10 Semantan,2006,RM 1 948 per month,Kuala Lumpur - Damansara Heights,Service Residence,2,1,2,990 sq.ft.,Fully Furnished,"Parking, Sauna, Security, Gymnasium, Minimart, Swimming Pool, Barbeque area, Lift, Playground","Cooking Allowed, Air-Cond, Near KTM/LRT, Washing Machine",Kuala Lumpur
100317639,Impiana Sky Residensi,2021,RM 1 300 per month,Kuala Lumpur - Bukit Jalil,Apartment,3,1,2,850 sq.ft.,Partially Furnished,"Security, Playground, Multipurpose hall, Parking, Lift","Air-Cond, Cooking Allowed",Kuala Lumpur
100317852,M Vertica,2023,RM 2 200 per month,Kuala Lumpur - Cheras,Condominium,3,2,2,850 sq.ft.,Fully Furnished,"Security, Playground, Swimming Pool, Parking, Tennis Court, Jogging Track, Lift, Barbeque area, Multipurpose hall, Gymnasium, Sauna, Minimart","Air-Cond, Cooking Allowed, Near KTM/LRT",Kuala Lumpur
100317846,Damai Hillpark,2015,RM 1 600 per month,Kuala Lumpur - Bandar Damai Perdana,Service Residence,3,2,2,1020 sq.ft.,Partially Furnished,"Parking, Security, Lift, Swimming Pool, Playground, Gymnasium, Minimart","Air-Cond, Cooking Allowed, Washing Machine",Kuala Lumpur
100208556,Vista Langkawi @ PV18,,RM 1 300 per month,Kuala Lumpur - Setapak,Service Residence,3,1,2,926 sq.ft.,Not Furnished,,,Kuala Lumpur
99984580,Platinum Lake PV 13,,RM 2 400 per month,Kuala Lumpur - Setapak,Condominium,3,2,2,1313 sq.ft.,Partially Furnished,"Parking, Minimart, Club house, Swimming Pool, Sauna, Security, Playground, Gymnasium, Barbeque area",,Kuala Lumpur
100317596,Majestic Maxim,2021,RM 1 400 per month,Kuala Lumpur - Cheras,Service Residence,3,,2,850 sq.ft.,Not Furnished,,"Air-Cond, Cooking Allowed, Near KTM/LRT",Kuala Lumpur
99363260,,,RM 2 500 per month,Kuala Lumpur - Segambut,Condominium,3,2,3,1537 sq.ft.,Fully Furnished,"Jogging Track, Parking, Gymnasium, Swimming Pool, Multipurpose hall, Sauna, Security, Playground, Barbeque area, Minimart, Lift","Air-Cond, Cooking Allowed, Washing Machine",Kuala Lumpur
100317790,1 Razak Mansion,,RM 1 200 per month,Kuala Lumpur - Sungai Besi,Condominium,3,,2,800 sq.ft.,Not Furnished,"Lift, Multipurpose hall, Security, Parking, Swimming Pool",Cooking Allowed,Kuala Lumpur
100317778,Putra Villa,2007,RM 1 800 per month,Kuala Lumpur - Setapak,Condominium,3,,2,1066 sq.ft.,Fully Furnished,"Parking, Security, Lift, Swimming Pool, Playground, Minimart","Air-Cond, Cooking Allowed, Near KTM/LRT, Washing Machine",Kuala Lumpur
99662226,Vina Versatile Homes,2016,RM 1 400 per month,Kuala Lumpur - Cheras,Studio,1,1,1,450 sq.ft.,Fully Furnished,"Parking, Security, Lift, Swimming Pool, Playground, Multipurpose hall, Minimart, Gymnasium, Jogging Track, Tennis Court","Air-Cond, Near KTM/LRT, Cooking Allowed",Kuala Lumpur
99912677,M Vertica,2023,RM 1 800 per month,Kuala Lumpur - Cheras,Condominium,3,,2,850 sq.ft.,Partially Furnished,"Tennis Court, Barbeque area, Jogging Track, Multipurpose hall, Swimming Pool, Parking, Security, Playground, Lift","Air-Cond, Near KTM/LRT",Kuala Lumpur
99947710,PV9 Residences @ Taman Melati,2022,RM 550 per month,Kuala Lumpur - Setapak,Service Residence,4,,3,1300 sq.ft.,Partially Furnished,"Parking, Security, Lift, Swimming Pool, Playground, Gymnasium, Sauna, Barbeque area, Minimart, Multipurpose hall, Club house","Air-Cond, Cooking Allowed, Near KTM/LRT, Washing Machine, Internet",Kuala Lumpur
100317570,Residensi Jalilmas,,RM 1 000 per month,Kuala Lumpur - Bukit Jalil,Apartment,3,1,2,800 sq.ft.,Partially Furnished,"Parking, Minimart, Multipurpose hall, Security, Lift","Cooking Allowed, Near KTM/LRT",Kuala Lumpur
100317353,Sri Putramas,2004,RM 1 500 per month,Kuala Lumpur - Jalan Kuching,Condominium,3,1,2,1100 sq.ft.,Partially Furnished,"Playground, Sauna, Security, Parking, Tennis Court, Barbeque area, Gymnasium, Minimart, Swimming Pool, Lift",Air-Cond,Kuala Lumpur
100317337,Sri Putramas,2004,RM 1 600 per month,Kuala Lumpur - Jalan Kuching,Condominium,3,1,2,1100 sq.ft.,Fully Furnished,"Playground, Sauna, Security, Parking, Tennis Court, Barbeque area, Gymnasium, Minimart, Swimming Pool, Lift","Air-Cond, Washing Machine",Kuala Lumpur
100317317,Pangsapuri Melur (Sentul),2006,RM 1 400 per month,Kuala Lumpur - Sentul,Apartment,3,1,2,650 sq.ft.,Partially Furnished,"Parking, Security, Lift, Swimming Pool, Playground, Minimart, Multipurpose hall, Tennis Court","Air-Cond, Cooking Allowed, Near KTM/LRT",Kuala Lumpur
100317514,Platinum OUG Residence,2021,RM 1 800 per month,Kuala Lumpur - Kuchai Lama,Condominium,3,1,2,1200 sq.ft.,Fully Furnished,"Playground, Security, Lift, Parking","Air-Cond, Cooking Allowed, Near KTM/LRT, Washing Machine",Kuala Lumpur
100317509,Majestic Maxim,2021,RM 1 100 per month,Kuala Lumpur - Cheras,Service Residence,2,,2,650 sq.ft.,Not Furnished,"Gymnasium, Jogging Track, Lift, Playground, Parking, Security, Swimming Pool, Barbeque area","Air-Cond, Cooking Allowed, Near KTM/LRT",Kuala Lumpur
99958032,Majestic Maxim,2021,RM 1 488 per month,Kuala Lumpur - Cheras,Service Residence,3,1,2,819 sq.ft.,Partially Furnished,"Lift, Playground, Gymnasium, Parking, Security, Swimming Pool, Barbeque area, Jogging Track","Air-Cond, Cooking Allowed, Near KTM/LRT",Kuala Lumpur
99887598,vista wirajaya 2,,RM 1 500 per month,Kuala Lumpur - Setapak,Condominium,3,1,2,850 sq.ft.,Not Furnished,,,Kuala Lumpur
100253318,Danau Kota Suite Apartments,2018,RM 2 200 per month,Kuala Lumpur - Setapak,Apartment,3,1,2,829 sq.ft.,Fully Furnished,"Playground, Security, Minimart, Jogging Track, Parking, Swimming Pool, Gymnasium, Lift",,Kuala Lumpur
100317301,Anjung Hijau,,RM 1 400 per month,Kuala Lumpur - Bukit Jalil,Condominium,2,1,2,980 sq.ft.,Fully Furnished,"Minimart, Playground, Security, Barbeque area, Parking, Jogging Track, Lift","Air-Cond, Cooking Allowed, Near KTM/LRT, Washing Machine",Kuala Lumpur
100317300,Sri Putramas,2004,RM 1 500 per month,Kuala Lumpur - Jalan Kuching,Condominium,3,2,2,1100 sq.ft.,Fully Furnished,"Playground, Sauna, Security, Parking, Tennis Court, Barbeque area, Gymnasium, Minimart, Swimming Pool, Lift","Air-Cond, Cooking Allowed, Washing Machine",Kuala Lumpur
100317269,Residensi Pandanmas 1,,RM 1 600 per month,Kuala Lumpur - Desa Pandan,Apartment,3,,2,900 sq.ft.,Fully Furnished,"Jogging Track, Parking, Security, Lift, Minimart, Playground, Sauna, Swimming Pool, Gymnasium","Air-Cond, Cooking Allowed, Washing Machine",Kuala Lumpur
95520885,Awana Puri Condominiums,,RM 1 500 per month,Kuala Lumpur - Cheras,Condominium,3,1,2,1185 sq.ft.,Partially Furnished,,"Air-Cond, Cooking Allowed, Washing Machine, Near KTM/LRT, Internet",Kuala Lumpur
93216410,Sri Pelangi (Jalan Genting Kelang),2003,RM 1 200 per month,Kuala Lumpur - Setapak,Condominium,3,1,2,931 sq.ft.,Partially Furnished,"Parking, Security, Lift, Swimming Pool, Playground, Gymnasium, Barbeque area, Minimart, Multipurpose hall, Jogging Track",Cooking Allowed,Kuala Lumpur
98021559,Taman Miharja Apartment (LRT Miharja),,RM 1 500 per month,Kuala Lumpur - Cheras,Apartment,3,1,2,950 sq.ft.,Partially Furnished,Parking,"Air-Cond, Cooking Allowed, Near KTM/LRT, Washing Machine, Internet",Kuala Lumpur
73348138,,,RM 1 400 per month,Kuala Lumpur - Old Klang Road,Condominium,1,1,2,775 sq.ft.,Fully Furnished,"Swimming Pool, Gymnasium, Minimart, Playground, Jogging Track, Security, 11, Lift, Parking","Air-Cond, Cooking Allowed, Near KTM/LRT, Washing Machine",Kuala Lumpur
100317110,Endah Ria,2000,RM 1 600 per month,Kuala Lumpur - Sri Petaling,Condominium,4,,2,1421 sq.ft.,Partially Furnished,"Parking, Security, Lift, Swimming Pool, Playground","Cooking Allowed, Near KTM/LRT",Kuala Lumpur
100198991,Putra Villa,2007,RM 1 800 per month,Kuala Lumpur - Setapak,Condominium,3,,2,1076 sq.ft.,Fully Furnished,"Parking, Security, Lift, Swimming Pool, Gymnasium, Club house, Minimart","Near KTM/LRT, Cooking Allowed, Washing Machine",Kuala Lumpur
100275203,Kenari Apartment (Taman Melati),,RM 1 600 per month,Kuala Lumpur - Setapak,Apartment,3,,2,900 sq.ft.,Fully Furnished,"Parking, Security, Lift, Swimming Pool, Playground, Gymnasium","Air-Cond, Cooking Allowed, Near KTM/LRT, Washing Machine, Internet",Kuala Lumpur
100317081,Mutiara Magna,,RM 1 000 per month,Kuala Lumpur - Kepong,Apartment,3,,2,750 sq.ft.,Not Furnished,"Security, Parking",,Kuala Lumpur
100247364,Kenari Apartment (Taman Melati),,RM 1 600 per month,Kuala Lumpur - Setapak,Apartment,3,1,2,900 sq.ft.,Fully Furnished,"Parking, Security, Playground","Air-Cond, Cooking Allowed, Washing Machine, Near KTM/LRT",Kuala Lumpur
100285044,The Holmes,,RM 1 600 per month,Kuala Lumpur - Cheras,Condominium,3,2,2,1018 sq.ft.,Partially Furnished,,"Cooking Allowed, Near KTM/LRT, Internet",Kuala Lumpur
100227255,Suasana Lumayan,2015,RM 1 600 per month,Kuala Lumpur - Cheras,Condominium,4,1,2,1142 sq.ft.,Partially Furnished,"Gymnasium, Security, Minimart, Playground, Sauna","Air-Cond, Cooking Allowed, Near KTM/LRT, Washing Machine, Internet",Kuala Lumpur
100317199,"The Park 2, Pavilion Bukit Jalil",2021,RM 3 200 per month,Kuala Lumpur - Bukit Jalil,Service Residence,2,1,2,750 sq.ft.,Fully Furnished,"Swimming Pool, Security, Gymnasium, Playground, Lift, Parking, Minimart","Air-Cond, Cooking Allowed, Washing Machine",Kuala Lumpur
100248702,Seksyen 1 Wangsa Maju Flat,,RM 900 per month,Kuala Lumpur - Wangsa Maju,Flat,2,,1,600 sq.ft.,Partially Furnished,,"Near KTM/LRT, Cooking Allowed",Kuala Lumpur
100080858,Platinum Hill PV 6,2008,RM 1 600 per month,Kuala Lumpur - Setapak,Condominium,4,1,2,1328 sq.ft.,Not Furnished,,,Kuala Lumpur
100082207,M3 Residency,2017,RM 1 700 per month,Kuala Lumpur - Setapak,Service Residence,3,1,2,900 sq.ft.,Fully Furnished,,,Kuala Lumpur
99870341,Platinum Lake PV 13,,RM 1 800 per month,Kuala Lumpur - Setapak,Condominium,4,,2,1313 sq.ft.,Not Furnished,"Security, Club house, Parking, Minimart, Swimming Pool, Barbeque area, Sauna, Playground, Gymnasium",,Kuala Lumpur
100208820,Putra Villa,2007,RM 1 800 per month,Kuala Lumpur - Setapak,Condominium,3,1,2,1067 sq.ft.,Fully Furnished,,,Kuala Lumpur
100317031,TR Residence,,RM 2 500 per month,Kuala Lumpur - Titiwangsa,Service Residence,3,1,2,850 sq.ft.,Fully Furnished,"Barbeque area, Security, Playground, Gymnasium, Swimming Pool, Jogging Track, Multipurpose hall","Air-Cond, Cooking Allowed, Near KTM/LRT, Washing Machine",Kuala Lumpur
100317147,Majestic Maxim,2021,RM 1 300 per month,Kuala Lumpur - Cheras,Service Residence,2,1,2,650 sq.ft.,Partially Furnished,"Gymnasium, Playground, Swimming Pool, Jogging Track, Parking, Security, Barbeque area, Lift","Air-Cond, Near KTM/LRT",Kuala Lumpur
99909032,Genting Court Condominium,1995,RM 1 100 per month,Kuala Lumpur - Setapak,Condominium,3,1,2,820 sq.ft.,Partially Furnished,"Minimart, Parking, Security, Lift, Swimming Pool, Playground, Club house, Tennis Court","Air-Cond, Cooking Allowed",Kuala Lumpur
99975064,Prima Court,,RM 900 per month,Kuala Lumpur - Ampang,Condominium,3,1,2,890 sq.ft.,Partially Furnished,"Playground, Barbeque area, Parking, Security, Swimming Pool, Gymnasium, Sauna, Minimart, Multipurpose hall, Jogging Track, Tennis Court",Cooking Allowed,Kuala Lumpur
100316982,Aliran Damai Apartments,,RM 1 200 per month,Kuala Lumpur - Cheras,Apartment,3,1,2,1006 sq.ft.,Partially Furnished,,"Air-Cond, Cooking Allowed, Near KTM/LRT, Washing Machine",Kuala Lumpur
100316974,Royal Regent (Sri Putramas 3),2013,RM 2 000 per month,Kuala Lumpur - Jalan Kuching,Condominium,3,1,2,1018 sq.ft.,Fully Furnished,"Minimart, Playground, Swimming Pool, Gymnasium, Tennis Court, Sauna, Parking, Security, Lift, Barbeque area, Multipurpose hall, Club house","Air-Cond, Cooking Allowed, Washing Machine",Kuala Lumpur
100316829,Vue Residences,2013,RM 1 700 per month,Kuala Lumpur - Titiwangsa,Service Residence,2,1,1,726 sq.ft.,Partially Furnished,"Gymnasium, Playground, Multipurpose hall, Barbeque area, Security, Swimming Pool, Parking, Lift, Minimart, Tennis Court","Air-Cond, Cooking Allowed, Near KTM/LRT",Kuala Lumpur
100316828,Tasikmas,,RM 1 300 per month,Kuala Lumpur - Bandar Tasik Selatan,Apartment,3,1,2,850 sq.ft.,Fully Furnished,"Parking, Security, Lift","Cooking Allowed, Near KTM/LRT, Washing Machine, Air-Cond",Kuala Lumpur
100316922,Flat Taman Bukit Angkasa,,RM 1 200 per month,Kuala Lumpur - Bangsar South,Flat,3,,1,750 sq.ft.,Not Furnished,,,Kuala Lumpur
100316764,Seksyen 2 Wangsa Maju Flat Block D,,RM 1 200 per month,Kuala Lumpur - Wangsa Maju,Flat,2,,1,520 sq.ft.,Not Furnished,,Near KTM/LRT,Kuala Lumpur
100316742,Alpha Villa,,RM 1 500 per month,Kuala Lumpur - Wangsa Maju,Apartment,3,,2,1070 sq.ft.,Partially Furnished,"Parking, Security, Lift, Playground, Minimart, Multipurpose hall","Air-Cond, Cooking Allowed",Kuala Lumpur
100316756,M Centura,2021,RM 2 500 per month,Kuala Lumpur - Sentul,Service Residence,3,,2,850 sq.ft.,Fully Furnished,"Parking, Security, Lift, Swimming Pool, Playground, Gymnasium, Barbeque area, Minimart, Multipurpose hall, Squash Court","Air-Cond, Cooking Allowed, Near KTM/LRT, Washing Machine",Kuala Lumpur
100316540,Wangsa Maju Seksyen2 Flat Block F,,RM 750 per month,Kuala Lumpur - Wangsa Maju,Flat,2,2,1,580 sq.ft.,Partially Furnished,"Parking, Playground, Gymnasium, Club house, Jogging Track, Squash Court, Multipurpose hall, Minimart, Barbeque area","Cooking Allowed, Near KTM/LRT",Kuala Lumpur
100316527,28 Boulevard,2019,RM 1 700 per month,Kuala Lumpur - Pandan Perdana,Apartment,1,,1,450 sq.ft.,Fully Furnished,"Tennis Court, Lift, Minimart, Squash Court, Jogging Track, Parking, Security, Playground, Swimming Pool, Gymnasium","Air-Cond, Cooking Allowed, Washing Machine, Internet",Kuala Lumpur
100316661,Residensi Pandanmas 2,,RM 1 200 per month,Kuala Lumpur - Desa Pandan,Condominium,3,,2,900 sq.ft.,Not Furnished,"Parking, Jogging Track, Playground, Gymnasium, Security, Swimming Pool, Minimart, Lift",,Kuala Lumpur
100316652,Regalia Residence,2012,RM 2 100 per month,Kuala Lumpur - Jalan Sultan Ismail,Service Residence,1,,1,560 sq.ft.,Fully Furnished,"Playground, Gymnasium, Swimming Pool, Squash Court, Parking","Air-Cond, Cooking Allowed, Washing Machine",Kuala Lumpur
100316636,Pangsapuri Mawar (Sentul),,RM 1 400 per month,Kuala Lumpur - Sentul,Condominium,3,2,2,1010 sq.ft.,Not Furnished,"Security, Minimart, Parking",,Kuala Lumpur
100316599,Casa Kiara 1,,RM 3 000 per month,Kuala Lumpur - Mont Kiara,Condominium,4,2,3,1268 sq.ft.,Fully Furnished,"Parking, Security, Lift, Swimming Pool, Playground, Gymnasium, Sauna, Barbeque area, Minimart, Multipurpose hall, Club house, Jogging Track, Tennis Court, Squash Court","Air-Cond, Cooking Allowed, Near KTM/LRT, Washing Machine, Internet",Kuala Lumpur
100218018,Nusa Mewah Villa Condominium,2014,RM 1 400 per month,Kuala Lumpur - Cheras,Condominium,3,2,2,865 sq.ft.,Fully Furnished,"Playground, Jogging Track, Security, Minimart, Swimming Pool, Parking, Lift, Gymnasium, Barbeque area, Multipurpose hall","Air-Cond, Cooking Allowed, Washing Machine",Kuala Lumpur
100316314,Mizumi Residences,2020,RM 1 400 per month,Kuala Lumpur - Kepong,Service Residence,3,2,2,932 sq.ft.,Partially Furnished,"Jogging Track, Multipurpose hall, Parking, Minimart, Sauna, Club house, Swimming Pool, Gymnasium, Security, Playground, Lift, Barbeque area","Cooking Allowed, Near KTM/LRT",Kuala Lumpur
100316227,Flat Pkns Au3,,RM 650 per month,Kuala Lumpur - Keramat,Flat,2,,1,568 sq.ft.,Partially Furnished,"Playground, Parking, Jogging Track",Cooking Allowed,Kuala Lumpur
100316158,Maxim Citilights,2017,RM 1 350 per month,Kuala Lumpur - Sentul,Service Residence,3,1,2,1095 sq.ft.,Not Furnished,"Parking, Security, Lift, Swimming Pool, Playground, Gymnasium, Sauna, Barbeque area, Minimart, Multipurpose hall, Club house, Jogging Track, Tennis Court, Squash Court","Air-Cond, Cooking Allowed, Near KTM/LRT, Washing Machine, Internet",Kuala Lumpur
76518404,,,RM 1 600 per month,Kuala Lumpur - Old Klang Road,Duplex,1,1,2,775 sq.ft.,Fully Furnished,"Parking, Security, Lift, Swimming Pool, Playground, Gymnasium, Barbeque area, Sauna, Minimart, Multipurpose hall, Jogging Track","Air-Cond, Cooking Allowed, Near KTM/LRT, Washing Machine",Kuala Lumpur
87714486,,,RM 1 700 per month,Kuala Lumpur - Old Klang Road,Service Residence,2,1,2,775 sq.ft.,Fully Furnished,"Security, Jogging Track, Parking, Gymnasium, Barbeque area, Swimming Pool, Sauna, Minimart, Playground, Multipurpose hall, Lift","Air-Cond, Cooking Allowed, Near KTM/LRT, Washing Machine",Kuala Lumpur
100250366,Kenanga Point,,RM 1 599 per month,Kuala Lumpur - Pudu,Condominium,3,1,2,900 sq.ft.,Partially Furnished,"Parking, Squash Court, Gymnasium, Barbeque area, Sauna, Security, Playground, Swimming Pool, Tennis Court",,Kuala Lumpur
100316127,Royal Domain Sri Putramas 2,2007,RM 1 880 per month,Kuala Lumpur - Jalan Kuching,Service Residence,3,1,2,1290 sq.ft.,Partially Furnished,"Minimart, Sauna, Swimming Pool, Tennis Court, Jogging Track, Gymnasium, Barbeque area, Security, Playground, Parking, Lift","Air-Cond, Cooking Allowed",Kuala Lumpur
100316108,Villa Crystal,2017,RM 1 800 per month,Kuala Lumpur - Segambut,Condominium,3,2,3,1298 sq.ft.,Partially Furnished,"Jogging Track, Gymnasium, Parking, Sauna, Security, Playground, Swimming Pool",,Kuala Lumpur
100316104,Damansara Foresta,2016,RM 2 000 per month,Kuala Lumpur - Sri Damansara,Condominium,4,2,3,1492 sq.ft.,Partially Furnished,"Minimart, Jogging Track, Barbeque area, Club house, Swimming Pool, Sauna, Parking, Security, Playground",,Kuala Lumpur
100316101,Damansara Foresta,2016,RM 2 800 per month,Kuala Lumpur - Sri Damansara,Condominium,3,2,3,1610 sq.ft.,Fully Furnished,"Minimart, Jogging Track, Barbeque area, Club house, Swimming Pool, Sauna, Parking, Security, Playground",,Kuala Lumpur
98738510,Tuan Residency,,RM 1 800 per month,Kuala Lumpur - Jalan Kuching,Service Residence,3,1,2,1105 sq.ft.,Fully Furnished,"Parking, Security, Lift, Swimming Pool, Playground, Gymnasium, Sauna, Barbeque area, Minimart, Multipurpose hall, Club house, Jogging Track, Tennis Court, Squash Court","Air-Cond, Cooking Allowed, Near KTM/LRT, Washing Machine, Internet",Kuala Lumpur
100003084,PPA1M Bukit Jalil,,RM 1 300 per month,Kuala Lumpur - Bukit Jalil,Apartment,4,1,2,1200 sq.ft.,Not Furnished,"Parking, Security, Lift","Air-Cond, Cooking Allowed, Near KTM/LRT, Washing Machine, Internet",Kuala Lumpur
100315810,Vista Angkasa,,RM 1 800 per month,Kuala Lumpur - Bangsar South,Apartment,3,,2,1200 sq.ft.,Partially Furnished,"Swimming Pool, Jogging Track, Parking, Security, Minimart","Cooking Allowed, Near KTM/LRT",Kuala Lumpur
100172151,Suasana Lumayan,2015,RM 1 800 per month,Kuala Lumpur - Cheras,Condominium,4,,2,1142 sq.ft.,Partially Furnished,"Minimart, Gymnasium, Playground, Sauna, Security",Cooking Allowed,Kuala Lumpur
100315773,Menara Sri Cendana,,RM 1 500 per month,Kuala Lumpur - Setiawangsa,Apartment,3,,1,874 sq.ft.,Partially Furnished,,,Kuala Lumpur
100315645,Residensi Tasikmas,,RM 1 300 per month,Kuala Lumpur - Cheras,Apartment,3,,2,850 sq.ft.,Fully Furnished,,,Kuala Lumpur
100315606,Bayu Tasik 1,1999,RM 1 200 per month,Kuala Lumpur - Cheras,Condominium,3,2,2,975 sq.ft.,Partially Furnished,"Security, Minimart, Swimming Pool, Parking, Gymnasium, Barbeque area, Playground, Lift, Multipurpose hall","Cooking Allowed, Near KTM/LRT",Kuala Lumpur
95891322,Cheria Heights Condo / Apartments,,RM 600 per month,Kuala Lumpur - Cheras,Apartment,3,,1,700 sq.ft.,Not Furnished,"Security, Playground, Parking, Lift, Minimart","Cooking Allowed, Near KTM/LRT",Kuala Lumpur
100315556,The Nest Residence @ Genting Klang,,RM 1 499 per month,Kuala Lumpur - Setapak,Service Residence,2,1,1,700 sq.ft.,Fully Furnished,"Minimart, Tennis Court, Jogging Track, Gymnasium, Lift, Security, Playground, Swimming Pool, Parking, Squash Court","Air-Cond, Cooking Allowed, Near KTM/LRT, Internet",Kuala Lumpur
100315549,Residensi Pandanmas 2,,RM 1 300 per month,Kuala Lumpur - Desa Pandan,Apartment,3,,2,900 sq.ft.,Fully Furnished,"Minimart, Playground, Gymnasium, Jogging Track, Security, Swimming Pool, Parking",,Kuala Lumpur
100315537,Residensi Pandanmas 2,,RM 1 000 per month,Kuala Lumpur - Desa Pandan,Apartment,3,,2,900 sq.ft.,Partially Furnished,"Parking, Security, Minimart, Swimming Pool, Playground, Gymnasium, Jogging Track",,Kuala Lumpur
100315337,Majestic Maxim,2021,RM 1 400 per month,Kuala Lumpur - Cheras,Service Residence,2,2,2,650 sq.ft.,Not Furnished,"Parking, Gymnasium, Jogging Track, Lift, Barbeque area, Security, Swimming Pool, Playground","Air-Cond, Near KTM/LRT, Cooking Allowed",Kuala Lumpur
100315340,Pangsapuri Sri Penara,,RM 900 per month,Kuala Lumpur - Cheras,Flat,3,,2,650 sq.ft.,Not Furnished,"Parking, Jogging Track, Minimart, Security",,Kuala Lumpur
100315514,Permai Ria @ Bukit Ampang Permai,,RM 900 per month,Kuala Lumpur - Ampang,Flat,3,,2,680 sq.ft.,Partially Furnished,"Jogging Track, Lift, Playground, Minimart",Cooking Allowed,Kuala Lumpur
100315492,Residensi Alam Damai (PR1MA @ Alam Damai),,RM 1 300 per month,Kuala Lumpur - Cheras,Apartment,3,2,2,1000 sq.ft.,Partially Furnished,"Parking, Security, Lift, Playground, Gymnasium, Sauna, Barbeque area, Minimart, Multipurpose hall, Club house, Jogging Track",Cooking Allowed,Kuala Lumpur
100315490,Blok Desa Awana Apartment,,RM 1 000 per month,Kuala Lumpur - Cheras,Flat,3,,2,700 sq.ft.,Fully Furnished,,,Kuala Lumpur
100315486,Sky Awani Residensi,,RM 1 550 per month,Kuala Lumpur - Sentul,Condominium,3,,2,900 sq.ft.,Partially Furnished,"Barbeque area, Swimming Pool, Security, Minimart, Playground, Parking, Lift, Gymnasium, Multipurpose hall, Jogging Track",Air-Cond,Kuala Lumpur
100315430,The Address @ Taman Desa,2022,RM 3 300 per month,Kuala Lumpur - Taman Desa,Condominium,4,2,3,1118 sq.ft.,Fully Furnished,"Swimming Pool, Gymnasium, Parking, Security, Barbeque area, Sauna, Minimart, Jogging Track, Lift","Air-Cond, Cooking Allowed, Near KTM/LRT, Washing Machine, Internet",Kuala Lumpur
98145596,Regalia Residence,2012,RM 2 600 per month,Kuala Lumpur - Jalan Sultan Ismail,Service Residence,2,1,1,805 sq.ft.,Fully Furnished,"Playground, Gymnasium, Parking, Swimming Pool, Squash Court, Security, Lift, Minimart","Air-Cond, Cooking Allowed, Washing Machine, Near KTM/LRT",Kuala Lumpur
83543103,The Scott Garden,2011,RM 1 400 per month,Kuala Lumpur - Old Klang Road,Duplex,1,1,1,775 sq.ft.,Partially Furnished,,"Air-Cond, Cooking Allowed, Near KTM/LRT, Washing Machine",Kuala Lumpur
100315398,Casa Idaman,2010,RM 1 700 per month,Kuala Lumpur - Jalan Ipoh,Condominium,3,1,2,1300 sq.ft.,Partially Furnished,"Parking, Security, Lift, Swimming Pool, Playground, Gymnasium, Barbeque area, Minimart","Air-Cond, Cooking Allowed, Near KTM/LRT",Kuala Lumpur
100175889,216 Residences,2022,RM 1 800 per month,Kuala Lumpur - Kuchai Lama,Service Residence,2,1,2,804 sq.ft.,Fully Furnished,"Swimming Pool, Multipurpose hall, Security, Sauna, Gymnasium, Parking, Lift, Playground, Barbeque area",,Kuala Lumpur
100315363,Bandar Baru Sentul,,RM 850 per month,Kuala Lumpur - Sentul,Apartment,2,1,1,570 sq.ft.,Not Furnished,,,Kuala Lumpur
99686286,PPA1M Mercu Jalil,,RM 1 300 per month,Kuala Lumpur - Bukit Jalil,Apartment,4,1,2,1434 sq.ft.,Partially Furnished,"Parking, Security, Lift, Swimming Pool, Playground, Gymnasium, Sauna, Barbeque area, Minimart, Multipurpose hall, Club house, Jogging Track, Tennis Court, Squash Court","Air-Cond, Cooking Allowed, Near KTM/LRT, Washing Machine, Internet",Kuala Lumpur
100195328,Residensi Jalilmas,,RM 1 200 per month,Kuala Lumpur - Bukit Jalil,Apartment,3,1,2,850 sq.ft.,Partially Furnished,"Parking, Security, Lift, Swimming Pool, Playground, Gymnasium, Sauna, Barbeque area, Minimart, Multipurpose hall, Club house, Jogging Track, Tennis Court, Squash Court","Air-Cond, Cooking Allowed, Near KTM/LRT, Washing Machine, Internet",Kuala Lumpur
100314994,The Era,2021,RM 2 800 per month,Kuala Lumpur - Segambut,Service Residence,3,2,2,1033 sq.ft.,Fully Furnished,"Gymnasium, Playground, Barbeque area, Sauna, Swimming Pool, Jogging Track, Parking, Security","Air-Cond, Cooking Allowed",Kuala Lumpur
99874264,Segar Apartments,,RM 1 000 per month,Kuala Lumpur - Cheras,Apartment,3,1,2,950 sq.ft.,Partially Furnished,"Parking, Security, Playground, Lift, Minimart","Air-Cond, Cooking Allowed, Near KTM/LRT",Kuala Lumpur
99738981,Sri Penara,,RM 800 per month,Kuala Lumpur - Cheras,Apartment,3,,2,650 sq.ft.,Not Furnished,"Minimart, Playground, Parking, Lift, Security",Near KTM/LRT,Kuala Lumpur
100314931,The Meritz,2008,RM 3 800 per month,Kuala Lumpur - Ampang,Condominium,2,,2,1400 sq.ft.,Fully Furnished,"Playground, Swimming Pool, Sauna, Parking, Minimart, Jogging Track, Lift, Security, Gymnasium, Squash Court",,Kuala Lumpur
100314911,Casa Mutiara,2007,RM 2 000 per month,Kuala Lumpur - Bukit Bintang,Service Residence,2,,2,900 sq.ft.,Fully Furnished,"Playground, Gymnasium, Barbeque area, Sauna, Parking, Security, Swimming Pool",,Kuala Lumpur
100314730,Residensi Hijauan Lumayan,2018,RM 1 200 per month,Kuala Lumpur - Sungai Besi,Apartment,3,1,2,1035 sq.ft.,Partially Furnished,"Security, Playground, Gymnasium, Parking, Swimming Pool, Multipurpose hall, Lift","Air-Cond, Cooking Allowed, Near KTM/LRT",Kuala Lumpur
100226453,Greenview Apartments,,RM 1 000 per month,Kuala Lumpur - Kepong,Apartment,5,,2,850 sq.ft.,Not Furnished,"Security, Minimart, Parking, Lift",Cooking Allowed,Kuala Lumpur
100314698,Sri Putramas,2004,RM 1 500 per month,Kuala Lumpur - Jalan Kuching,Condominium,3,,2,1050 sq.ft.,Partially Furnished,"Barbeque area, Swimming Pool, Sauna, Minimart, Tennis Court, Parking, Security, Playground, Gymnasium, Lift, Squash Court, Club house, Multipurpose hall, Jogging Track","Cooking Allowed, Air-Cond, Washing Machine",Kuala Lumpur
100314685,M Vertica,2023,RM 2 300 per month,Kuala Lumpur - Cheras,Condominium,4,2,3,1000 sq.ft.,Partially Furnished,"Parking, Jogging Track, Barbeque area, Security, Swimming Pool, Lift, Multipurpose hall, Playground, Tennis Court","Air-Cond, Cooking Allowed, Near KTM/LRT",Kuala Lumpur
99251712,,,RM 1 499 per month,Kuala Lumpur - Sentul,Service Residence,3,1,2,948 sq.ft.,Partially Furnished,"Security, Minimart, Playground, Jogging Track, Gymnasium, Club house, Multipurpose hall, Parking, Squash Court, Lift, Swimming Pool, Barbeque area","Cooking Allowed, Air-Cond",Kuala Lumpur
100314815,Bayu Tasik 1,1999,RM 1 400 per month,Kuala Lumpur - Cheras,Condominium,3,1,2,920 sq.ft.,Partially Furnished,"Security, Minimart, Swimming Pool, Parking, Gymnasium, Barbeque area, Playground",,Kuala Lumpur
100314485,Pangsapuri Melur (Sentul),2006,RM 1 750 per month,Kuala Lumpur - Sentul,Apartment,3,1,2,1010 sq.ft.,Fully Furnished,"Parking, Security, Lift, Playground, Minimart, Multipurpose hall, Jogging Track","Air-Cond, Cooking Allowed, Near KTM/LRT, Washing Machine",Kuala Lumpur
100274489,One Maxim,2020,RM 1 700 per month,Kuala Lumpur - Sentul,Apartment,3,1,2,819 sq.ft.,Fully Furnished,"Parking, Security, Lift, Swimming Pool, Playground, Gymnasium, Sauna, Barbeque area, Multipurpose hall","Cooking Allowed, Near KTM/LRT, Washing Machine",Kuala Lumpur
100314660,Maxim Citilights,2017,RM 1 350 per month,Kuala Lumpur - Sentul,Service Residence,3,1,2,1150 sq.ft.,Partially Furnished,"Jogging Track, Parking, Security, Lift, Swimming Pool, Playground, Gymnasium, Sauna, Barbeque area, Minimart, Multipurpose hall",Cooking Allowed,Kuala Lumpur
100314646,Pangsapuri Bukit Baru,,RM 750 per month,Kuala Lumpur - Keramat,Apartment,3,2,2,722 sq.ft.,Not Furnished,"Parking, Lift, Playground, Minimart","Cooking Allowed, Near KTM/LRT, Washing Machine",Kuala Lumpur
100314619,OUG Parklane,,RM 1 600 per month,Kuala Lumpur - OUG,Apartment,3,2,2,950 sq.ft.,Fully Furnished,"Parking, Security, Squash Court, Swimming Pool, Playground, Sauna, Minimart","Air-Cond, Cooking Allowed, Near KTM/LRT, Washing Machine",Kuala Lumpur
100314405,Royal Regent (Sri Putramas 3),2013,RM 1 800 per month,Kuala Lumpur - Jalan Kuching,Condominium,2,1,2,880 sq.ft.,Fully Furnished,"Playground, Gymnasium, Minimart, Sauna, Swimming Pool, Parking, Security, Lift, Multipurpose hall, Barbeque area, Squash Court","Air-Cond, Cooking Allowed, Washing Machine",Kuala Lumpur
100198015,PV9 Residences @ Taman Melati,2022,RM 1 800 per month,Kuala Lumpur - Setapak,Service Residence,3,1,2,850 sq.ft.,Partially Furnished,"Lift, Security, Parking, Gymnasium, Swimming Pool, Playground, Multipurpose hall","Near KTM/LRT, Cooking Allowed",Kuala Lumpur
100102985,Vista Angkasa,,RM 1 300 per month,Kuala Lumpur - Bangsar South,Apartment,2,1,2,555 sq.ft.,Partially Furnished,"Parking, Minimart, Swimming Pool, Jogging Track, Security","Cooking Allowed, Near KTM/LRT",Kuala Lumpur
100225460,Hartamas Regency II,2007,RM 5 800 per month,Kuala Lumpur - Mont Kiara,Condominium,7,3,7,3488 sq.ft.,Partially Furnished,"Minimart, Playground, Barbeque area, Multipurpose hall, Swimming Pool, Parking, Security, Tennis Court, Sauna, Gymnasium, Squash Court","Cooking Allowed, Near KTM/LRT, Air-Cond",Kuala Lumpur
100314147,Arte Plus Jalan Ampang,2018,RM 1 500 per month,Kuala Lumpur - Ampang,Service Residence,1,1,1,680 sq.ft.,Fully Furnished,"Parking, Security, Lift, Swimming Pool, Playground, Gymnasium, Sauna, Barbeque area, Minimart, Multipurpose hall, Club house, Jogging Track","Air-Cond, Cooking Allowed, Near KTM/LRT, Washing Machine",Kuala Lumpur
100314312,Impiana Sky Residensi,2021,RM 1 250 per month,Kuala Lumpur - Bukit Jalil,Apartment,3,,2,850 sq.ft.,Partially Furnished,"Security, Parking, Gymnasium, Playground, Multipurpose hall",,Kuala Lumpur
100207334,M Centura,2021,RM 2 800 per month,Kuala Lumpur - Sentul,Service Residence,3,,2,850 sq.ft.,Fully Furnished,,,Kuala Lumpur
100207869,M Centura,2021,RM 2 500 per month,Kuala Lumpur - Sentul,Service Residence,3,,2,850 sq.ft.,Fully Furnished,,,Kuala Lumpur
100314273,Maxim Residences,2017,RM 1 850 per month,Kuala Lumpur - Cheras,Service Residence,3,1,2,1050 sq.ft.,Fully Furnished,"Swimming Pool, Gymnasium, Security, Parking","Air-Cond, Cooking Allowed, Near KTM/LRT, Washing Machine",Kuala Lumpur
100314272,"The Park 2, Pavilion Bukit Jalil",2021,RM 3 500 per month,Kuala Lumpur - Bukit Jalil,Service Residence,2,,1,750 sq.ft.,Fully Furnished,"Swimming Pool, Gymnasium, Security, Playground, Parking",,Kuala Lumpur
100218337,Platinum Teratai Residence,2019,RM 1 499 per month,Kuala Lumpur - Setapak,Apartment,3,2,2,928 sq.ft.,Partially Furnished,"Playground, Gymnasium, Security, Swimming Pool, Multipurpose hall, Parking, Lift, Barbeque area, Minimart","Air-Cond, Cooking Allowed, Near KTM/LRT",Kuala Lumpur
100296327,Pangsapuri Mawar (Sentul),,RM 1 300 per month,Kuala Lumpur - Sentul,Apartment,3,1,2,1000 sq.ft.,Not Furnished,"Minimart, Parking, Security, Lift, Playground, Jogging Track, Multipurpose hall",Near KTM/LRT,Kuala Lumpur
100133395,Pangsapuri Melur (Sentul),2006,RM 1 500 per month,Kuala Lumpur - Sentul,Apartment,3,1,2,1100 sq.ft.,Partially Furnished,"Parking, Security, Lift, Playground, Minimart, Jogging Track","Air-Cond, Cooking Allowed, Near KTM/LRT",Kuala Lumpur
100314057,Residensi Vista Wirajaya,,RM 1 450 per month,Kuala Lumpur - Setapak,Apartment,3,1,2,850 sq.ft.,Partially Furnished,"Parking, Security, Lift, Swimming Pool, Playground, Barbeque area, Minimart, Multipurpose hall","Cooking Allowed, Near KTM/LRT",Kuala Lumpur
100314051,Suasana Lumayan,2015,RM 1 600 per month,Kuala Lumpur - Cheras,Condominium,3,1,2,1142 sq.ft.,Partially Furnished,"Playground, Gymnasium, Security, Minimart, Sauna, Lift, Parking, Swimming Pool","Air-Cond, Washing Machine",Kuala Lumpur
100314024,KL Gateway Premium Residences,,RM 2 000 per month,Kuala Lumpur - Bangsar South,Service Residence,1,,1,525 sq.ft.,Fully Furnished,"Swimming Pool, Parking, Playground, Security, Gymnasium, Minimart","Washing Machine, Near KTM/LRT, Air-Cond, Internet, Cooking Allowed",Kuala Lumpur
100313974,M Vertica,2023,RM 2 600 per month,Kuala Lumpur - Cheras,Condominium,3,2,2,850 sq.ft.,Fully Furnished,"Parking, Security, Lift, Swimming Pool, Playground, Gymnasium, Sauna, Barbeque area, Minimart, Multipurpose hall, Club house, Jogging Track, Tennis Court, Squash Court","Air-Cond, Cooking Allowed, Near KTM/LRT",Kuala Lumpur
100313954,Ascenda Residences @ SkyArena Setapak,2017,RM 1 700 per month,Kuala Lumpur - Setapak,Condominium,3,2,2,1200 sq.ft.,Partially Furnished,"Multipurpose hall, Parking, Security, Jogging Track, Swimming Pool, Gymnasium, Barbeque area",,Kuala Lumpur
100313951,The Nest Residence @ Genting Klang,,RM 1 500 per month,Kuala Lumpur - Setapak,Condominium,3,1,2,700 sq.ft.,Partially Furnished,"Squash Court, Lift, Minimart, Jogging Track, Parking, Security, Playground, Gymnasium, Tennis Court, Swimming Pool",,Kuala Lumpur
99664479,Vista Wirajaya 2 Residensi @ PV9,,RM 1 500 per month,Kuala Lumpur - Setapak,Service Residence,3,1,2,850 sq.ft.,Partially Furnished,"Parking, Security, Lift, Swimming Pool, Playground, Minimart, Multipurpose hall","Cooking Allowed, Near KTM/LRT",Kuala Lumpur
100287860,Infiniti 3 Residences,,RM 2 500 per month,Kuala Lumpur - Wangsa Maju,Service Residence,3,2,4,1518 sq.ft.,Partially Furnished,"Parking, Security, Lift, Swimming Pool, Playground, Multipurpose hall, Barbeque area, Gymnasium, Jogging Track","Air-Cond, Cooking Allowed, Near KTM/LRT",Kuala Lumpur
99664484,Vista Wirajaya 2 Residensi @ PV9,,RM 1 500 per month,Kuala Lumpur - Setapak,Service Residence,3,1,2,850 sq.ft.,Partially Furnished,"Parking, Security, Lift, Swimming Pool, Playground, Minimart, Multipurpose hall","Cooking Allowed, Near KTM/LRT",Kuala Lumpur
100313933,Lexa Residence @ The Quartz WM,,RM 1 500 per month,Kuala Lumpur - Wangsa Maju,Condominium,3,1,2,700 sq.ft.,Partially Furnished,,,Kuala Lumpur
98877856,Idaman Residence @ KLCC,2016,RM 4 800 per month,Kuala Lumpur - KLCC,Condominium,3,1,4,1717 sq.ft.,Fully Furnished,"Parking, Swimming Pool, Gymnasium, Tennis Court, Security, Jogging Track, Barbeque area, Multipurpose hall, Club house, Lift","Air-Cond, Cooking Allowed, Washing Machine, Near KTM/LRT",Kuala Lumpur
100313889,Setapak Green,2014,RM 1 799 per month,Kuala Lumpur - Setapak,Condominium,4,2,3,1362 sq.ft.,Partially Furnished,,,Kuala Lumpur
100313886,Residensi Vista Wirajaya,,RM 1 550 per month,Kuala Lumpur - Setapak,Apartment,3,1,2,850 sq.ft.,Partially Furnished,"Parking, Security, Lift, Swimming Pool, Playground, Barbeque area","Cooking Allowed, Near KTM/LRT, Washing Machine",Kuala Lumpur
100313885,Majestic Maxim,2021,RM 1 000 per month,Kuala Lumpur - Cheras,Service Residence,3,,2,819 sq.ft.,Partially Furnished,"Gymnasium, Parking, Security, Swimming Pool, Jogging Track, Barbeque area, Playground, Lift, Sauna, Minimart, Multipurpose hall, Club house","Air-Cond, Cooking Allowed, Near KTM/LRT",Kuala Lumpur
99862321,Residensi Sefina Mont Kiara,2019,RM 4 600 per month,Kuala Lumpur - Mont Kiara,Condominium,3,2,2,1548 sq.ft.,Fully Furnished,"Security, Swimming Pool, Playground, Sauna, Gymnasium, Tennis Court, Parking, Lift, Minimart, Barbeque area, Club house","Air-Cond, Cooking Allowed, Washing Machine",Kuala Lumpur
100313848,Villa Danau,,RM 1 250 per month,Kuala Lumpur - Setapak,Apartment,3,1,2,1100 sq.ft.,Partially Furnished,"Parking, Jogging Track, Security, Squash Court, Swimming Pool, Playground, Gymnasium, Sauna, Barbeque area, Multipurpose hall, Club house","Air-Cond, Cooking Allowed, Near KTM/LRT, Washing Machine",Kuala Lumpur
99784415,Residensi Pandanmas 1,,RM 1 500 per month,Kuala Lumpur - Desa Pandan,Apartment,3,1,2,850 sq.ft.,Partially Furnished,"Security, Playground, Swimming Pool, Lift, Parking, Gymnasium, Jogging Track, Sauna, Minimart, Multipurpose hall","Cooking Allowed, Air-Cond, Internet",Kuala Lumpur
100313778,Kenanga Point,,RM 1 700 per month,Kuala Lumpur - Pudu,Condominium,3,1,2,860 sq.ft.,Partially Furnished,"Jogging Track, Tennis Court, Squash Court, Parking, Security, Lift, Swimming Pool, Playground, Gymnasium, Sauna, Minimart, Multipurpose hall","Air-Cond, Cooking Allowed, Near KTM/LRT, Washing Machine",Kuala Lumpur
97976915,,,RM 1 900 per month,Kuala Lumpur - Bangsar South,Condominium,3,1,2,1150 sq.ft.,Partially Furnished,"Gymnasium, Minimart, Playground, Squash Court, Parking, Security, Swimming Pool, Lift, Barbeque area, Jogging Track","Air-Cond, Cooking Allowed, Near KTM/LRT, Washing Machine",Kuala Lumpur
97976574,,,RM 2 100 per month,Kuala Lumpur - Taman Tun Dr Ismail,Condominium,3,1,2,1384 sq.ft.,Partially Furnished,"Club house, Playground, Swimming Pool, Gymnasium, Squash Court, Sauna, Minimart, Barbeque area, Tennis Court, Security, Parking, Jogging Track, Lift, Multipurpose hall","Air-Cond, Cooking Allowed, Near KTM/LRT, Washing Machine",Kuala Lumpur
99579743,M Vertica,2023,RM 2 300 per month,Kuala Lumpur - Cheras,Condominium,3,3,2,850 sq.ft.,Fully Furnished,"Parking, Security, Swimming Pool, Multipurpose hall, Lift, Playground, Jogging Track, Barbeque area, Minimart, Gymnasium","Air-Cond, Cooking Allowed, Near KTM/LRT, Washing Machine",Kuala Lumpur
99777594,Gembira Park,2007,RM 1 250 per month,Kuala Lumpur - Kuchai Lama,Apartment,3,,2,1043 sq.ft.,Partially Furnished,"Parking, Security, Minimart, Playground, Swimming Pool, Lift",Cooking Allowed,Kuala Lumpur
99883028,Aman Putra Apartment,,RM 800 per month,Kuala Lumpur - Kepong,Apartment,3,,2,700 sq.ft.,Partially Furnished,"Minimart, Parking, Lift","Cooking Allowed, Near KTM/LRT",Kuala Lumpur
100184282,Nova 1 Apartment,,RM 1 250 per month,Kuala Lumpur - Kepong,Apartment,2,,1,750 sq.ft.,Fully Furnished,"Parking, Security, Lift, Playground","Cooking Allowed, Air-Cond, Washing Machine",Kuala Lumpur
100263541,Residensi Vista Wirajaya,,RM 1 450 per month,Kuala Lumpur - Setapak,Apartment,3,1,2,850 sq.ft.,Partially Furnished,"Parking, Security, Lift, Swimming Pool, Playground, Barbeque area, Multipurpose hall","Cooking Allowed, Near KTM/LRT",Kuala Lumpur
99980862,Putra Villa,2007,RM 1 800 per month,Kuala Lumpur - Setapak,Condominium,3,1,2,1125 sq.ft.,Fully Furnished,"Parking, Security, Lift, Swimming Pool, Playground, Multipurpose hall, Minimart, Barbeque area, Gymnasium","Air-Cond, Cooking Allowed, Near KTM/LRT, Washing Machine",Kuala Lumpur
99821489,Residensi Vista Wirajaya,,RM 1 650 per month,Kuala Lumpur - Setapak,Apartment,3,1,2,850 sq.ft.,Partially Furnished,"Parking, Security, Lift, Swimming Pool, Playground, Minimart, Multipurpose hall","Cooking Allowed, Near KTM/LRT, Washing Machine",Kuala Lumpur
99821218,Residensi Vista Wirajaya,,RM 1 750 per month,Kuala Lumpur - Setapak,Apartment,3,1,2,850 sq.ft.,Partially Furnished,"Parking, Security, Lift, Swimming Pool, Playground, Minimart, Multipurpose hall","Air-Cond, Cooking Allowed, Near KTM/LRT, Washing Machine",Kuala Lumpur
98180610,Seri sentosa old Klang road,,RM 650 per month,Kuala Lumpur - Old Klang Road,Apartment,3,,1,750 sq.ft.,Not Furnished,"Parking, Minimart",,Kuala Lumpur
95364037,Taman Desa Cheras,,RM 700 per month,Kuala Lumpur - Cheras,Flat,2,,1,570 sq.ft.,Not Furnished,Parking,,Kuala Lumpur
100313594,Plaza Menjalara,,RM 1 600 per month,Kuala Lumpur - Bandar Menjalara,Condominium,3,2,2,1180 sq.ft.,Fully Furnished,"Security, Playground, Swimming Pool, Parking, Gymnasium, Barbeque area, Lift, Minimart, Jogging Track","Air-Cond, Cooking Allowed, Washing Machine",Kuala Lumpur
100047657,Residensi Vista Wirajaya,,RM 450 per month,Kuala Lumpur - Setapak,Apartment,3,,2,850 sq.ft.,Partially Furnished,"Parking, Security, Lift, Swimming Pool, Playground, Barbeque area, Gymnasium, Minimart, Multipurpose hall","Cooking Allowed, Near KTM/LRT, Washing Machine",Kuala Lumpur
99984437,PPR Kampung Baru Air Panas,,RM 880 per month,Kuala Lumpur - Setapak,Flat,3,,2,800 sq.ft.,Fully Furnished,,"Air-Cond, Cooking Allowed, Near KTM/LRT, Washing Machine",Kuala Lumpur
100313345,Pantai Hillpark 5,,RM 1 800 per month,Kuala Lumpur - Bangsar South,Condominium,3,,2,1097 sq.ft.,Partially Furnished,"Playground, Squash Court, Swimming Pool, Minimart, Parking, Security, Gymnasium","Air-Cond, Cooking Allowed, Washing Machine",Kuala Lumpur
100313414,Aman Dua,,RM 1 000 per month,Kuala Lumpur - Kepong,Apartment,3,1,1,850 sq.ft.,Partially Furnished,"Parking, Swimming Pool, Security, Minimart, Lift, Playground, Jogging Track","Air-Cond, Cooking Allowed, Washing Machine",Kuala Lumpur
100313260,EkoCheras Service Apartment,2017,RM 3 500 per month,Kuala Lumpur - Cheras,Service Residence,2,1,2,1121 sq.ft.,Fully Furnished,"Tennis Court, Jogging Track, Minimart, Squash Court, Club house","Air-Cond, Near KTM/LRT, Washing Machine, Internet",Kuala Lumpur
100313255,Pangsapuri Mawar (Sentul),,RM 1 400 per month,Kuala Lumpur - Sentul,Condominium,3,2,2,1010 sq.ft.,Fully Furnished,"Security, Minimart, Parking, Lift, Playground, Multipurpose hall, Jogging Track","Air-Cond, Cooking Allowed, Near KTM/LRT, Washing Machine, Internet",Kuala Lumpur
100313211,Desa Villas,,RM 2 500 per month,Kuala Lumpur - Wangsa Maju,Condominium,4,2,2,1784 sq.ft.,Not Furnished,"Barbeque area, Playground, Gymnasium, Squash Court, Sauna, Club house, Parking, Swimming Pool, Lift, Security",,Kuala Lumpur
100313148,Melur Apartment (Sentul),2006,RM 1 700 per month,Kuala Lumpur - Sentul,Apartment,3,1,2,1065 sq.ft.,Fully Furnished,"Parking, Security, Minimart, Lift, Playground","Cooking Allowed, Near KTM/LRT, Washing Machine, Air-Cond",Kuala Lumpur
100312995,M Centura,2021,RM 2 500 per month,Kuala Lumpur - Sentul,Service Residence,3,1,2,850 sq.ft.,Fully Furnished,"Gymnasium, Swimming Pool, Playground, Barbeque area, Multipurpose hall, Parking, Security, Lift","Cooking Allowed, Washing Machine",Kuala Lumpur
100312994,Inspirasi Mont Kiara,,RM 2 950 per month,Kuala Lumpur - Mont Kiara,Service Residence,3,2,2,940 sq.ft.,Fully Furnished,"Security, Parking, Gymnasium, Club house, Swimming Pool, Lift, Playground, Multipurpose hall","Air-Cond, Cooking Allowed, Washing Machine",Kuala Lumpur
100313101,M Centura,2021,RM 2 400 per month,Kuala Lumpur - Sentul,Service Residence,4,2,2,1001 sq.ft.,Partially Furnished,"Parking, Security, Lift, Swimming Pool, Playground, Gymnasium, Sauna, Barbeque area, Minimart, Multipurpose hall",Cooking Allowed,Kuala Lumpur
100222061,PV9 Residences @ Taman Melati,2022,RM 1 800 per month,Kuala Lumpur - Setapak,Condominium,3,2,2,1000 sq.ft.,Fully Furnished,"Parking, Security, Lift, Swimming Pool, Playground, Multipurpose hall, Minimart, Barbeque area, Gymnasium, Jogging Track, Squash Court, Tennis Court","Air-Cond, Cooking Allowed, Near KTM/LRT, Washing Machine, Internet",Kuala Lumpur
100313080,Arena Green,2000,RM 1 300 per month,Kuala Lumpur - Bukit Jalil,Condominium,2,,2,837 sq.ft.,Fully Furnished,"Minimart, Parking, Playground, Security, Lift, Barbeque area, Multipurpose hall, Jogging Track, Club house","Air-Cond, Cooking Allowed, Near KTM/LRT, Washing Machine, Internet",Kuala Lumpur
100313054,Flat Taman Bukit Angkasa,,RM 1 100 per month,Kuala Lumpur - Bangsar South,Flat,3,,1,750 sq.ft.,Not Furnished,,"Cooking Allowed, Near KTM/LRT",Kuala Lumpur
100312740,Panorama Residences (Sentul),2014,RM 1 800 per month,Kuala Lumpur - Sentul,Condominium,3,1,2,1100 sq.ft.,Fully Furnished,"Minimart, Gymnasium, Swimming Pool, Barbeque area, Playground, Parking, Security, Lift, Multipurpose hall, Club house, Tennis Court, Squash Court","Cooking Allowed, Washing Machine",Kuala Lumpur
100312920,"The Veo, Kuala Lumpur",2017,RM 2 200 per month,Kuala Lumpur - Setapak,Condominium,1,1,1,700 sq.ft.,Fully Furnished,"Parking, Swimming Pool, Playground, Gymnasium, Multipurpose hall, Security",,Kuala Lumpur
100312700,Residensi Rampai II,2021,RM 2 000 per month,Kuala Lumpur - Setapak,Apartment,4,2,2,950 sq.ft.,Fully Furnished,"Playground, Swimming Pool, Gymnasium, Minimart, Barbeque area, Parking, Security, Lift","Cooking Allowed, Air-Cond",Kuala Lumpur
100192786,Majestic Maxim,2021,RM 999 per month,Kuala Lumpur - Cheras,Service Residence,2,,2,650 sq.ft.,Partially Furnished,"Swimming Pool, Gymnasium, Playground, Barbeque area, Parking, Jogging Track, Lift, Security","Air-Cond, Near KTM/LRT",Kuala Lumpur
100038740,PPR Sri Aman,2015,RM 800 per month,Kuala Lumpur - Kepong,Apartment,3,,2,700 sq.ft.,Partially Furnished,"Playground, Lift","Air-Cond, Cooking Allowed",Kuala Lumpur
99907005,Residensi Rampai II,2021,RM 1 900 per month,Kuala Lumpur - Setapak,Condominium,4,2,2,950 sq.ft.,Partially Furnished,"Playground, Barbeque area, Security, Gymnasium, Multipurpose hall, Sauna, Swimming Pool, Jogging Track, Parking",,Kuala Lumpur
100043370,Taman Bukit Segar,,RM 650 per month,Kuala Lumpur - Cheras,Apartment,3,1,1,700 sq.ft.,Not Furnished,,"Cooking Allowed, Near KTM/LRT",Kuala Lumpur
98845611,PPA1M Metropolitan Kepong,2018,RM 1 300 per month,Kuala Lumpur - Kepong,Condominium,4,1,2,1000 sq.ft.,Fully Furnished,,,Kuala Lumpur
95301490,PPA1M METROPOLITAN KEPONG,,RM 1 600 per month,Kuala Lumpur - Kepong,Condominium,5,,2,1500 sq.ft.,Fully Furnished,"Parking, Security, Lift, Playground, Minimart, Multipurpose hall",Air-Cond,Kuala Lumpur
98479193,Apartment Seri Ceria 2,,RM 800 per month,Kuala Lumpur - Bukit Jalil,Apartment,3,,2,650 sq.ft.,Partially Furnished,"Lift, Parking, Security, Minimart, Jogging Track",,Kuala Lumpur
100097207,Desa Satu,,RM 650 per month,Kuala Lumpur - Kepong,Apartment,3,,2,650 sq.ft.,Not Furnished,,Cooking Allowed,Kuala Lumpur
96434606,,,RM 3 600 per month,Kuala Lumpur - Wangsa Maju,Service Residence,3,2,4,1518 sq.ft.,Fully Furnished,"Parking, Security, Lift, Swimming Pool, Playground, Gymnasium, Multipurpose hall, Jogging Track","Air-Cond, Cooking Allowed, Near KTM/LRT, Washing Machine",Kuala Lumpur
100312405,Putra Villa,2007,RM 1 800 per month,Kuala Lumpur - Setapak,Condominium,3,1,2,1076 sq.ft.,Fully Furnished,"Minimart, Club house, Gymnasium, Swimming Pool, Playground, Multipurpose hall","Air-Cond, Cooking Allowed",Kuala Lumpur
100312152,28 Boulevard,2019,RM 1 900 per month,Kuala Lumpur - Pandan Perdana,Apartment,2,1,2,678 sq.ft.,Fully Furnished,"Minimart, Security, Squash Court, Parking, Jogging Track, Lift, Tennis Court, Playground, Swimming Pool, Gymnasium, Sauna, Barbeque area, Multipurpose hall","Air-Cond, Cooking Allowed, Near KTM/LRT, Washing Machine",Kuala Lumpur
100312066,THE FENNEL AT SENTUL EAST,2017,RM 3 400 per month,Kuala Lumpur - Sentul,Condominium,3,3,3,1186 sq.ft.,Fully Furnished,,,Kuala Lumpur
100312333,222 Residency,2013,RM 650 per month,Kuala Lumpur - Setapak,Condominium,4,2,2,1200 sq.ft.,Fully Furnished,"Parking, Security, Lift, Swimming Pool, Playground, Gymnasium, Sauna, Barbeque area, Minimart, Multipurpose hall, Club house, Jogging Track, Tennis Court, Squash Court","Air-Cond, Cooking Allowed, Near KTM/LRT, Washing Machine, Internet",Kuala Lumpur
100222714,Majestic Maxim,2021,RM 1 600 per month,Kuala Lumpur - Cheras,Service Residence,2,,2,670 sq.ft.,Partially Furnished,"Parking, Lift, Playground, Security, Swimming Pool, Gymnasium",Air-Cond,Kuala Lumpur
100174598,Puncak Desa Apartment,,RM 600 per month,Kuala Lumpur - Kepong,Apartment,3,,2,650 sq.ft.,Not Furnished,"Playground, Security, Lift, Minimart",Cooking Allowed,Kuala Lumpur
99534358,Trinity Aquata,2019,RM 1 900 per month,Kuala Lumpur - Sungai Besi,Condominium,3,2,2,1216 sq.ft.,Partially Furnished,"Security, Swimming Pool, Gymnasium, Parking, Jogging Track, Lift, Playground","Air-Cond, Cooking Allowed",Kuala Lumpur
100311820,Residensi Vista Wirajaya,,RM 1 500 per month,Kuala Lumpur - Setapak,Service Residence,3,1,2,850 sq.ft.,Not Furnished,"Parking, Security, Lift, Swimming Pool, Playground, Gymnasium, Sauna, Barbeque area, Minimart, Multipurpose hall","Air-Cond, Cooking Allowed",Kuala Lumpur
100149966,Arena Green,2000,RM 1 050 per month,Kuala Lumpur - Bukit Jalil,Apartment,3,,2,878 sq.ft.,Partially Furnished,"Security, Minimart, Parking, Playground, Lift","Cooking Allowed, Air-Cond, Near KTM/LRT",Kuala Lumpur
99717664,D'Suria Condominium,2015,RM 2 400 per month,Kuala Lumpur - Ampang,Condominium,3,1,2,1060 sq.ft.,Fully Furnished,"Security, Parking, Swimming Pool, Lift, Playground","Air-Cond, Cooking Allowed",Kuala Lumpur
99858651,Cheras Business Centre,,RM 1 100 per month,Kuala Lumpur - Cheras,Apartment,3,,2,625 sq.ft.,Not Furnished,,Cooking Allowed,Kuala Lumpur
99767497,Waldorf Tower,,RM 2 800 per month,Kuala Lumpur - Sri Hartamas,Service Residence,3,1,3,1000 sq.ft.,Fully Furnished,"Security, Playground, Squash Court, Sauna, Swimming Pool, Barbeque area, Gymnasium, Parking, Lift","Air-Cond, Cooking Allowed",Kuala Lumpur
100204198,M Vertica,2023,RM 1 800 per month,Kuala Lumpur - Cheras,Condominium,3,2,2,850 sq.ft.,Partially Furnished,"Playground, Swimming Pool, Tennis Court, Barbeque area, Lift, Jogging Track, Parking, Security, Multipurpose hall, Gymnasium","Air-Cond, Cooking Allowed, Near KTM/LRT",Kuala Lumpur
99772353,The Andes Condo Villa @ Bukit Jalil,2018,RM 2 000 per month,Kuala Lumpur - Bukit Jalil,Condominium,3,2,3,1325 sq.ft.,Partially Furnished,"Parking, Security, Lift, Swimming Pool, Playground, Gymnasium, Barbeque area, Sauna, Multipurpose hall, Jogging Track","Air-Cond, Cooking Allowed",Kuala Lumpur
100311125,Melur Apartment (Sentul),2006,RM 1 750 per month,Kuala Lumpur - Sentul,Apartment,3,1,2,1065 sq.ft.,Fully Furnished,"Security, Minimart, Parking, Lift, Swimming Pool, Playground, Multipurpose hall",,Kuala Lumpur
100221767,PPA1M Bukit Jalil,,RM 1 800 per month,Kuala Lumpur - Bukit Jalil,Apartment,4,1,2,1434 sq.ft.,Fully Furnished,,,Kuala Lumpur
98945228,Vista Magna,2004,RM 645 per month,Kuala Lumpur - Kepong,Apartment,3,,2,850 sq.ft.,Fully Furnished,"Parking, Security, Lift, Minimart, Multipurpose hall, Playground","Cooking Allowed, Air-Cond, Near KTM/LRT, Washing Machine, Internet",Kuala Lumpur
100310955,Impiana Sky Residensi,2021,RM 1 250 per month,Kuala Lumpur - Bukit Jalil,Apartment,3,,2,850 sq.ft.,Partially Furnished,"Multipurpose hall, Security, Parking, Gymnasium, Playground, Lift",Cooking Allowed,Kuala Lumpur
99389334,Residensi Rabung KL Timur,,RM 3 500 per month,Kuala Lumpur - KL City,Condominium,2,2,2,865 sq.ft.,Fully Furnished,"Parking, Security, Lift, Swimming Pool, Playground, Gymnasium, Sauna, Barbeque area, Minimart, Multipurpose hall, Jogging Track","Air-Cond, Cooking Allowed, Near KTM/LRT, Washing Machine, Internet",Kuala Lumpur
100258987,Platinum Teratai Residence,2019,RM 1 700 per month,Kuala Lumpur - Setapak,Apartment,3,2,2,928 sq.ft.,Partially Furnished,"Security, Multipurpose hall, Playground, Swimming Pool, Gymnasium, Lift, Parking, Barbeque area, Minimart","Air-Cond, Cooking Allowed, Near KTM/LRT",Kuala Lumpur
99353992,,,RM 2 200 per month,Kuala Lumpur - Sri Petaling,Service Residence,3,2,2,958 sq.ft.,Partially Furnished,"Swimming Pool, Barbeque area, Security, Parking, Multipurpose hall, Playground, Lift, Gymnasium, Sauna, Jogging Track","Air-Cond, Cooking Allowed",Kuala Lumpur
100310568,Serini Melawati,2018,RM 3 000 per month,Kuala Lumpur - Taman Melawati,Service Residence,3,1,2,1376 sq.ft.,Fully Furnished,"Swimming Pool, Parking, Security, Playground, Minimart, Gymnasium, Lift",,Kuala Lumpur
100310207,The Ooak (Kiara 163),2022,RM 2 200 per month,Kuala Lumpur - Mont Kiara,Service Residence,1,,1,636 sq.ft.,Fully Furnished,"Parking, Gymnasium, Security, Minimart, Lift, Jogging Track, Playground, Swimming Pool, Barbeque area","Air-Cond, Internet, Cooking Allowed, Near KTM/LRT, Washing Machine",Kuala Lumpur
100310142,Seksyen 2 Wangsa Maju Flat Block D,,RM 800 per month,Kuala Lumpur - Wangsa Maju,Flat,2,,1,550 sq.ft.,Partially Furnished,Parking,,Kuala Lumpur
100310085,Aman Dua,,RM 1 000 per month,Kuala Lumpur - Kepong,Apartment,3,1,2,850 sq.ft.,Partially Furnished,"Parking, Security, Minimart, Swimming Pool","Air-Cond, Cooking Allowed",Kuala Lumpur
100310080,Residensi Seri Wahyu @ Jalan Kuching KL,,RM 1 200 per month,Kuala Lumpur - KL City,Apartment,3,1,2,805 sq.ft.,Partially Furnished,"Swimming Pool, Squash Court, Lift, Parking, Security, Minimart, Playground, Gymnasium, Jogging Track",Cooking Allowed,Kuala Lumpur
100310075,Royal Domain Sri Putramas 2,2007,RM 1 800 per month,Kuala Lumpur - Jalan Kuching,Service Residence,3,1,2,1300 sq.ft.,Partially Furnished,"Security, Tennis Court, Jogging Track, Minimart, Sauna, Swimming Pool, Gymnasium, Playground, Barbeque area, Parking",Air-Cond,Kuala Lumpur
100179047,Teratai Mewah Apartment,,RM 1 100 per month,Kuala Lumpur - Setapak,Apartment,3,,1,653 sq.ft.,Fully Furnished,"Security, Playground, Parking, Lift, Barbeque area, Minimart, Jogging Track",Cooking Allowed,Kuala Lumpur
100310003,Vista Angkasa,,RM 1 900 per month,Kuala Lumpur - Bangsar South,Apartment,3,1,2,1200 sq.ft.,Partially Furnished,"Security, Jogging Track, Minimart, Parking, Swimming Pool, Lift, Playground, Multipurpose hall, Barbeque area, Sauna, Gymnasium, Club house, Tennis Court, Squash Court","Cooking Allowed, Near KTM/LRT, Washing Machine, Air-Cond",Kuala Lumpur
100219856,Mont Kiara Pelangi,1994,RM 3 500 per month,Kuala Lumpur - Mont Kiara,Condominium,3,,2,1280 sq.ft.,Fully Furnished,"Squash Court, Parking, Tennis Court, Club house, Minimart, Security, Sauna, Playground","Air-Cond, Cooking Allowed, Washing Machine",Kuala Lumpur
100207365,Arte Plus Jalan Ampang,2018,RM 1 600 per month,Kuala Lumpur - Ampang,Service Residence,2,1,2,589 sq.ft.,Fully Furnished,"Parking, Playground, Gymnasium, Jogging Track, Security, Lift, Swimming Pool, Multipurpose hall","Air-Cond, Cooking Allowed, Washing Machine",Kuala Lumpur
100207874,Arte Plus Jalan Ampang,2018,RM 2 500 per month,Kuala Lumpur - Ampang,Service Residence,4,1,2,890 sq.ft.,Fully Furnished,"Jogging Track, Playground, Gymnasium, Parking","Air-Cond, Cooking Allowed, Washing Machine",Kuala Lumpur
100309878,First Residence,2012,RM 1 500 per month,Kuala Lumpur - Kepong,Condominium,3,1,2,1000 sq.ft.,Partially Furnished,"Swimming Pool, Security, Gymnasium, Playground, Barbeque area",Air-Cond,Kuala Lumpur
100309863,Eco Sky,2018,RM 1 600 per month,Kuala Lumpur - Jalan Ipoh,Service Residence,2,1,2,904 sq.ft.,Partially Furnished,,,Kuala Lumpur
100309826,Residensi KepongMas,2020,RM 1 100 per month,Kuala Lumpur - Kepong,Apartment,3,1,2,800 sq.ft.,Partially Furnished,"Parking, Security, Lift, Minimart, Swimming Pool, Playground","Near KTM/LRT, Cooking Allowed, Air-Cond",Kuala Lumpur
100309859,Residensi KepongMas,2020,RM 1 100 per month,Kuala Lumpur - Kepong,Apartment,3,1,2,800 sq.ft.,Partially Furnished,"Parking, Security, Lift, Minimart, Swimming Pool, Playground","Near KTM/LRT, Cooking Allowed",Kuala Lumpur
100309845,Vista Mutiara,,RM 1 200 per month,Kuala Lumpur - Kepong,Condominium,3,1,2,1001 sq.ft.,Partially Furnished,"Parking, Minimart, Security, Swimming Pool, Playground, Barbeque area","Air-Cond, Cooking Allowed, Washing Machine",Kuala Lumpur
100201659,Residensi KepongMas,2020,RM 1 400 per month,Kuala Lumpur - Kepong,Apartment,3,1,2,800 sq.ft.,Partially Furnished,"Parking, Security, Lift, Swimming Pool, Playground, Minimart","Air-Cond, Cooking Allowed, Near KTM/LRT",Kuala Lumpur
100309682,Centrio SOHO @ Pantai Hillpark,2010,RM 2 350 per month,Kuala Lumpur - Pantai,Studio,1,1,2,870 sq.ft.,Fully Furnished,"Parking, Minimart, Gymnasium, Sauna, Security, Playground, Lift, Swimming Pool, Barbeque area, Multipurpose hall","Air-Cond, Cooking Allowed, Washing Machine, Near KTM/LRT",Kuala Lumpur
100309605,The Elements,2015,RM 1 600 per month,Kuala Lumpur - Ampang,Service Residence,1,1,1,520 sq.ft.,Fully Furnished,"Security, Sauna, Barbeque area, Playground, Swimming Pool, Gymnasium, Jogging Track, Multipurpose hall","Air-Cond, Cooking Allowed, Near KTM/LRT, Washing Machine",Kuala Lumpur
100309649,Bayu Tasik 1,1999,RM 1 350 per month,Kuala Lumpur - Cheras,Condominium,3,1,2,920 sq.ft.,Partially Furnished,"Security, Minimart, Barbeque area, Swimming Pool, Parking, Gymnasium, Playground",,Kuala Lumpur
100309644,Kenanga Point,,RM 1 800 per month,Kuala Lumpur - Pudu,Condominium,3,1,2,864 sq.ft.,Fully Furnished,"Security, Swimming Pool, Barbeque area, Sauna, Parking, Tennis Court, Gymnasium, Squash Court, Playground","Air-Cond, Cooking Allowed, Washing Machine, Near KTM/LRT, Internet",Kuala Lumpur
100309552,Midah Ria,,RM 1 350 per month,Kuala Lumpur - Cheras,Condominium,3,1,2,967 sq.ft.,Partially Furnished,"Parking, Security, Lift, Playground, Barbeque area, Swimming Pool, Minimart",,Kuala Lumpur
100309520,The Haute,2019,RM 2 000 per month,Kuala Lumpur - Keramat,Condominium,3,3,2,1050 sq.ft.,Partially Furnished,"Gymnasium, Multipurpose hall, Swimming Pool, Security, Parking, Lift, Playground","Air-Cond, Cooking Allowed, Near KTM/LRT, Washing Machine",Kuala Lumpur
100309574,The Haute,2019,RM 2 250 per month,Kuala Lumpur - Keramat,Condominium,3,2,2,1050 sq.ft.,Fully Furnished,"Gymnasium, Multipurpose hall, Swimming Pool, Security, Parking, Lift, Playground","Air-Cond, Cooking Allowed, Near KTM/LRT, Washing Machine",Kuala Lumpur
100309570,Nidoz Residences,2019,RM 3 500 per month,Kuala Lumpur - Desa Petaling,Condominium,3,2,2,1400 sq.ft.,Fully Furnished,"Playground, Multipurpose hall, Parking, Security, Jogging Track, Swimming Pool, Gymnasium, Lift, Barbeque area, Minimart","Air-Cond, Cooking Allowed, Washing Machine, Near KTM/LRT",Kuala Lumpur
100309420,Sri Ampang Condominium,,RM 1 300 per month,Kuala Lumpur - Ampang,Condominium,4,1,2,1100 sq.ft.,Partially Furnished,"Tennis Court, Squash Court, Minimart, Swimming Pool, Barbeque area, Parking, Security, Gymnasium, Jogging Track, Playground, Sauna",,Kuala Lumpur
100053532,PV18 Residence,,RM 1 600 per month,Kuala Lumpur - Setapak,Service Residence,3,1,2,926 sq.ft.,Partially Furnished,"Lift, Security, Parking, Playground, Minimart, Barbeque area, Multipurpose hall","Air-Cond, Cooking Allowed",Kuala Lumpur
100258062,Endah Regal,1995,RM 1 500 per month,Kuala Lumpur - Sri Petaling,Condominium,3,1,2,1141 sq.ft.,Fully Furnished,"Security, Tennis Court, Parking, Swimming Pool, Club house, Gymnasium, Barbeque area, Sauna","Air-Cond, Cooking Allowed, Near KTM/LRT, Washing Machine",Kuala Lumpur
100309250,Icon Residence (Mont Kiara),,RM 3 000 per month,Kuala Lumpur - Solaris Dutamas,Condominium,3,1,2,1474 sq.ft.,Fully Furnished,"Parking, Security, Lift, Playground, Swimming Pool, Gymnasium, Jogging Track","Cooking Allowed, Washing Machine, Air-Cond, Near KTM/LRT",Kuala Lumpur
99862635,Residensi KepongMas,2020,RM 1 100 per month,Kuala Lumpur - Kepong,Apartment,3,1,2,932 sq.ft.,Partially Furnished,Parking,,Kuala Lumpur
99184481,United Point Residence @ North Kiara,2019,RM 1 700 per month,Kuala Lumpur - Kepong,Service Residence,3,2,2,958 sq.ft.,Not Furnished,,,Kuala Lumpur
100308971,Damai Residence @ Sungai Besi,2021,RM 1 650 per month,Kuala Lumpur - KL City,Service Residence,2,,2,695 sq.ft.,Fully Furnished,"Parking, Security, Lift, Swimming Pool, Playground, Sauna, Gymnasium, Multipurpose hall","Cooking Allowed, Near KTM/LRT",Kuala Lumpur
100309061,Changkat View Condominium,2009,RM 1 800 per month,Kuala Lumpur - Solaris Dutamas,Condominium,3,1,2,1000 sq.ft.,Fully Furnished,"Security, Swimming Pool, Sauna, Parking, Minimart, Playground, Gymnasium, Lift, Jogging Track, Barbeque area, Multipurpose hall","Cooking Allowed, Washing Machine",Kuala Lumpur
97893162,Bukit OUG Condominium,,RM 1 500 per month,Kuala Lumpur - Bukit Jalil,Condominium,3,1,2,1222 sq.ft.,Fully Furnished,"Parking, Playground, Gymnasium, Tennis Court, Squash Court, Security, Minimart, Jogging Track, Swimming Pool","Air-Cond, Near KTM/LRT, Washing Machine, Cooking Allowed",Kuala Lumpur
99593982,Bam Villa,1996,RM 1 400 per month,Kuala Lumpur - Cheras,Condominium,3,1,2,1100 sq.ft.,Not Furnished,"Gymnasium, Security, Swimming Pool, Parking, Playground, Barbeque area, Sauna",,Kuala Lumpur
100309030,Residensi Suria Pantai,2020,RM 1 300 per month,Kuala Lumpur - Pantai,Apartment,3,1,2,810 sq.ft.,Not Furnished,"Multipurpose hall, Parking, Security, Playground, Swimming Pool, Minimart, Lift",,Kuala Lumpur
99737498,Vista Komanwel A,,RM 1 600 per month,Kuala Lumpur - Bukit Jalil,Condominium,3,1,2,1206 sq.ft.,Fully Furnished,"Parking, Security, Lift, Swimming Pool, Playground, Multipurpose hall, Minimart, Barbeque area, Gymnasium, Club house, Jogging Track","Air-Cond, Cooking Allowed, Near KTM/LRT, Washing Machine",Kuala Lumpur
100309018,Sentul Point Suite Apartment,2020,RM 1 900 per month,Kuala Lumpur - Sentul,Service Residence,2,1,2,743 sq.ft.,Fully Furnished,"Parking, Swimming Pool, Gymnasium, Security, Minimart, Playground, Lift, Sauna, Barbeque area, Multipurpose hall, Jogging Track, Tennis Court","Air-Cond, Cooking Allowed, Washing Machine, Near KTM/LRT",Kuala Lumpur
100308824,Maxim Citilights,2017,RM 1 700 per month,Kuala Lumpur - Sentul,Service Residence,3,2,2,1009 sq.ft.,Partially Furnished,"Swimming Pool, Playground, Gymnasium, Minimart, Multipurpose hall, Security, Lift, Parking","Air-Cond, Cooking Allowed",Kuala Lumpur
100308849,Melur Apartment (Sentul),2006,RM 1 600 per month,Kuala Lumpur - Sentul,Apartment,3,,2,1065 sq.ft.,Fully Furnished,"Minimart, Parking, Security, Lift, Playground","Cooking Allowed, Near KTM/LRT",Kuala Lumpur
100250216,8 Kinrara,2016,RM 2 700 per month,Kuala Lumpur - Puchong,Service Residence,3,2,2,1096 sq.ft.,Fully Furnished,"Jogging Track, Playground, Gymnasium, Security, Swimming Pool, Lift, Parking, Club house, Barbeque area","Air-Cond, Internet, Cooking Allowed, Near KTM/LRT, Washing Machine",Kuala Lumpur
100308683,Vista Angkasa,,RM 1 800 per month,Kuala Lumpur - Bangsar South,Apartment,3,,2,940 sq.ft.,Not Furnished,"Parking, Jogging Track, Security, Minimart, Lift",,Kuala Lumpur
100308680,Menara Sri Cendana,,RM 1 400 per month,Kuala Lumpur - Setiawangsa,Apartment,3,,1,878 sq.ft.,Partially Furnished,"Parking, Lift, Playground",Cooking Allowed,Kuala Lumpur
100308689,Bukit OUG Condominium,,RM 1 500 per month,Kuala Lumpur - Bukit Jalil,Condominium,4,1,2,1465 sq.ft.,Fully Furnished,"Swimming Pool, Gymnasium, Security, Minimart, Playground, Parking, Tennis Court, Squash Court, Jogging Track, Lift, Barbeque area, Sauna, Multipurpose hall, Club house","Air-Cond, Cooking Allowed, Near KTM/LRT, Internet, Washing Machine",Kuala Lumpur
100308651,Bukit OUG Condominium,,RM 1 150 per month,Kuala Lumpur - Bukit Jalil,Condominium,2,1,1,750 sq.ft.,Partially Furnished,"Swimming Pool, Gymnasium, Security, Minimart, Playground, Parking, Tennis Court, Squash Court, Jogging Track, Lift, Sauna, Barbeque area, Multipurpose hall, Club house","Air-Cond, Cooking Allowed, Near KTM/LRT, Internet, Washing Machine",Kuala Lumpur
100308731,Vista Angkasa,,RM 1 300 per month,Kuala Lumpur - Bangsar South,Apartment,2,1,2,600 sq.ft.,Not Furnished,"Parking, Jogging Track, Security, Minimart, Lift",,Kuala Lumpur
100308548,"Apartment Taman Kuchai Jaya, Walking distance to Sekolah Seri Sentosa & Seri setia",,RM 850 per month,Kuala Lumpur - Kuchai Lama,Apartment,2,,2,600 sq.ft.,Not Furnished,Minimart,Cooking Allowed,Kuala Lumpur
100308623,Sri Lempah,,RM 700 per month,Kuala Lumpur - Old Klang Road,Flat,2,,1,600 sq.ft.,Not Furnished,Parking,,Kuala Lumpur
100308619,Aster Green Residence,2022,RM 1 700 per month,Kuala Lumpur - Sri Petaling,Service Residence,3,,2,900 sq.ft.,Partially Furnished,"Barbeque area, Parking, Multipurpose hall, Security, Swimming Pool, Playground, Lift","Near KTM/LRT, Cooking Allowed",Kuala Lumpur
100308519,Putra Ria Apartment,,RM 1 700 per month,Kuala Lumpur - Bangsar,Apartment,3,1,2,700 sq.ft.,Not Furnished,"Security, Parking, Minimart, Jogging Track, Playground, Lift",,Kuala Lumpur
100308488,Wangsa Metroview,2005,RM 1 400 per month,Kuala Lumpur - Wangsa Maju,Condominium,3,1,2,1150 sq.ft.,Partially Furnished,"Swimming Pool, Parking, Minimart, Gymnasium, Playground, Barbeque area, Security",,Kuala Lumpur
100308372,Serini Melawati,2018,RM 3 000 per month,Kuala Lumpur - Taman Melawati,Service Residence,3,,2,1376 sq.ft.,Fully Furnished,"Security, Parking, Minimart, Swimming Pool, Playground, Gymnasium",,Kuala Lumpur
100308167,PV9 Residences @ Taman Melati,2022,RM 2 200 per month,Kuala Lumpur - Setapak,Condominium,3,2,2,1000 sq.ft.,Partially Furnished,"Parking, Security, Lift, Swimming Pool, Playground, Gymnasium, Sauna, Barbeque area, Minimart, Multipurpose hall, Club house, Jogging Track, Tennis Court, Squash Court","Air-Cond, Cooking Allowed, Near KTM/LRT, Washing Machine, Internet",Kuala Lumpur
100308186,PV9 Residences @ Taman Melati,2022,RM 2 800 per month,Kuala Lumpur - Setapak,Condominium,4,3,2,1100 sq.ft.,Partially Furnished,"Parking, Security, Lift, Swimming Pool, Playground, Gymnasium, Sauna, Barbeque area, Minimart, Multipurpose hall, Club house, Jogging Track, Tennis Court, Squash Court","Air-Cond, Cooking Allowed, Near KTM/LRT, Washing Machine, Internet",Kuala Lumpur
100308268,PV9 Residences @ Taman Melati,2022,RM 2 100 per month,Kuala Lumpur - Setapak,Condominium,3,2,2,1000 sq.ft.,Partially Furnished,"Parking, Security, Lift, Swimming Pool, Playground, Gymnasium, Sauna, Barbeque area, Minimart, Multipurpose hall, Club house, Jogging Track, Tennis Court, Squash Court","Air-Cond, Cooking Allowed, Near KTM/LRT, Washing Machine, Internet",Kuala Lumpur
100308266,Residensi Alam Damai (PR1MA @ Alam Damai),,RM 1 300 per month,Kuala Lumpur - Cheras,Apartment,3,2,2,1000 sq.ft.,Partially Furnished,"Parking, Security, Lift, Playground, Jogging Track","Air-Cond, Cooking Allowed, Near KTM/LRT",Kuala Lumpur
100308105,Casa Green (Bukit Jalil),,RM 2 000 per month,Kuala Lumpur - Bukit Jalil,Condominium,4,1,2,1000 sq.ft.,Fully Furnished,"Parking, Security, Lift, Swimming Pool, Playground, Gymnasium, Sauna, Barbeque area, Minimart, Multipurpose hall, Club house","Air-Cond, Cooking Allowed, Near KTM/LRT, Washing Machine",Kuala Lumpur
99495003,Prima Setapak Flat,,RM 900 per month,Kuala Lumpur - Setapak,Flat,2,,1,700 sq.ft.,Not Furnished,,,Kuala Lumpur
100307777,Platinum OUG Residence,2021,RM 1 800 per month,Kuala Lumpur - Kuchai Lama,Condominium,3,1,2,1200 sq.ft.,Fully Furnished,"Lift, Security, Playground, Gymnasium, Parking, Swimming Pool, Sauna, Barbeque area, Multipurpose hall, Jogging Track, Squash Court","Air-Cond, Cooking Allowed, Washing Machine",Kuala Lumpur
98877542,,,RM 1 250 per month,Kuala Lumpur - Ampang,Condominium,3,,2,950 sq.ft.,Partially Furnished,,,Kuala Lumpur
100236506,Maxim Residences,2017,RM 1 000 per month,Kuala Lumpur - Cheras,Service Residence,1,,1,750 sq.ft.,Partially Furnished,"Parking, Swimming Pool, Gymnasium, Security","Air-Cond, Cooking Allowed",Kuala Lumpur
100307719,Southbank Residence,2017,RM 1 800 per month,Kuala Lumpur - Old Klang Road,Service Residence,3,1,2,953 sq.ft.,Partially Furnished,"Multipurpose hall, Swimming Pool, Security, Gymnasium, Jogging Track, Barbeque area, Parking, Lift, Playground","Air-Cond, Cooking Allowed, Washing Machine",Kuala Lumpur
100307706,Platinum OUG Residence,2021,RM 1 800 per month,Kuala Lumpur - Kuchai Lama,Condominium,3,1,2,1200 sq.ft.,Fully Furnished,"Gymnasium, Lift, Security, Playground, Parking, Swimming Pool, Sauna, Minimart, Barbeque area","Air-Cond, Cooking Allowed, Washing Machine",Kuala Lumpur
100307697,Vivo Residential @ 9 Seputeh,2018,RM 1 500 per month,Kuala Lumpur - Seputeh,Studio,1,1,1,505 sq.ft.,Fully Furnished,"Tennis Court, Barbeque area, Sauna, Swimming Pool, Jogging Track, Security, Gymnasium, Multipurpose hall, Playground, Lift, Minimart","Air-Cond, Cooking Allowed, Washing Machine",Kuala Lumpur
100307684,Impiana Sky Residensi,2021,RM 1 300 per month,Kuala Lumpur - Bukit Jalil,Apartment,3,1,2,850 sq.ft.,Partially Furnished,"Playground, Multipurpose hall, Parking, Security, Gymnasium, Lift, Swimming Pool, Barbeque area, Sauna, Minimart, Jogging Track",,Kuala Lumpur
99331807,The Reach @ Titiwangsa,2017,RM 2 500 per month,Kuala Lumpur - Setapak,Condominium,3,2,3,1433 sq.ft.,Partially Furnished,"Parking, Security, Swimming Pool, Gymnasium, Squash Court, Lift, Playground, Sauna, Minimart, Multipurpose hall, Club house, Jogging Track, Tennis Court, Barbeque area","Air-Cond, Near KTM/LRT, Cooking Allowed, Washing Machine, Internet",Kuala Lumpur
100307549,One Residences,,RM 3 300 per month,Kuala Lumpur - Sungai Besi,Service Residence,3,1,4,1250 sq.ft.,Fully Furnished,"Multipurpose hall, Minimart, Gymnasium, Security, Swimming Pool, Sauna, Playground, Barbeque area, Parking, Lift, Club house, Jogging Track","Air-Cond, Cooking Allowed, Near KTM/LRT, Washing Machine",Kuala Lumpur
100307538,Enesta,2021,RM 1 800 per month,Kuala Lumpur - Kepong,Apartment,3,,2,978 sq.ft.,Partially Furnished,"Parking, Security, Lift, Swimming Pool, Playground, Gymnasium, Sauna, Barbeque area, Minimart, Multipurpose hall","Air-Cond, Near KTM/LRT, Cooking Allowed, Internet, Washing Machine",Kuala Lumpur
99310809,,,RM 2 000 per month,Kuala Lumpur - Ampang,Service Residence,2,,2,950 sq.ft.,Fully Furnished,"Jogging Track, Barbeque area, Playground, Multipurpose hall, Security, Swimming Pool, Gymnasium, Sauna",,Kuala Lumpur
96631980,,,RM 2 400 per month,Kuala Lumpur - Desa Pandan,Service Residence,2,,2,1410 sq.ft.,Partially Furnished,"Swimming Pool, Multipurpose hall, Security, Gymnasium",,Kuala Lumpur
99777385,Skyville @ Benteng 8,,RM 2 600 per month,Kuala Lumpur - Old Klang Road,Service Residence,2,1,3,1108 sq.ft.,Fully Furnished,"Parking, Playground, Gymnasium, Lift, Security, Barbeque area, Swimming Pool, Minimart, Multipurpose hall","Cooking Allowed, Air-Cond, Near KTM/LRT, Washing Machine",Kuala Lumpur
100307403,Heritage Condominiun,,RM 1 200 per month,Kuala Lumpur - Setapak,Condominium,3,1,2,1300 sq.ft.,Partially Furnished,"Sauna, Tennis Court, Squash Court, Barbeque area, Club house, Minimart",Air-Cond,Kuala Lumpur
100307394,Vista Angkasa,,RM 1 400 per month,Kuala Lumpur - Bangsar South,Apartment,3,,2,750 sq.ft.,Not Furnished,"Minimart, Jogging Track, Parking, Security, Lift, Playground",,Kuala Lumpur
100307462,Casa Green (Bukit Jalil),,RM 1 800 per month,Kuala Lumpur - Bukit Jalil,Condominium,3,,2,825 sq.ft.,Fully Furnished,"Parking, Lift, Playground, Swimming Pool, Security, Gymnasium, Multipurpose hall","Air-Cond, Cooking Allowed, Near KTM/LRT, Washing Machine",Kuala Lumpur
100307425,Sri Impian (Brickfields),,RM 3 200 per month,Kuala Lumpur - Brickfields,Condominium,3,1,2,1500 sq.ft.,Fully Furnished,"Parking, Security, Lift, Squash Court, Swimming Pool, Playground, Gymnasium, Minimart, Multipurpose hall","Air-Cond, Cooking Allowed, Near KTM/LRT, Washing Machine",Kuala Lumpur
100307422,Majestic Maxim,2021,RM 600 per month,Kuala Lumpur - Cheras,Condominium,3,2,2,850 sq.ft.,Fully Furnished,"Barbeque area, Gymnasium, Jogging Track, Lift, Parking, Security, Playground, Swimming Pool","Air-Cond, Cooking Allowed, Washing Machine, Internet",Kuala Lumpur
99143617,,,RM 1 250 per month,Kuala Lumpur - Cheras,Condominium,2,1,2,1100 sq.ft.,Fully Furnished,"Parking, Security, Lift, Swimming Pool, Playground, Barbeque area, Minimart, Multipurpose hall","Air-Cond, Washing Machine, Cooking Allowed, Near KTM/LRT",Kuala Lumpur
100307365,FLAT SENTUL UTAMA,,RM 900 per month,Kuala Lumpur - Sentul,Flat,3,,1,678 sq.ft.,Not Furnished,"Lift, Playground, Minimart, Multipurpose hall",Near KTM/LRT,Kuala Lumpur
100307252,Residensi Seri Wahyu @ Jalan Kuching KL,,RM 1 300 per month,Kuala Lumpur - KL City,Apartment,3,1,2,805 sq.ft.,Partially Furnished,"Security, Jogging Track, Parking, Squash Court, Lift, Playground, Swimming Pool, Gymnasium, Barbeque area, Multipurpose hall","Air-Cond, Cooking Allowed, Near KTM/LRT",Kuala Lumpur
99630862,Diamond Residences,2009,RM 1 500 per month,Kuala Lumpur - Setapak,Condominium,3,1,2,1100 sq.ft.,Partially Furnished,"Playground, Multipurpose hall, Club house, Security, Barbeque area, Sauna, Swimming Pool, Gymnasium, Jogging Track, Minimart, Parking, Squash Court",,Kuala Lumpur
100307233,Suasana Sentral Loft,2008,RM 3 800 per month,Kuala Lumpur - KL Sentral,Condominium,3,,2,1500 sq.ft.,Fully Furnished,"Swimming Pool, Barbeque area, Parking, Security, Gymnasium, Sauna, Minimart, Lift, Multipurpose hall, Playground, Jogging Track, Club house, Tennis Court, Squash Court","Air-Cond, Cooking Allowed, Internet, Near KTM/LRT, Washing Machine",Kuala Lumpur
100307230,Residensi Jalilmas,,RM 1 200 per month,Kuala Lumpur - Bukit Jalil,Apartment,3,,2,800 sq.ft.,Partially Furnished,"Minimart, Parking, Multipurpose hall, Security","Cooking Allowed, Near KTM/LRT, Air-Cond",Kuala Lumpur
99969523,Twin Arkz,2015,RM 3 000 per month,Kuala Lumpur - Bukit Jalil,Condominium,3,2,2,1170 sq.ft.,Fully Furnished,"Playground, Tennis Court, Barbeque area, Parking, Swimming Pool, Squash Court, Jogging Track, Multipurpose hall, Security, Gymnasium, Lift","Air-Cond, Cooking Allowed, Washing Machine",Kuala Lumpur
100222834,Kenari Apartment (Taman Melati),,RM 1 200 per month,Kuala Lumpur - Setapak,Apartment,3,,2,900 sq.ft.,Not Furnished,,,Kuala Lumpur
98049852,Angkasa Condominiums,2005,RM 1 400 per month,Kuala Lumpur - Cheras,Condominium,3,1,2,950 sq.ft.,Fully Furnished,"Parking, Security, Lift, Swimming Pool, Playground, Gymnasium, Sauna, Barbeque area, Minimart, Multipurpose hall, Club house, Jogging Track, Tennis Court, Squash Court","Air-Cond, Cooking Allowed, Washing Machine",Kuala Lumpur
100306498,Menara Sri Cendana,,RM 1 500 per month,Kuala Lumpur - Setiawangsa,Apartment,3,1,1,878 sq.ft.,Partially Furnished,"Parking, Lift",,Kuala Lumpur
100306502,Baiduri Apartment (Desa Pandan),,RM 1 399 per month,Kuala Lumpur - Desa Pandan,Apartment,3,1,2,1000 sq.ft.,Partially Furnished,"Parking, Security, Playground, Multipurpose hall, Minimart","Air-Cond, Cooking Allowed",Kuala Lumpur
100306630,Residensi Gombak 126,2016,RM 1 450 per month,Kuala Lumpur - Setapak,Service Residence,3,1,2,923 sq.ft.,Partially Furnished,"Parking, Security, Swimming Pool, Multipurpose hall, Gymnasium, Playground","Air-Cond, Cooking Allowed",Kuala Lumpur
95382974,,,RM 2 500 per month,Kuala Lumpur - Titiwangsa,Condominium,3,1,2,1600 sq.ft.,Partially Furnished,"Security, Minimart, Playground, Parking, Lift, Gymnasium, Swimming Pool","Air-Cond, Cooking Allowed",Kuala Lumpur
100306420,Sri Penara,,RM 900 per month,Kuala Lumpur - Cheras,Apartment,3,,2,650 sq.ft.,Not Furnished,"Parking, Playground, Minimart",Near KTM/LRT,Kuala Lumpur
100289331,Residensi Vista Wirajaya,,RM 1 800 per month,Kuala Lumpur - Setapak,Apartment,3,1,2,880 sq.ft.,Partially Furnished,"Parking, Security, Lift, Swimming Pool, Playground","Cooking Allowed, Near KTM/LRT",Kuala Lumpur
99326172,South View,2017,RM 1 999 per month,Kuala Lumpur - Bangsar South,Service Residence,2,1,1,648 sq.ft.,Partially Furnished,"Swimming Pool, Barbeque area, Multipurpose hall, Security, Parking, Playground, Gymnasium","Air-Cond, Cooking Allowed, Near KTM/LRT",Kuala Lumpur
100306316,Ativo Suites @ Damansara Avenue,2021,RM 2 200 per month,Kuala Lumpur - Sri Damansara,Condominium,1,1,1,499 sq.ft.,Fully Furnished,"Swimming Pool, Sauna, Club house, Security, Gymnasium, Tennis Court, Squash Court, Lift, Parking, Minimart, Playground",,Kuala Lumpur
99788070,Wangsa Metroview,2005,RM 1 700 per month,Kuala Lumpur - Wangsa Maju,Condominium,3,1,2,1150 sq.ft.,Partially Furnished,"Parking, Playground, Swimming Pool, Minimart, Gymnasium, Barbeque area, Security, Lift","Air-Cond, Washing Machine, Near KTM/LRT",Kuala Lumpur
100306060,Ativo Suites @ Damansara Avenue,2021,RM 2 200 per month,Kuala Lumpur - Sri Damansara,Condominium,1,1,1,499 sq.ft.,Fully Furnished,"Swimming Pool, Sauna, Club house, Security, Gymnasium, Tennis Court, Squash Court, Lift, Parking, Minimart, Playground",,Kuala Lumpur
100306246,Sofiya Residences,,RM 1 600 per month,Kuala Lumpur - Desa ParkCity,Condominium,3,1,2,862 sq.ft.,Partially Furnished,"Security, Playground, Lift, Gymnasium, Multipurpose hall, Parking, Jogging Track","Washing Machine, Air-Cond, Cooking Allowed",Kuala Lumpur
99269113,,,RM 2 300 per month,Kuala Lumpur - Segambut,Service Residence,2,2,2,1000 sq.ft.,Partially Furnished,"Parking, Security, Playground, Swimming Pool, Gymnasium, Jogging Track, Sauna, Barbeque area, Club house, Lift, Multipurpose hall","Air-Cond, Cooking Allowed, Washing Machine",Kuala Lumpur
99269115,,,RM 4 000 per month,Kuala Lumpur - KLCC,Condominium,3,2,2,1200 sq.ft.,Fully Furnished,"Parking, Gymnasium, Barbeque area, Security, Minimart, Swimming Pool, Club house, Playground, Lift, Sauna, Jogging Track, Multipurpose hall","Air-Cond, Cooking Allowed, Near KTM/LRT, Washing Machine",Kuala Lumpur
100047392,Majestic Maxim,2021,RM 1 500 per month,Kuala Lumpur - Cheras,Service Residence,2,1,2,650 sq.ft.,Fully Furnished,"Swimming Pool, Playground, Barbeque area, Jogging Track, Lift, Parking, Security, Gymnasium","Air-Cond, Cooking Allowed, Washing Machine, Near KTM/LRT",Kuala Lumpur
99243666,,,RM 950 per month,Kuala Lumpur - Ampang,Flat,2,,1,505 sq.ft.,Partially Furnished,,"Cooking Allowed, Near KTM/LRT",Kuala Lumpur
100172761,Maxim Citilights,2017,RM 1 400 per month,Kuala Lumpur - Sentul,Service Residence,3,2,2,1009 sq.ft.,Partially Furnished,"Minimart, Swimming Pool, Playground, Multipurpose hall, Jogging Track, Security, Lift, Parking",Cooking Allowed,Kuala Lumpur
100289333,Platinum Teratai Residence,2019,RM 1 800 per month,Kuala Lumpur - Setapak,Apartment,3,1,2,930 sq.ft.,Partially Furnished,"Security, Swimming Pool, Playground, Gymnasium, Multipurpose hall, Parking",Cooking Allowed,Kuala Lumpur
100305528,Verve Suites (Sri Hartamas),2012,RM 1 650 per month,Kuala Lumpur - Sri Hartamas,Service Residence,1,1,1,500 sq.ft.,Fully Furnished,,,Kuala Lumpur
100305568,Residensi Gombak 126,2016,RM 1 180 per month,Kuala Lumpur - Setapak,Service Residence,2,1,2,558 sq.ft.,Partially Furnished,"Parking, Playground, Swimming Pool, Multipurpose hall, Security, Gymnasium","Air-Cond, Cooking Allowed",Kuala Lumpur
100305685,The Pearl (Pearl Point),,RM 1 200 per month,Kuala Lumpur - Old Klang Road,Condominium,2,1,2,840 sq.ft.,Fully Furnished,"Sauna, Playground, Parking, Security, Minimart, Swimming Pool, Gymnasium",,Kuala Lumpur
100305158,Kiara Designer Suites,2007,RM 2 550 per month,Kuala Lumpur - Mont Kiara,Condominium,3,1,2,1050 sq.ft.,Fully Furnished,"Parking, Security, Lift, Playground",,Kuala Lumpur
100305384,Pangsapuri Cemara (Cheras),2002,RM 1 200 per month,Kuala Lumpur - Cheras,Apartment,3,,2,740 sq.ft.,Partially Furnished,"Swimming Pool, Minimart, Security, Parking, Lift, Playground, Multipurpose hall","Air-Cond, Near KTM/LRT",Kuala Lumpur
100305380,Icon Residence (Mont Kiara),,RM 2 600 per month,Kuala Lumpur - Solaris Dutamas,Condominium,2,1,3,1474 sq.ft.,Fully Furnished,,"Air-Cond, Cooking Allowed, Near KTM/LRT, Washing Machine, Internet",Kuala Lumpur
100305354,Pangsapuri Seroja,,RM 750 per month,Kuala Lumpur - Jinjang,Apartment,3,1,2,904 sq.ft.,Not Furnished,,,Kuala Lumpur
100305289,Arte Mont Kiara,,RM 3 000 per month,Kuala Lumpur - Mont Kiara,Service Residence,2,2,2,886 sq.ft.,Fully Furnished,,"Air-Cond, Cooking Allowed, Washing Machine",Kuala Lumpur
100305123,Menara Alpha,,RM 1 400 per month,Kuala Lumpur - Wangsa Maju,Condominium,3,1,2,1140 sq.ft.,Not Furnished,"Parking, Gymnasium, Playground, Swimming Pool, Security, Minimart",,Kuala Lumpur
100304843,Ativo Suites @ Damansara Avenue,2021,RM 2 200 per month,Kuala Lumpur - Sri Damansara,Condominium,1,1,1,499 sq.ft.,Fully Furnished,"Club house, Security, Playground, Swimming Pool, Gymnasium, Squash Court, Lift, Minimart, Tennis Court, Parking, Sauna",,Kuala Lumpur
100305042,Kenari Apartment (Taman Melati),,RM 1 650 per month,Kuala Lumpur - Setapak,Apartment,3,1,2,850 sq.ft.,Fully Furnished,,,Kuala Lumpur
100304772,Regalia Residence,2012,RM 2 000 per month,Kuala Lumpur - Jalan Sultan Ismail,Service Residence,1,1,1,800 sq.ft.,Fully Furnished,"Squash Court, Swimming Pool, Playground, Parking, Gymnasium, Lift, Multipurpose hall, Security, Sauna","Air-Cond, Cooking Allowed, Near KTM/LRT, Washing Machine",Kuala Lumpur
100304994,Lakeville Residence,2017,RM 2 600 per month,Kuala Lumpur - Jalan Ipoh,Condominium,3,2,2,1359 sq.ft.,Fully Furnished,,,Kuala Lumpur
97808952,PPA1M Metropolitan Kepong,2018,RM 1 200 per month,Kuala Lumpur - Kepong,Condominium,4,1,2,1100 sq.ft.,Partially Furnished,"Parking, Lift","Cooking Allowed, Washing Machine",Kuala Lumpur
100257102,Majestic Maxim,2021,RM 1 300 per month,Kuala Lumpur - Cheras,Service Residence,2,1,2,650 sq.ft.,Partially Furnished,"Gymnasium, Lift, Parking, Playground, Swimming Pool, Barbeque area, Security, Jogging Track",Air-Cond,Kuala Lumpur
100304385,Platinum OUG Residence,2021,RM 1 700 per month,Kuala Lumpur - Kuchai Lama,Condominium,3,1,2,1200 sq.ft.,Fully Furnished,"Playground, Security, Lift, Gymnasium, Parking, Swimming Pool, Sauna, Barbeque area, Minimart, Multipurpose hall, Squash Court, Tennis Court, Jogging Track, Club house","Air-Cond, Cooking Allowed, Near KTM/LRT, Washing Machine",Kuala Lumpur
100304374,Southbank Residence,2017,RM 2 450 per month,Kuala Lumpur - Old Klang Road,Service Residence,2,1,2,780 sq.ft.,Fully Furnished,"Security, Barbeque area, Swimming Pool, Gymnasium, Jogging Track, Multipurpose hall","Air-Cond, Washing Machine, Cooking Allowed",Kuala Lumpur
100304625,Prisma Cheras,,RM 1 400 per month,Kuala Lumpur - Cheras,Condominium,3,,2,1152 sq.ft.,Partially Furnished,"Gymnasium, Sauna, Parking, Security, Playground, Barbeque area, Swimming Pool, Tennis Court, Squash Court, Lift","Cooking Allowed, Air-Cond, Near KTM/LRT",Kuala Lumpur
100304591,Pangsapuri Mawar (Sentul),,RM 1 300 per month,Kuala Lumpur - Sentul,Condominium,3,1,2,870 sq.ft.,Not Furnished,"Security, Parking, Minimart",,Kuala Lumpur
86096571,KL Traders Square condo Jalan Gombak,,RM 1 700 per month,Kuala Lumpur - Setapak,Condominium,3,2,2,950 sq.ft.,Fully Furnished,"Parking, Security, Lift, Swimming Pool, Playground, Gymnasium, Barbeque area, Minimart, Multipurpose hall, Squash Court, Tennis Court, Jogging Track","Air-Cond, Cooking Allowed, Near KTM/LRT, Washing Machine, Internet",Kuala Lumpur
99200125,Season Garden Residence,,RM 1 450 per month,Kuala Lumpur - Wangsa Maju,Condominium,4,1,2,850 sq.ft.,Partially Furnished,"Parking, Security, Lift, Swimming Pool, Playground, Multipurpose hall, Minimart, Barbeque area, Gymnasium, Jogging Track","Air-Cond, Cooking Allowed, Near KTM/LRT, Washing Machine, Internet",Kuala Lumpur
100276185,Platinum Lake PV10,,RM 1 650 per month,Kuala Lumpur - Setapak,Condominium,4,1,2,1272 sq.ft.,Partially Furnished,"Security, Parking, Gymnasium, Jogging Track, Playground, Swimming Pool, Minimart, Lift, Multipurpose hall, Barbeque area","Cooking Allowed, Air-Cond",Kuala Lumpur
100212570,Platinum Hill PV 5,2006,RM 1 600 per month,Kuala Lumpur - Setapak,Condominium,4,1,2,1272 sq.ft.,Fully Furnished,"Playground, Swimming Pool, Jogging Track, Lift, Barbeque area, Sauna, Squash Court, Multipurpose hall, Parking, Security, Minimart, Gymnasium, Tennis Court","Air-Cond, Cooking Allowed, Near KTM/LRT, Washing Machine",Kuala Lumpur
100304316,OUG Parklane,,RM 1 200 per month,Kuala Lumpur - OUG,Service Residence,3,1,2,950 sq.ft.,Not Furnished,"Parking, Squash Court, Security, Minimart, Swimming Pool, Playground, Sauna",,Kuala Lumpur
100304027,The Pano,2018,RM 1 600 per month,Kuala Lumpur - Sentul,Service Residence,1,1,1,609 sq.ft.,Partially Furnished,"Security, Barbeque area, Multipurpose hall, Playground, Gymnasium","Air-Cond, Cooking Allowed, Near KTM/LRT, Washing Machine",Kuala Lumpur
100303973,Senada Residences @ KLGCC Resort,2022,RM 3 300 per month,Kuala Lumpur - Mont Kiara,Service Residence,2,1,2,958 sq.ft.,Partially Furnished,"Jogging Track, Security, Parking, Swimming Pool",,Kuala Lumpur
100303969,Tivoli Villas,1993,RM 2 150 per month,Kuala Lumpur - Bangsar,Condominium,2,2,2,1400 sq.ft.,Partially Furnished,,,Kuala Lumpur
100303962,M Centura,2021,RM 2 500 per month,Kuala Lumpur - Sentul,Service Residence,3,,2,850 sq.ft.,Fully Furnished,,,Kuala Lumpur
99255067,,,RM 1 502 per month,Kuala Lumpur - Cheras,Condominium,3,1,2,852 sq.ft.,Partially Furnished,"Tennis Court, Barbeque area, Security, Jogging Track, Multipurpose hall, Playground, Swimming Pool, Parking, Lift, Gymnasium","Air-Cond, Cooking Allowed, Near KTM/LRT",Kuala Lumpur
98164095,,,RM 1 501 per month,Kuala Lumpur - Cheras,Condominium,3,1,2,851 sq.ft.,Partially Furnished,"Tennis Court, Barbeque area, Security, Jogging Track, Multipurpose hall, Playground, Swimming Pool, Parking, Lift, Gymnasium","Air-Cond, Cooking Allowed, Near KTM/LRT",Kuala Lumpur
100303480,The Centrina,2016,RM 1 500 per month,Kuala Lumpur - Sungai Besi,Service Residence,3,2,2,1130 sq.ft.,Partially Furnished,"Sauna, Swimming Pool, Barbeque area, Playground, Lift, Security, Parking, Gymnasium, Minimart, Multipurpose hall","Air-Cond, Cooking Allowed",Kuala Lumpur
100303558,Platinum OUG Residence,2021,RM 1 500 per month,Kuala Lumpur - Kuchai Lama,Condominium,3,1,3,850 sq.ft.,Partially Furnished,"Playground, Security, Lift, Gymnasium, Parking, Swimming Pool, Multipurpose hall","Air-Cond, Cooking Allowed, Near KTM/LRT",Kuala Lumpur
100303242,The Hamilton,2020,RM 2 450 per month,Kuala Lumpur - Wangsa Maju,Condominium,4,2,2,1000 sq.ft.,Fully Furnished,,,Kuala Lumpur
100303193,PV 9 RESIDENSI,,RM 2 300 per month,Kuala Lumpur - Setapak,Condominium,3,2,2,1000 sq.ft.,Partially Furnished,"Parking, Security, Swimming Pool, Playground, Gymnasium, Multipurpose hall","Air-Cond, Washing Machine",Kuala Lumpur
100303263,Arte Plus Jalan Ampang,2018,RM 1 550 per month,Kuala Lumpur - Ampang,Service Residence,1,1,1,679 sq.ft.,Fully Furnished,"Parking, Security, Lift, Swimming Pool, Playground, Gymnasium, Sauna, Barbeque area, Minimart, Multipurpose hall, Club house, Jogging Track, Tennis Court, Squash Court","Air-Cond, Cooking Allowed, Washing Machine",Kuala Lumpur
100303109,Setia SKY Residences,2011,RM 3 600 per month,Kuala Lumpur - KLCC,Condominium,3,2,3,1259 sq.ft.,Fully Furnished,"Barbeque area, Parking, Security, Swimming Pool, Minimart, Club house, Playground, Gymnasium, Lift","Air-Cond, Cooking Allowed, Near KTM/LRT, Washing Machine",Kuala Lumpur
100178915,Desa Green,1997,RM 1 700 per month,Kuala Lumpur - Taman Desa,Service Residence,3,1,2,935 sq.ft.,Partially Furnished,"Playground, Security, Lift, Gymnasium, Swimming Pool, Parking, Sauna, Minimart, Multipurpose hall","Air-Cond, Cooking Allowed",Kuala Lumpur
100101493,The Centrina,2016,RM 1 500 per month,Kuala Lumpur - Sungai Besi,Service Residence,2,2,2,872 sq.ft.,Partially Furnished,"Swimming Pool, Barbeque area, Sauna, Playground, Parking, Security, Lift, Gymnasium, Minimart, Multipurpose hall","Air-Cond, Cooking Allowed",Kuala Lumpur
100070686,Central Residence @ Sg Besi,2015,RM 1 500 per month,Kuala Lumpur - Sungai Besi,Apartment,2,2,2,872 sq.ft.,Partially Furnished,"Barbeque area, Security, Gymnasium, Sauna, Multipurpose hall, Playground, Swimming Pool, Parking, Lift, Minimart","Air-Cond, Cooking Allowed, Washing Machine",Kuala Lumpur
99791834,The Leafz,,RM 2 900 per month,Kuala Lumpur - Sungai Besi,Service Residence,2,2,2,1317 sq.ft.,Fully Furnished,"Parking, Security, Lift, Swimming Pool, Playground, Gymnasium, Sauna, Minimart, Multipurpose hall","Air-Cond, Cooking Allowed, Washing Machine",Kuala Lumpur
99489608,Seksyen 1 Wangsa Maju Flat,,RM 900 per month,Kuala Lumpur - Wangsa Maju,Flat,2,1,1,530 sq.ft.,Not Furnished,Minimart,,Kuala Lumpur
99959409,Desa Green,1997,RM 2 000 per month,Kuala Lumpur - Taman Desa,Service Residence,3,1,2,935 sq.ft.,Fully Furnished,"Playground, Parking, Security, Lift, Swimming Pool, Gymnasium, Sauna, Minimart","Air-Cond, Cooking Allowed, Washing Machine",Kuala Lumpur
100303122,Residensi Harmoni 2 @ Bukit Prima Pelangi,2019,RM 700 per month,Kuala Lumpur - Segambut,Condominium,6,,3,20 sq.ft.,Fully Furnished,"Parking, Barbeque area, Playground, Swimming Pool, Gymnasium, Security, Jogging Track, Multipurpose hall, Lift, Sauna, Minimart","Air-Cond, Cooking Allowed, Near KTM/LRT, Washing Machine, Internet",Kuala Lumpur
100302959,Impiana Sky Residensi,2021,RM 1 300 per month,Kuala Lumpur - Bukit Jalil,Apartment,3,1,2,850 sq.ft.,Partially Furnished,"Multipurpose hall, Parking, Security, Gymnasium, Playground, Lift, Swimming Pool",Air-Cond,Kuala Lumpur
98516802,The Ooak (Kiara 163),2022,RM 1 250 per month,Kuala Lumpur - Mont Kiara,Service Residence,1,,1,300 sq.ft.,Fully Furnished,"Playground, Swimming Pool, Jogging Track, Gymnasium, Lift, Parking, Security, Minimart, Barbeque area","Air-Cond, Cooking Allowed, Washing Machine, Internet",Kuala Lumpur
100303068,"SkyAwani 3 Residence, Setapak",2021,RM 1 300 per month,Kuala Lumpur - Setapak,Condominium,3,,2,800 sq.ft.,Not Furnished,"Playground, Gymnasium, Tennis Court, Squash Court, Sauna, Minimart, Barbeque area, Security, Jogging Track, Parking, Swimming Pool, Lift",,Kuala Lumpur
100303044,Prisma Cheras,,RM 1 250 per month,Kuala Lumpur - Cheras,Condominium,4,1,2,1238 sq.ft.,Partially Furnished,"Parking, Security, Lift, Swimming Pool, Playground, Gymnasium, Sauna, Barbeque area, Minimart, Multipurpose hall, Club house, Jogging Track, Tennis Court, Squash Court","Air-Cond, Cooking Allowed",Kuala Lumpur
99544635,The Scott Soho,,RM 1 300 per month,Kuala Lumpur - Old Klang Road,Service Residence,1,1,2,775 sq.ft.,Partially Furnished,"Security, Barbeque area, Parking, Swimming Pool, Gymnasium, Lift, Playground, Multipurpose hall, Minimart",Cooking Allowed,Kuala Lumpur
99582688,Desa Green Serviced Apartment,,RM 1 400 per month,Kuala Lumpur - Taman Desa,Service Residence,3,1,2,715 sq.ft.,Partially Furnished,"Playground, Swimming Pool, Gymnasium, Sauna, Multipurpose hall, Security, Parking, Lift, Minimart","Air-Cond, Cooking Allowed",Kuala Lumpur
100214412,Desa Green,1997,RM 1 700 per month,Kuala Lumpur - Taman Desa,Service Residence,3,1,2,935 sq.ft.,Partially Furnished,"Parking, Playground, Security, Lift, Swimming Pool, Sauna, Minimart, Multipurpose hall, Barbeque area, Gymnasium","Air-Cond, Cooking Allowed, Washing Machine",Kuala Lumpur
99293887,Residensi Rampai,2016,RM 1 850 per month,Kuala Lumpur - Setapak,Condominium,3,2,2,850 sq.ft.,Fully Furnished,"Gymnasium, Barbeque area, Playground, Swimming Pool, Parking, Security","Air-Cond, Cooking Allowed, Washing Machine, Near KTM/LRT",Kuala Lumpur
100302653,Enesta,2021,RM 1 550 per month,Kuala Lumpur - Kepong,Service Residence,3,1,2,916 sq.ft.,Partially Furnished,"Parking, Security, Lift, Swimming Pool, Playground, Gymnasium, Sauna, Barbeque area, Minimart, Multipurpose hall, Club house","Cooking Allowed, Air-Cond, Near KTM/LRT",Kuala Lumpur
100302597,Majestic Maxim,2021,RM 1 400 per month,Kuala Lumpur - Cheras,Service Residence,2,1,2,670 sq.ft.,Partially Furnished,"Jogging Track, Playground, Swimming Pool, Parking, Security, Gymnasium, Lift, Barbeque area, Multipurpose hall, Club house","Air-Cond, Near KTM/LRT",Kuala Lumpur
100302608,"Vista Wirajaya 2 Partly Furnished, PV9 Setapak Melati Near LRT, TARC",,RM 1 600 per month,Kuala Lumpur - Setapak,Apartment,3,,2,850 sq.ft.,Partially Furnished,,,Kuala Lumpur
100302605,Majestic Maxim,2021,RM 1 600 per month,Kuala Lumpur - Cheras,Service Residence,3,1,2,819 sq.ft.,Partially Furnished,"Playground, Gymnasium, Lift, Barbeque area, Parking, Swimming Pool, Security, Jogging Track, Sauna, Multipurpose hall","Cooking Allowed, Near KTM/LRT, Air-Cond",Kuala Lumpur
100302776,Bayu Sentul Condominium,2015,RM 1 900 per month,Kuala Lumpur - Sentul,Condominium,3,2,2,1300 sq.ft.,Fully Furnished,,"Washing Machine, Cooking Allowed",Kuala Lumpur
100302536,Sofiya Residences,,RM 2 300 per month,Kuala Lumpur - Desa ParkCity,Condominium,3,1,2,1000 sq.ft.,Fully Furnished,"Security, Playground","Air-Cond, Washing Machine",Kuala Lumpur
100302514,Danau Impian,1997,RM 1 500 per month,Kuala Lumpur - Taman Desa,Condominium,3,1,2,918 sq.ft.,Fully Furnished,"Minimart, Gymnasium, Sauna, Parking, Security, Swimming Pool, Barbeque area, Playground, Club house",,Kuala Lumpur
100302467,Aman Dua,,RM 1 000 per month,Kuala Lumpur - Kepong,Apartment,2,1,2,850 sq.ft.,Partially Furnished,"Swimming Pool, Minimart, Security, Parking, Playground","Cooking Allowed, Air-Cond",Kuala Lumpur
100302046,Casa Mutiara,2007,RM 1 500 per month,Kuala Lumpur - Bukit Bintang,Service Residence,1,,1,325 sq.ft.,Fully Furnished,"Security, Gymnasium, Sauna, Swimming Pool, Barbeque area, Parking, Playground","Air-Cond, Cooking Allowed, Near KTM/LRT, Washing Machine",Kuala Lumpur
100302143,Aman Dua,,RM 900 per month,Kuala Lumpur - Kepong,Apartment,3,1,2,850 sq.ft.,Partially Furnished,"Minimart, Security, Parking, Swimming Pool, Lift, Playground, Barbeque area, Jogging Track","Air-Cond, Cooking Allowed",Kuala Lumpur
100302398,Queensville,,RM 1 300 per month,Kuala Lumpur - Cheras,Condominium,1,2,1,526 sq.ft.,Partially Furnished,"Parking, Security, Lift, Swimming Pool, Playground, Gymnasium, Sauna","Air-Cond, Cooking Allowed, Near KTM/LRT",Kuala Lumpur
100302365,Casa Magna,,RM 1 300 per month,Kuala Lumpur - Kepong,Apartment,3,,2,958 sq.ft.,Fully Furnished,"Swimming Pool, Barbeque area, Security, Playground, Parking","Air-Cond, Cooking Allowed, Near KTM/LRT, Washing Machine",Kuala Lumpur
100301950,Sentul Point Suite Apartment,2020,RM 1 900 per month,Kuala Lumpur - Sentul,Apartment,2,1,2,743 sq.ft.,Fully Furnished,"Gymnasium, Swimming Pool, Minimart, Playground, Parking, Security, Squash Court, Lift","Air-Cond, Washing Machine, Cooking Allowed",Kuala Lumpur
100301990,Kenwingston Platz,,RM 2 500 per month,Kuala Lumpur - Setapak,Service Residence,3,2,2,808 sq.ft.,Fully Furnished,"Parking, Security, Lift, Swimming Pool, Playground, Multipurpose hall, Gymnasium, Jogging Track, Minimart","Air-Cond, Cooking Allowed, Washing Machine",Kuala Lumpur
100302327,Sentul Utama Condominium,2009,RM 1 400 per month,Kuala Lumpur - Sentul,Condominium,3,1,2,877 sq.ft.,Partially Furnished,"Lift, Security, Playground, Swimming Pool",Cooking Allowed,Kuala Lumpur
100302305,Villa Wangsamas,2010,RM 1 600 per month,Kuala Lumpur - Wangsa Maju,Condominium,3,2,3,1267 sq.ft.,Partially Furnished,"Parking, Minimart, Jogging Track, Security, Swimming Pool, Squash Court, Playground, Gymnasium, Lift, Barbeque area, Multipurpose hall","Air-Cond, Cooking Allowed, Near KTM/LRT",Kuala Lumpur
100181831,Desa Aman Flat (Cheras),,RM 700 per month,Kuala Lumpur - Cheras,Flat,2,1,1,665 sq.ft.,Partially Furnished,"Parking, Playground, Minimart, Jogging Track",,Kuala Lumpur
100302033,Menara Sri Cendana,,RM 1 500 per month,Kuala Lumpur - Setiawangsa,Apartment,3,,1,878 sq.ft.,Partially Furnished,"Parking, Lift","Cooking Allowed, Near KTM/LRT, Washing Machine",Kuala Lumpur
100301697,Jalil Damai,,RM 1 450 per month,Kuala Lumpur - Bukit Jalil,Condominium,3,1,2,1040 sq.ft.,Partially Furnished,"Minimart, Parking, Security, Swimming Pool, Playground, Squash Court, Lift, Jogging Track, Club house, Barbeque area","Near KTM/LRT, Cooking Allowed",Kuala Lumpur
100301921,Majestic Maxim,2021,RM 1 400 per month,Kuala Lumpur - Cheras,Service Residence,2,1,2,650 sq.ft.,Partially Furnished,"Swimming Pool, Lift, Parking, Jogging Track, Barbeque area, Playground, Gymnasium, Security, Sauna, Multipurpose hall, Club house","Air-Cond, Cooking Allowed, Near KTM/LRT",Kuala Lumpur
100301653,Putra Villa,2007,RM 1 800 per month,Kuala Lumpur - Setapak,Condominium,3,,2,1076 sq.ft.,Fully Furnished,,,Kuala Lumpur
100301901,The Holmes 2,2021,RM 1 300 per month,Kuala Lumpur - Cheras,Condominium,3,2,2,943 sq.ft.,Partially Furnished,"Security, Sauna, Playground, Parking, Barbeque area, Swimming Pool, Gymnasium, Jogging Track, Multipurpose hall",,Kuala Lumpur
97468177,The Hipster @ Taman Desa,2022,RM 1 600 per month,Kuala Lumpur - Taman Desa,Service Residence,3,2,2,1075 sq.ft.,Partially Furnished,"Parking, Playground, Swimming Pool, Multipurpose hall, Security, Minimart, Gymnasium",Cooking Allowed,Kuala Lumpur
100248167,Jalil Damai,,RM 1 180 per month,Kuala Lumpur - Bukit Jalil,Apartment,3,,2,916 sq.ft.,Not Furnished,"Parking, Gymnasium, Security, Minimart, Squash Court, Swimming Pool, Playground",Cooking Allowed,Kuala Lumpur
100301863,Platinum OUG Residence,2021,RM 1 500 per month,Kuala Lumpur - Kuchai Lama,Condominium,3,1,2,1200 sq.ft.,Fully Furnished,"Security, Playground, Lift, Gymnasium, Parking, Swimming Pool, Multipurpose hall, Club house, Barbeque area","Air-Cond, Cooking Allowed, Near KTM/LRT, Washing Machine, Internet",Kuala Lumpur
100301797,Majestic Maxim,2021,RM 1 600 per month,Kuala Lumpur - Cheras,Service Residence,3,1,2,819 sq.ft.,Partially Furnished,"Playground, Gymnasium, Lift, Barbeque area, Parking, Swimming Pool, Security, Jogging Track, Sauna, Multipurpose hall","Cooking Allowed, Near KTM/LRT, Air-Cond",Kuala Lumpur
97838518,,,RM 1 650 per month,Kuala Lumpur - Setapak,Condominium,3,1,2,800 sq.ft.,Fully Furnished,"Parking, Security, Lift, Swimming Pool, Playground, Gymnasium, Minimart, Jogging Track",Air-Cond,Kuala Lumpur
100265299,Sky Awani Residensi 4,,RM 1 300 per month,Kuala Lumpur - Setapak,Condominium,3,1,2,800 sq.ft.,Not Furnished,"Parking, Security, Club house, Gymnasium, Swimming Pool, Playground",,Kuala Lumpur
97370129,,,RM 2 200 per month,Kuala Lumpur - Cheras,Condominium,3,2,2,850 sq.ft.,Fully Furnished,"Security, Jogging Track, Barbeque area, Multipurpose hall, Lift, Parking, Playground, Swimming Pool, Tennis Court","Air-Cond, Cooking Allowed, Washing Machine",Kuala Lumpur
100264184,Sky Awani Residensi 4,,RM 1 600 per month,Kuala Lumpur - Setapak,Condominium,3,1,2,800 sq.ft.,Partially Furnished,"Parking, Security, Lift, Swimming Pool, Playground",,Kuala Lumpur
100301714,Fahrenheit 88 (KL Plaza Suites),,RM 3 200 per month,Kuala Lumpur - Bukit Bintang,Service Residence,2,,2,1000 sq.ft.,Fully Furnished,"Security, Minimart, Swimming Pool, Gymnasium, Squash Court, Sauna, Club house, Parking",,Kuala Lumpur
100269208,Sofiya Residences,,RM 2 100 per month,Kuala Lumpur - Desa ParkCity,Condominium,3,,2,865 sq.ft.,Fully Furnished,"Parking, Security, Lift, Swimming Pool, Playground, Gymnasium, Sauna, Barbeque area, Minimart, Multipurpose hall, Club house, Jogging Track, Tennis Court, Squash Court","Air-Cond, Cooking Allowed, Near KTM/LRT, Washing Machine, Internet",Kuala Lumpur
100301259,Cormar Suite,2009,RM 2 500 per month,Kuala Lumpur - KLCC,Service Residence,1,,1,722 sq.ft.,Fully Furnished,"Swimming Pool, Gymnasium, Security, Sauna","Air-Cond, Washing Machine",Kuala Lumpur
97500117,,,RM 500 per month,Kuala Lumpur - Cheras,Condominium,1,,1,130 sq.ft.,Fully Furnished,"Security, Lift, Swimming Pool, Playground, Barbeque area, Jogging Track","Cooking Allowed, Washing Machine",Kuala Lumpur
100300979,Parc 3,2021,RM 2 700 per month,Kuala Lumpur - Cheras,Service Residence,2,1,2,736 sq.ft.,Fully Furnished,"Barbeque area, Lift, Multipurpose hall, Playground, Jogging Track, Parking, Security, Gymnasium","Air-Cond, Near KTM/LRT, Washing Machine, Cooking Allowed",Kuala Lumpur
98164308,UNA Serviced Apartment @ Peel,2020,RM 2 800 per month,Kuala Lumpur - Cheras,Service Residence,2,1,1,807 sq.ft.,Fully Furnished,"Playground, Gymnasium, Swimming Pool, Parking","Air-Cond, Cooking Allowed, Near KTM/LRT, Washing Machine",Kuala Lumpur
100270162,OUG Parklane,,RM 350 per month,Kuala Lumpur - OUG,Service Residence,1,,1,300 sq.ft.,Fully Furnished,"Swimming Pool, Sauna, Playground, Parking, Security, Minimart, Squash Court","Washing Machine, Air-Cond",Kuala Lumpur
100273751,EkoCheras Service Apartment,2017,RM 2 350 per month,Kuala Lumpur - Cheras,Service Residence,2,1,2,1168 sq.ft.,Partially Furnished,"Jogging Track, Minimart, Tennis Court, Sauna, Lift, Barbeque area, Security, Gymnasium, Swimming Pool, Parking, Playground","Air-Cond, Cooking Allowed, Near KTM/LRT",Kuala Lumpur
99998390,Seksyen 2 Wangsa Maju Flat Block D,,RM 1 100 per month,Kuala Lumpur - Wangsa Maju,Flat,2,,1,550 sq.ft.,Not Furnished,,Near KTM/LRT,Kuala Lumpur
98911090,8 Kinrara,2016,RM 2 700 per month,Kuala Lumpur - Puchong,Service Residence,3,2,2,1096 sq.ft.,Fully Furnished,"Jogging Track, Security, Swimming Pool, Playground, Gymnasium, Parking, Lift, Minimart, Multipurpose hall","Air-Cond, Cooking Allowed, Near KTM/LRT, Washing Machine",Kuala Lumpur
100300922,Saujana Ria Aparment,,RM 850 per month,Kuala Lumpur - Kepong,Apartment,3,,2,650 sq.ft.,Partially Furnished,,Cooking Allowed,Kuala Lumpur
100300555,The Vyne,2017,RM 1 500 per month,Kuala Lumpur - Sungai Besi,Condominium,2,1,2,855 sq.ft.,Partially Furnished,"Parking, Security, Lift, Swimming Pool, Playground, Gymnasium, Sauna, Barbeque area, Minimart, Multipurpose hall, Club house, Jogging Track, Squash Court","Air-Cond, Cooking Allowed",Kuala Lumpur
100265940,V Residence Suites,,RM 2 800 per month,Kuala Lumpur - Cheras,Service Residence,1,1,1,650 sq.ft.,Fully Furnished,"Swimming Pool, Gymnasium, Security, Playground","Air-Cond, Cooking Allowed, Near KTM/LRT, Washing Machine",Kuala Lumpur
100300436,Setapak Green,2014,RM 1 800 per month,Kuala Lumpur - Setapak,Condominium,4,2,3,1362 sq.ft.,Partially Furnished,,,Kuala Lumpur
100300432,Maxim Citilights,2017,RM 1 199 per month,Kuala Lumpur - Sentul,Condominium,2,1,2,860 sq.ft.,Partially Furnished,"Security, Playground, Jogging Track, Multipurpose hall, Minimart, Swimming Pool",,Kuala Lumpur
100300386,"SkyAwani 3 Residence, Setapak",2021,RM 1 450 per month,Kuala Lumpur - Setapak,Condominium,3,1,2,850 sq.ft.,Partially Furnished,"Jogging Track, Playground, Swimming Pool, Sauna, Parking, Security, Minimart, Gymnasium, Squash Court, Tennis Court, Lift, Barbeque area",,Kuala Lumpur
100300393,Palace Court,2014,RM 1 600 per month,Kuala Lumpur - Kuchai Lama,Condominium,3,2,2,1313 sq.ft.,Partially Furnished,"Tennis Court, Barbeque area, Sauna, Swimming Pool, Gymnasium, Lift, Security, Playground",,Kuala Lumpur
100300473,TAR Villa,,RM 1 450 per month,Kuala Lumpur - Setapak,Condominium,3,1,2,1000 sq.ft.,Fully Furnished,"Parking, Security, Minimart, Barbeque area, Playground",,Kuala Lumpur
100300465,Midah Ria,,RM 1 200 per month,Kuala Lumpur - Cheras,Condominium,3,1,2,960 sq.ft.,Partially Furnished,,,Kuala Lumpur
100300525,Plaza Medan Putra,,RM 329 999 per month,Kuala Lumpur - Kepong,Service Residence,4,1,2,920 sq.ft.,Partially Furnished,"Parking, Minimart, Swimming Pool, Security, Gymnasium, Jogging Track, Playground, Lift, Multipurpose hall",,Kuala Lumpur
100072155,Mutiara Magna,,RM 1 000 per month,Kuala Lumpur - Kepong,Apartment,3,,2,650 sq.ft.,Not Furnished,"Parking, Security",,Kuala Lumpur
100142614,"SkyAwani 3 Residence, Setapak",2021,RM 1 100 per month,Kuala Lumpur - Setapak,Condominium,3,1,2,800 sq.ft.,Partially Furnished,"Swimming Pool, Gymnasium, Tennis Court, Jogging Track, Barbeque area, Parking, Security, Squash Court, Sauna, Minimart, Playground, Lift",Near KTM/LRT,Kuala Lumpur
99948913,The Holmes 2,2021,RM 1 800 per month,Kuala Lumpur - Cheras,Condominium,3,2,2,1106 sq.ft.,Partially Furnished,"Jogging Track, Sauna, Swimming Pool, Gymnasium, Parking, Security, Playground, Barbeque area, Multipurpose hall","Air-Cond, Cooking Allowed, Near KTM/LRT, Washing Machine",Kuala Lumpur
99948781,The Holmes,,RM 1 600 per month,Kuala Lumpur - Cheras,Condominium,3,2,2,1018 sq.ft.,Partially Furnished,"Parking, Security, Lift, Swimming Pool, Playground, Gymnasium, Barbeque area, Multipurpose hall, Jogging Track","Air-Cond, Cooking Allowed, Near KTM/LRT, Washing Machine",Kuala Lumpur
97620570,The Holmes 2,2021,RM 1 500 per month,Kuala Lumpur - Cheras,Condominium,3,2,2,943 sq.ft.,Partially Furnished,"Security, Sauna, Playground, Parking, Barbeque area, Swimming Pool, Gymnasium, Jogging Track, Multipurpose hall",,Kuala Lumpur
100300373,Danau Kota Suite Apartments,2018,RM 1 499 per month,Kuala Lumpur - Setapak,Condominium,3,1,2,969 sq.ft.,Partially Furnished,"Lift, Parking, Gymnasium, Minimart, Playground, Swimming Pool, Jogging Track, Security",,Kuala Lumpur
100300656,Pandan Heights Condominium,,RM 1 100 per month,Kuala Lumpur - Cheras,Condominium,3,,3,988 sq.ft.,Partially Furnished,"Parking, Security, Lift, Swimming Pool, Playground, Minimart, Multipurpose hall, Jogging Track","Near KTM/LRT, Internet",Kuala Lumpur
100300578,Bintang Goldhill,2008,RM 2 650 per month,Kuala Lumpur - KLCC,Service Residence,2,1,2,1047 sq.ft.,Fully Furnished,"Security, Sauna, Gymnasium, Parking","Air-Cond, Near KTM/LRT, Cooking Allowed, Washing Machine",Kuala Lumpur
96126712,,,RM 3 650 per month,Kuala Lumpur - City Centre,Service Residence,2,1,2,1098 sq.ft.,Fully Furnished,"Parking, Security, Lift, Swimming Pool, Playground, Gymnasium, Sauna, Barbeque area, Minimart, Multipurpose hall","Air-Cond, Cooking Allowed, Near KTM/LRT, Washing Machine",Kuala Lumpur
96080327,,,RM 3 500 per month,Kuala Lumpur - Keramat,Service Residence,2,1,2,775 sq.ft.,Fully Furnished,,"Air-Cond, Cooking Allowed, Near KTM/LRT, Washing Machine",Kuala Lumpur
95935502,,,RM 3 600 per month,Kuala Lumpur - Keramat,Condominium,2,1,2,1098 sq.ft.,Fully Furnished,,,Kuala Lumpur
100300265,Parc 3,2021,RM 2 600 per month,Kuala Lumpur - Cheras,Service Residence,2,1,2,736 sq.ft.,Fully Furnished,"Parking, Security, Lift, Swimming Pool, Playground, Gymnasium, Sauna, Barbeque area, Minimart, Multipurpose hall, Club house, Jogging Track, Tennis Court, Squash Court","Air-Cond, Cooking Allowed, Near KTM/LRT, Washing Machine",Kuala Lumpur
100300111,Tivoli Villas,1993,RM 1 700 per month,Kuala Lumpur - Bangsar,Condominium,1,1,1,678 sq.ft.,Partially Furnished,"Gymnasium, Squash Court, Minimart, Playground, Barbeque area, Parking, Swimming Pool, Tennis Court, Sauna, Security","Air-Cond, Cooking Allowed, Washing Machine",Kuala Lumpur
100300232,Endah Promenade,2011,RM 2 000 per month,Kuala Lumpur - Sri Petaling,Condominium,3,2,3,1300 sq.ft.,Partially Furnished,,,Kuala Lumpur
100300222,Casa Mutiara,2007,RM 2 000 per month,Kuala Lumpur - Bukit Bintang,Service Residence,2,,2,900 sq.ft.,Fully Furnished,"Playground, Gymnasium, Barbeque area, Sauna, Parking, Security, Swimming Pool",,Kuala Lumpur
99052564,,,RM 800 per month,Kuala Lumpur - Kepong,Apartment,3,,2,650 sq.ft.,Not Furnished,"Security, Lift",,Kuala Lumpur
98055048,,,RM 10 000 per month,Kuala Lumpur - Bukit Tunku,Condominium,4,2,5,2900 sq.ft.,Partially Furnished,"Playground, Security, Tennis Court, Sauna, Swimming Pool, Gymnasium, Lift, Multipurpose hall, Club house, Parking","Cooking Allowed, Air-Cond, Washing Machine",Kuala Lumpur
100300192,Faber Heights,1988,RM 2 000 per month,Kuala Lumpur - Taman Desa,Condominium,3,2,2,1267 sq.ft.,Fully Furnished,"Sauna, Playground, Minimart, Tennis Court, Squash Court, Parking, Security, Swimming Pool, Gymnasium, Barbeque area, Club house",,Kuala Lumpur
100300178,Danau Idaman,2000,RM 1 400 per month,Kuala Lumpur - Taman Desa,Condominium,3,1,2,928 sq.ft.,Partially Furnished,"Swimming Pool, Security, Tennis Court, Squash Court, Parking, Minimart, Gymnasium, Sauna, Playground",,Kuala Lumpur
100300160,Desa Gembira,,RM 1 500 per month,Kuala Lumpur - Old Klang Road,Condominium,3,1,2,1257 sq.ft.,Fully Furnished,"Parking, Playground, Security, Minimart, Swimming Pool, Jogging Track, Gymnasium",,Kuala Lumpur
100299964,Cengal Condominium,2001,RM 1 600 per month,Kuala Lumpur - Cheras,Condominium,3,1,2,900 sq.ft.,Fully Furnished,"Security, Playground, Parking",,Kuala Lumpur
100299955,Sri Kinabalu,,RM 1 300 per month,Kuala Lumpur - Wangsa Maju,Condominium,4,1,2,1200 sq.ft.,Partially Furnished,"Tennis Court, Barbeque area, Parking, Playground, Swimming Pool, Security",,Kuala Lumpur
99826752,Connaught Avenue,2012,RM 1 450 per month,Kuala Lumpur - Cheras,Service Residence,3,,2,950 sq.ft.,Fully Furnished,"Security, Playground, Swimming Pool, Parking",,Kuala Lumpur
100299925,THE FENNEL AT SENTUL EAST,2017,RM 2 600 per month,Kuala Lumpur - Sentul,Condominium,3,2,3,1300 sq.ft.,Fully Furnished,,,Kuala Lumpur
100283897,Pantai Hillpark 2,1990,RM 1 700 per month,Kuala Lumpur - Bangsar South,Condominium,3,1,2,1103 sq.ft.,Fully Furnished,"Parking, Security, Lift, Swimming Pool, Playground, Multipurpose hall, Jogging Track, Minimart, Squash Court","Air-Cond, Cooking Allowed, Near KTM/LRT, Washing Machine, Internet",Kuala Lumpur
100299806,Mutiara Magna,,RM 1 000 per month,Kuala Lumpur - Kepong,Apartment,3,,2,750 sq.ft.,Not Furnished,"Parking, Security, Lift",,Kuala Lumpur
100299786,Desa Pandan Baiduri Block G Apartment,,RM 1 500 per month,Kuala Lumpur - KLCC,Apartment,3,1,2,950 sq.ft.,Partially Furnished,"Parking, Security","Air-Cond, Cooking Allowed",Kuala Lumpur
100299399,Service Suites @ Pavilion Embassy,,RM 4 000 per month,Kuala Lumpur - Keramat,Condominium,2,1,2,775 sq.ft.,Fully Furnished,,,Kuala Lumpur
100299397,Intan Apartment (Setiawangsa),,RM 1 500 per month,Kuala Lumpur - Setiawangsa,Apartment,3,,2,980 sq.ft.,Partially Furnished,"Playground, Security, Parking",Cooking Allowed,Kuala Lumpur
100299453,Service Suites @ Pavilion Embassy,,RM 4 700 per month,Kuala Lumpur - Keramat,Condominium,2,1,2,1098 sq.ft.,Fully Furnished,,,Kuala Lumpur
100299551,"Fera Residence @ The Quartz, Wangsa Maju",,RM 1 850 per month,Kuala Lumpur - Wangsa Maju,Condominium,3,1,2,700 sq.ft.,Fully Furnished,"Swimming Pool, Parking",,Kuala Lumpur
100299532,Bayu Tasik 2,1998,RM 1 200 per month,Kuala Lumpur - Cheras,Condominium,3,1,2,920 sq.ft.,Fully Furnished,"Parking, Security, Lift, Swimming Pool, Playground, Gymnasium, Sauna, Barbeque area, Minimart, Multipurpose hall, Club house, Jogging Track, Tennis Court, Squash Court","Air-Cond, Cooking Allowed, Near KTM/LRT, Washing Machine",Kuala Lumpur
96834683,Unio Residence,2021,RM 1 800 per month,Kuala Lumpur - Kepong,Service Residence,2,2,2,866 sq.ft.,Partially Furnished,"Playground, Jogging Track, Parking, Security, Multipurpose hall, Swimming Pool, Lift, Barbeque area, Gymnasium, Minimart, Tennis Court","Air-Cond, Cooking Allowed, Near KTM/LRT, Washing Machine, Internet",Kuala Lumpur
100254294,M City,2016,RM 7 000 per month,Kuala Lumpur - KL City,Service Residence,4,2,5,1804 sq.ft.,Partially Furnished,"Security, Playground, Jogging Track, Lift, Barbeque area, Parking, Minimart, Sauna, Swimming Pool, Gymnasium, Squash Court",Near KTM/LRT,Kuala Lumpur
100218019,Cendana Apartment,2008,RM 950 per month,Kuala Lumpur - Cheras,Apartment,3,1,2,650 sq.ft.,Partially Furnished,"Minimart, Playground, Gymnasium, Security, Parking, Lift, Multipurpose hall, Jogging Track, Barbeque area","Cooking Allowed, Near KTM/LRT",Kuala Lumpur
100298973,The Era,2021,RM 2 600 per month,Kuala Lumpur - Segambut,Service Residence,2,1,2,883 sq.ft.,Fully Furnished,"Playground, Security, Sauna, Gymnasium, Parking, Swimming Pool, Barbeque area, Jogging Track, Lift, Minimart, Multipurpose hall",,Kuala Lumpur
100206384,Kelumpuk Pinang,,RM 950 per month,Kuala Lumpur - Setiawangsa,Flat,2,,1,547 sq.ft.,Not Furnished,,,Kuala Lumpur
100298647,Bennington Residences @ SkyArena,2019,RM 1 000 per month,Kuala Lumpur - Setapak,Condominium,1,2,1,301 sq.ft.,Not Furnished,"Parking, Security, Lift, Swimming Pool, Playground, Gymnasium, Sauna, Barbeque area, Minimart, Multipurpose hall, Club house, Jogging Track, Tennis Court, Squash Court",Air-Cond,Kuala Lumpur
100298556,OUG Parklane,,RM 1 400 per month,Kuala Lumpur - OUG,Service Residence,3,1,2,950 sq.ft.,Partially Furnished,"Squash Court, Parking, Minimart, Security, Playground, Swimming Pool, Sauna, Lift, Jogging Track, Gymnasium","Air-Cond, Cooking Allowed",Kuala Lumpur
100298551,Seksyen 4 Wangsa Maju Flat Block A,,RM 900 per month,Kuala Lumpur - Wangsa Maju,Flat,2,,1,560 sq.ft.,Not Furnished,,,Kuala Lumpur
100298521,Ativo Suites @ Damansara Avenue,2021,RM 2 200 per month,Kuala Lumpur - Sri Damansara,Condominium,1,1,1,499 sq.ft.,Fully Furnished,"Security, Lift, Club house, Gymnasium, Tennis Court, Parking, Minimart, Sauna, Playground, Swimming Pool, Squash Court",,Kuala Lumpur
100298746,OUG Parklane,,RM 1 200 per month,Kuala Lumpur - OUG,Service Residence,3,1,2,950 sq.ft.,Partially Furnished,"Squash Court, Parking, Minimart, Security, Playground, Swimming Pool, Sauna, Lift, Jogging Track",,Kuala Lumpur
99789987,Bangsar Puteri,,RM 2 000 per month,Kuala Lumpur - Bangsar,Condominium,2,,2,700 sq.ft.,Fully Furnished,"Parking, Security, Swimming Pool, Tennis Court, Playground, Club house, Squash Court, Sauna, Gymnasium, Barbeque area","Air-Cond, Cooking Allowed, Near KTM/LRT, Washing Machine, Internet",Kuala Lumpur
97107881,Suria Kipark Damansara,2009,RM 1 000 per month,Kuala Lumpur - Kepong,Apartment,3,1,2,958 sq.ft.,Not Furnished,"Security, Swimming Pool, Playground, Minimart, Parking, Lift, Multipurpose hall, Jogging Track","Cooking Allowed, Near KTM/LRT",Kuala Lumpur
99903368,OUG Parklane,,RM 1 250 per month,Kuala Lumpur - OUG,Service Residence,3,1,2,900 sq.ft.,Partially Furnished,"Swimming Pool, Squash Court, Security, Minimart, Sauna, Parking, Playground, Lift, Multipurpose hall, Jogging Track","Air-Cond, Cooking Allowed",Kuala Lumpur
100262493,Perdana Puri,,RM 1 200 per month,Kuala Lumpur - Kepong,Condominium,3,,2,904 sq.ft.,Partially Furnished,"Parking, Security","Air-Cond, Cooking Allowed, Washing Machine, Internet",Kuala Lumpur
92367206,Binjai Residency,2007,RM 5 950 per month,Kuala Lumpur - KLCC,Condominium,4,2,4,2178 sq.ft.,Partially Furnished,"Security, Swimming Pool, Sauna, Club house, Playground, Barbeque area, Tennis Court, Parking, Gymnasium, Lift","Air-Cond, Cooking Allowed, Washing Machine",Kuala Lumpur
100298432,Dahlia Apartment (Ampang),,RM 1 200 per month,Kuala Lumpur - Ampang,Apartment,3,1,2,787 sq.ft.,Not Furnished,"Squash Court, Security, Barbeque area, Minimart, Club house, Gymnasium, Tennis Court, Parking",,Kuala Lumpur
99944215,OUG Parklane,,RM 1 250 per month,Kuala Lumpur - OUG,Service Residence,3,1,2,950 sq.ft.,Partially Furnished,"Parking, Swimming Pool, Sauna, Squash Court, Minimart, Playground, Security","Cooking Allowed, Washing Machine, Internet",Kuala Lumpur
99131398,Platinum Splendor Residensi Semarak,2020,RM 2 899 per month,Kuala Lumpur - Keramat,Condominium,4,2,2,1065 sq.ft.,Fully Furnished,"Playground, Swimming Pool, Sauna, Gymnasium, Squash Court, Lift, Security, Minimart, Parking, Tennis Court","Air-Cond, Washing Machine, Near KTM/LRT, Cooking Allowed",Kuala Lumpur
100251213,Perumahan Pantai Permai,,RM 1 250 per month,Kuala Lumpur - Bangsar South,Apartment,3,,2,650 sq.ft.,Partially Furnished,"Parking, Minimart, Jogging Track, Security, Playground","Air-Cond, Cooking Allowed, Near KTM/LRT, Washing Machine, Internet",Kuala Lumpur
100297900,Saville,2013,RM 1 650 per month,Kuala Lumpur - Taman Melawati,Service Residence,3,1,2,980 sq.ft.,Partially Furnished,"Parking, Security, Lift, Swimming Pool, Playground, Gymnasium, Sauna, Barbeque area, Minimart, Multipurpose hall, Club house, Jogging Track, Tennis Court, Squash Court","Air-Cond, Cooking Allowed, Washing Machine",Kuala Lumpur
100297919,The Haute,2019,RM 2 100 per month,Kuala Lumpur - Keramat,Condominium,3,2,2,1050 sq.ft.,Fully Furnished,"Swimming Pool, Multipurpose hall, Parking, Security, Gymnasium, Lift, Playground","Cooking Allowed, Air-Cond, Near KTM/LRT, Washing Machine",Kuala Lumpur
100298093,Residensi Desa Sentralmas (Taman Desa),,RM 1 350 per month,Kuala Lumpur - Taman Desa,Condominium,3,1,2,850 sq.ft.,Partially Furnished,"Security, Playground, Swimming Pool, Minimart, Lift, Parking","Cooking Allowed, Washing Machine",Kuala Lumpur
96833412,Platinum Splendor Residensi Semarak,2020,RM 1 799 per month,Kuala Lumpur - Keramat,Condominium,3,2,2,1065 sq.ft.,Partially Furnished,"Parking, Security, Lift, Swimming Pool, Playground, Gymnasium, Sauna, Barbeque area, Minimart, Multipurpose hall, Club house, Jogging Track, Tennis Court, Squash Court","Air-Cond, Cooking Allowed, Near KTM/LRT, Washing Machine",Kuala Lumpur
96696657,Platinum Splendor Residensi Semarak,2020,RM 1 900 per month,Kuala Lumpur - Keramat,Condominium,4,2,2,1065 sq.ft.,Partially Furnished,"Parking, Security, Lift, Swimming Pool, Playground, Gymnasium, Sauna, Barbeque area, Minimart, Multipurpose hall, Club house, Jogging Track, Tennis Court, Squash Court","Air-Cond, Cooking Allowed, Near KTM/LRT, Washing Machine",Kuala Lumpur
100297874,Dahlia Apartment (Ampang),,RM 1 300 per month,Kuala Lumpur - Ampang,Apartment,3,,2,860 sq.ft.,Not Furnished,Playground,,Kuala Lumpur
97301150,Platinum Splendor Residensi Semarak,2020,RM 1 900 per month,Kuala Lumpur - Keramat,Condominium,4,2,2,1065 sq.ft.,Partially Furnished,"Parking, Security, Lift, Swimming Pool, Playground, Gymnasium, Sauna, Barbeque area, Minimart, Multipurpose hall, Club house, Jogging Track, Tennis Court, Squash Court","Air-Cond, Cooking Allowed, Near KTM/LRT, Washing Machine",Kuala Lumpur
97030726,Platinum Splendor Residensi Semarak,2020,RM 1 500 per month,Kuala Lumpur - Keramat,Condominium,4,2,2,1065 sq.ft.,Not Furnished,"Parking, Security, Lift, Swimming Pool, Playground, Gymnasium, Sauna, Barbeque area, Minimart, Multipurpose hall, Club house, Jogging Track, Tennis Court, Squash Court","Air-Cond, Cooking Allowed, Near KTM/LRT, Washing Machine",Kuala Lumpur
100264422,Residensi Rampai,2016,RM 1 750 per month,Kuala Lumpur - Setapak,Condominium,3,1,2,850 sq.ft.,Partially Furnished,"Parking, Playground, Barbeque area, Security, Gymnasium, Swimming Pool, Lift, Minimart, Multipurpose hall","Air-Cond, Cooking Allowed, Washing Machine",Kuala Lumpur
100297776,Maxim Residences,2017,RM 1 400 per month,Kuala Lumpur - Cheras,Service Residence,3,2,2,1050 sq.ft.,Partially Furnished,"Security, Gymnasium, Parking, Swimming Pool, Lift, Playground, Sauna","Cooking Allowed, Near KTM/LRT, Washing Machine",Kuala Lumpur
100297721,Arte Plus Jalan Ampang,2018,RM 1 550 per month,Kuala Lumpur - Ampang,Condominium,1,1,1,679 sq.ft.,Fully Furnished,"Parking, Playground, Gymnasium, Swimming Pool, Lift, Security, Sauna, Multipurpose hall","Air-Cond, Cooking Allowed, Near KTM/LRT, Washing Machine",Kuala Lumpur
100297702,Residensi Pandanmas 2,,RM 1 400 per month,Kuala Lumpur - Desa Pandan,Apartment,3,,2,900 sq.ft.,Partially Furnished,"Playground, Parking, Gymnasium, Swimming Pool, Minimart, Security, Lift, Multipurpose hall","Air-Cond, Near KTM/LRT, Cooking Allowed",Kuala Lumpur
100297695,PV9 Residences @ Taman Melati,2022,RM 2 800 per month,Kuala Lumpur - Setapak,Service Residence,3,2,2,1000 sq.ft.,Partially Furnished,"Parking, Security, Lift, Swimming Pool, Playground, Gymnasium, Minimart","Air-Cond, Cooking Allowed, Near KTM/LRT, Washing Machine",Kuala Lumpur
100297692,Majestic Maxim,2021,RM 1 600 per month,Kuala Lumpur - Cheras,Condominium,2,1,2,650 sq.ft.,Not Furnished,"Playground, Lift, Jogging Track, Parking, Swimming Pool, Security, Gymnasium, Barbeque area, Sauna, Minimart, Multipurpose hall, Club house","Air-Cond, Near KTM/LRT, Cooking Allowed",Kuala Lumpur
100297669,PV2 Condo,,RM 200 per month,Kuala Lumpur - Setapak,Condominium,1,1,1,150 sq.ft.,Not Furnished,"Security, Parking, Lift",Near KTM/LRT,Kuala Lumpur
98538286,THE FENNEL AT SENTUL EAST,2017,RM 3 000 per month,Kuala Lumpur - Sentul,Condominium,4,1,4,1544 sq.ft.,Fully Furnished,,,Kuala Lumpur
100297555,Majestic Maxim,2021,RM 1 600 per month,Kuala Lumpur - Cheras,Service Residence,3,,2,880 sq.ft.,Partially Furnished,"Security, Lift, Swimming Pool, Playground, Gymnasium, Minimart, Multipurpose hall, Squash Court","Near KTM/LRT, Washing Machine, Air-Cond",Kuala Lumpur
100297535,Cheras Utama,,RM 950 per month,Kuala Lumpur - Cheras,Apartment,3,,2,886 sq.ft.,Not Furnished,"Security, Parking","Cooking Allowed, Air-Cond",Kuala Lumpur
100297515,Jinjang Utara,,RM 750 per month,Kuala Lumpur - Kepong,Flat,3,2,2,720 sq.ft.,Not Furnished,"Parking, Playground, Lift, Minimart, Jogging Track",Cooking Allowed,Kuala Lumpur
100297153,Chymes @ Gurney,2016,RM 2 600 per month,Kuala Lumpur - Keramat,Condominium,2,,2,995 sq.ft.,Fully Furnished,"Parking, Security, Lift, Swimming Pool, Playground, Gymnasium, Sauna, Barbeque area, Multipurpose hall, Squash Court","Air-Cond, Cooking Allowed, Near KTM/LRT, Washing Machine",Kuala Lumpur
100297384,Residensi Alam Damai (PR1MA @ Alam Damai),,RM 1 100 per month,Kuala Lumpur - Cheras,Apartment,3,,2,935 sq.ft.,Partially Furnished,"Parking, Security, Lift, Playground, Gymnasium, Barbeque area, Minimart, Multipurpose hall, Jogging Track",Cooking Allowed,Kuala Lumpur
100297367,Melur Apartment (Sentul),2006,RM 1 750 per month,Kuala Lumpur - Sentul,Apartment,3,1,2,1065 sq.ft.,Fully Furnished,"Minimart, Security, Parking, Lift, Playground","Air-Cond, Cooking Allowed, Near KTM/LRT, Washing Machine",Kuala Lumpur
100297331,Bangsar Puteri,,RM 2 000 per month,Kuala Lumpur - Bangsar,Condominium,2,2,2,1066 sq.ft.,Fully Furnished,"Playground, Swimming Pool, Gymnasium, Barbeque area, Sauna, Club house, Parking, Security, Tennis Court, Squash Court",,Kuala Lumpur
100297113,The Era,2021,RM 2 800 per month,Kuala Lumpur - Segambut,Service Residence,3,2,2,1033 sq.ft.,Fully Furnished,"Gymnasium, Barbeque area, Swimming Pool, Playground, Jogging Track, Sauna, Parking, Security, Lift, Minimart, Multipurpose hall, Club house","Air-Cond, Cooking Allowed, Near KTM/LRT, Washing Machine",Kuala Lumpur
99774128,Ascenda Residences @ SkyArena Setapak,2017,RM 1 450 per month,Kuala Lumpur - Setapak,Condominium,3,2,2,908 sq.ft.,Partially Furnished,"Barbeque area, Multipurpose hall, Parking, Security, Gymnasium, Swimming Pool, Jogging Track",,Kuala Lumpur
100296882,The Henge Kepong,2019,RM 2 299 per month,Kuala Lumpur - Kepong,Condominium,3,2,2,1100 sq.ft.,Fully Furnished,"Squash Court, Jogging Track, Club house, Playground, Swimming Pool, Tennis Court, Parking, Security, Minimart, Gymnasium, Barbeque area, Sauna, Multipurpose hall, Lift",,Kuala Lumpur
100296901,Menara Seputih,,RM 1 200 per month,Kuala Lumpur - Seputeh,Condominium,1,,1,600 sq.ft.,Fully Furnished,"Parking, Minimart, Gymnasium, Security, Playground, Swimming Pool, Barbeque area",,Kuala Lumpur
100297020,M Centura,2021,RM 2 480 per month,Kuala Lumpur - Sentul,Service Residence,3,2,2,850 sq.ft.,Fully Furnished,"Parking, Gymnasium, Sauna, Security, Lift, Swimming Pool, Playground, Multipurpose hall, Barbeque area, Club house","Air-Cond, Cooking Allowed, Near KTM/LRT, Washing Machine",Kuala Lumpur
100297015,Sky Awani Residensi,,RM 1 730 per month,Kuala Lumpur - Sentul,Condominium,3,1,2,800 sq.ft.,Fully Furnished,"Parking, Swimming Pool, Security, Playground, Lift, Multipurpose hall, Gymnasium, Minimart","Air-Cond, Cooking Allowed, Near KTM/LRT, Washing Machine",Kuala Lumpur
99422731,THE FENNEL AT SENTUL EAST,2017,RM 1 750 per month,Kuala Lumpur - Sentul,Condominium,1,,1,350 sq.ft.,Fully Furnished,,,Kuala Lumpur
99774117,Danau Kota Suite Apartments,2018,RM 1 350 per month,Kuala Lumpur - Setapak,Apartment,3,1,2,829 sq.ft.,Not Furnished,"Parking, Jogging Track, Security, Minimart, Lift, Playground, Swimming Pool, Gymnasium",,Kuala Lumpur
99774123,Ascenda Residences @ SkyArena Setapak,2017,RM 1 600 per month,Kuala Lumpur - Setapak,Condominium,3,2,2,908 sq.ft.,Partially Furnished,"Barbeque area, Multipurpose hall, Parking, Security, Gymnasium, Swimming Pool, Jogging Track",,Kuala Lumpur
100084447,Majestic Maxim,2021,RM 1 400 per month,Kuala Lumpur - Cheras,Service Residence,3,1,2,819 sq.ft.,Partially Furnished,"Parking, Security, Jogging Track, Swimming Pool, Lift, Playground, Gymnasium, Barbeque area","Air-Cond, Near KTM/LRT, Cooking Allowed",Kuala Lumpur
100296733,The Hipster @ Taman Desa,2022,RM 1 488 per month,Kuala Lumpur - Taman Desa,Condominium,3,2,2,958 sq.ft.,Partially Furnished,"Gymnasium, Lift, Squash Court, Playground, Swimming Pool, Minimart, Parking, Security, Sauna, Barbeque area, Multipurpose hall, Tennis Court, Jogging Track, Club house","Air-Cond, Cooking Allowed, Near KTM/LRT, Washing Machine, Internet",Kuala Lumpur
100296538,Monte Bayu,,RM 1 500 per month,Kuala Lumpur - Cheras,Condominium,3,1,2,1134 sq.ft.,Not Furnished,"Security, Playground, Gymnasium, Tennis Court, Barbeque area, Parking, Swimming Pool, Lift",,Kuala Lumpur
100143359,Bukit Cheras Apartment (Block 1 & 3),,RM 650 per month,Kuala Lumpur - Cheras,Apartment,3,1,1,650 sq.ft.,Not Furnished,"Lift, Parking, Playground",Near KTM/LRT,Kuala Lumpur
100084609,Pangsapuri Segar Ria,,RM 700 per month,Kuala Lumpur - Cheras,Apartment,3,1,2,650 sq.ft.,Not Furnished,"Jogging Track, Parking",,Kuala Lumpur
100296564,PV9 Residences @ Taman Melati,2022,RM 550 per month,Kuala Lumpur - Setapak,Condominium,4,1,2,850 sq.ft.,Fully Furnished,"Parking, Security, Lift, Swimming Pool, Playground, Gymnasium, Sauna, Barbeque area, Minimart, Multipurpose hall, Club house, Jogging Track, Tennis Court, Squash Court","Air-Cond, Cooking Allowed, Near KTM/LRT, Washing Machine, Internet",Kuala Lumpur
99754261,Majestic Maxim,2021,RM 1 199 per month,Kuala Lumpur - Cheras,Service Residence,2,,2,650 sq.ft.,Not Furnished,"Jogging Track, Security, Swimming Pool, Playground, Parking, Lift, Barbeque area, Gymnasium, Multipurpose hall, Minimart","Cooking Allowed, Near KTM/LRT, Air-Cond",Kuala Lumpur
100214864,Tiara ampang,,RM 2 000 per month,Kuala Lumpur - Ampang,Condominium,3,1,2,1118 sq.ft.,Fully Furnished,"Parking, Security, Lift, Swimming Pool, Playground, Gymnasium, Sauna, Barbeque area, Minimart, Multipurpose hall, Club house, Jogging Track, Tennis Court, Squash Court","Air-Cond, Cooking Allowed",Kuala Lumpur
100296164,Villa Crystal,2017,RM 1 800 per month,Kuala Lumpur - Segambut,Condominium,3,2,3,1298 sq.ft.,Partially Furnished,"Playground, Gymnasium, Jogging Track, Sauna, Parking, Security, Swimming Pool",,Kuala Lumpur
100296162,Platinum Splendor Residensi Semarak,2020,RM 1 700 per month,Kuala Lumpur - Keramat,Condominium,3,2,2,926 sq.ft.,Fully Furnished,"Playground, Tennis Court, Squash Court, Lift, Gymnasium, Parking, Security, Minimart, Swimming Pool, Sauna","Air-Cond, Cooking Allowed, Near KTM/LRT, Washing Machine",Kuala Lumpur
100296121,Majestic Maxim,2021,RM 1 400 per month,Kuala Lumpur - Cheras,Service Residence,2,1,2,670 sq.ft.,Partially Furnished,"Playground, Parking, Security, Gymnasium, Jogging Track, Swimming Pool, Lift, Barbeque area","Air-Cond, Cooking Allowed, Near KTM/LRT",Kuala Lumpur
100296111,Majestic Maxim,2021,RM 1 000 per month,Kuala Lumpur - Cheras,Service Residence,3,,2,819 sq.ft.,Partially Furnished,"Playground, Gymnasium, Jogging Track, Lift, Barbeque area, Parking, Security, Swimming Pool, Minimart, Multipurpose hall","Air-Cond, Cooking Allowed, Near KTM/LRT",Kuala Lumpur
100296105,Majestic Maxim,2021,RM 1 000 per month,Kuala Lumpur - Cheras,Service Residence,3,1,2,819 sq.ft.,Partially Furnished,"Playground, Gymnasium, Jogging Track, Lift, Barbeque area, Parking, Security, Swimming Pool, Minimart, Multipurpose hall, Club house","Air-Cond, Cooking Allowed, Near KTM/LRT",Kuala Lumpur
98552571,,,RM 1 000 per month,Kuala Lumpur - Jalan Ipoh,Service Residence,1,,1,450 sq.ft.,Fully Furnished,"Security, Lift, Playground, Minimart, Parking","Air-Cond, Cooking Allowed, Near KTM/LRT, Washing Machine, Internet",Kuala Lumpur
100109448,Titiwangsa Sentral,2011,RM 2 200 per month,Kuala Lumpur - Titiwangsa,Condominium,3,1,2,1100 sq.ft.,Fully Furnished,"Security, Playground, Swimming Pool, Gymnasium, Barbeque area, Tennis Court, Squash Court, Lift, Parking, Sauna, Minimart, Multipurpose hall, Jogging Track, Club house","Air-Cond, Cooking Allowed, Near KTM/LRT, Washing Machine",Kuala Lumpur
100248909,Residensi Platinum Teratai,,RM 1 600 per month,Kuala Lumpur - Setapak,Condominium,3,2,2,928 sq.ft.,Partially Furnished,,,Kuala Lumpur
100206458,MH Platinum Residency,,RM 1 500 per month,Kuala Lumpur - Setapak,Condominium,3,1,2,1018 sq.ft.,Not Furnished,,,Kuala Lumpur
100016116,Amaya Maluri,2013,RM 1 900 per month,Kuala Lumpur - Cheras,Condominium,3,2,2,920 sq.ft.,Fully Furnished,"Multipurpose hall, Playground, Swimming Pool, Gymnasium, Parking, Security",,Kuala Lumpur
100295530,Putra Majestik,2008,RM 1 200 per month,Kuala Lumpur - Jalan Ipoh,Condominium,3,1,2,1027 sq.ft.,Not Furnished,"Lift, Security, Parking, Swimming Pool, Playground, Minimart, Squash Court, Jogging Track, Multipurpose hall, Barbeque area, Gymnasium, Sauna, Tennis Court","Cooking Allowed, Near KTM/LRT",Kuala Lumpur
100295521,Bennington Residences @ SkyArena,2019,RM 2 500 per month,Kuala Lumpur - Setapak,Condominium,3,,2,1185 sq.ft.,Fully Furnished,"Parking, Lift, Security, Swimming Pool, Playground, Barbeque area, Sauna, Gymnasium, Multipurpose hall, Minimart","Washing Machine, Cooking Allowed, Air-Cond",Kuala Lumpur
100295462,Wangsa Heights,2001,RM 1 300 per month,Kuala Lumpur - Ampang,Condominium,2,1,2,800 sq.ft.,Fully Furnished,"Playground, Swimming Pool, Gymnasium, Multipurpose hall, Parking, Barbeque area, Security, Lift","Cooking Allowed, Air-Cond, Near KTM/LRT",Kuala Lumpur
100295441,One Residences,,RM 2 200 per month,Kuala Lumpur - Sungai Besi,Service Residence,2,1,2,888 sq.ft.,Fully Furnished,"Gymnasium, Sauna, Multipurpose hall, Security, Swimming Pool, Barbeque area, Minimart, Playground, Lift, Parking","Air-Cond, Cooking Allowed, Near KTM/LRT, Washing Machine",Kuala Lumpur
100137192,Taman Indah Murni,,RM 1 000 per month,Kuala Lumpur - Segambut,Flat,3,,1,700 sq.ft.,Partially Furnished,,,Kuala Lumpur
99874080,The Henge Kepong,2019,RM 1 750 per month,Kuala Lumpur - Kepong,Condominium,4,2,2,1300 sq.ft.,Partially Furnished,"Minimart, Squash Court, Tennis Court, Club house","Air-Cond, Near KTM/LRT",Kuala Lumpur
100202199,Vista Angkasa,,RM 1 900 per month,Kuala Lumpur - Bangsar South,Apartment,4,2,2,1000 sq.ft.,Partially Furnished,"Swimming Pool, Security, Minimart, Jogging Track, Parking",,Kuala Lumpur
98660831,"Fera Residence @ The Quartz, Wangsa Maju",,RM 2 200 per month,Kuala Lumpur - Wangsa Maju,Service Residence,2,,3,819 sq.ft.,Fully Furnished,"Parking, Swimming Pool, Security, Playground, Gymnasium, Barbeque area, Multipurpose hall, Lift, Sauna, Minimart","Air-Cond, Cooking Allowed, Washing Machine",Kuala Lumpur
99845459,The Loft @ ZetaPark,,RM 1 650 per month,Kuala Lumpur - Setapak,Condominium,1,1,1,689 sq.ft.,Fully Furnished,"Jogging Track, Gymnasium, Security, Multipurpose hall, Sauna, Parking, Swimming Pool",,Kuala Lumpur
100295237,Flat Taman Maluri,,RM 900 per month,Kuala Lumpur - Pandan Jaya,Flat,2,,1,700 sq.ft.,Not Furnished,,,Kuala Lumpur
100295161,PV9 Residences @ Taman Melati,2022,RM 1 600 per month,Kuala Lumpur - Setapak,Condominium,3,1,2,850 sq.ft.,Fully Furnished,"Parking, Security, Lift, Swimming Pool, Playground, Gymnasium, Sauna, Barbeque area, Minimart, Multipurpose hall, Club house, Jogging Track, Tennis Court, Squash Court","Air-Cond, Cooking Allowed, Near KTM/LRT, Washing Machine, Internet",Kuala Lumpur
99841590,Pangsapuri Cemara (Cheras),2002,RM 1 200 per month,Kuala Lumpur - Cheras,Apartment,3,1,2,720 sq.ft.,Partially Furnished,"Minimart, Parking, Security, Swimming Pool, Lift","Air-Cond, Near KTM/LRT",Kuala Lumpur
100295082,The Elements,2015,RM 1 600 per month,Kuala Lumpur - Ampang,Service Residence,1,1,1,640 sq.ft.,Fully Furnished,"Barbeque area, Sauna, Security, Gymnasium, Multipurpose hall, Swimming Pool, Playground, Jogging Track","Air-Cond, Cooking Allowed, Near KTM/LRT, Washing Machine",Kuala Lumpur
100295081,The Elements,2015,RM 2 100 per month,Kuala Lumpur - Ampang,Service Residence,2,1,2,1000 sq.ft.,Fully Furnished,"Swimming Pool, Jogging Track, Playground, Barbeque area, Gymnasium, Sauna, Multipurpose hall, Security","Cooking Allowed, Air-Cond",Kuala Lumpur
100295080,The Elements,2015,RM 2 200 per month,Kuala Lumpur - Ampang,Service Residence,2,2,2,950 sq.ft.,Fully Furnished,"Security, Gymnasium, Barbeque area, Sauna, Multipurpose hall, Playground, Jogging Track, Swimming Pool","Air-Cond, Cooking Allowed, Near KTM/LRT, Washing Machine",Kuala Lumpur
100295079,Reizz Residence,2019,RM 1 900 per month,Kuala Lumpur - Ampang Hilir,Service Residence,2,1,1,697 sq.ft.,Fully Furnished,"Swimming Pool, Sauna, Security, Jogging Track","Air-Cond, Cooking Allowed, Washing Machine",Kuala Lumpur
100295146,Aman Dua,,RM 1 000 per month,Kuala Lumpur - Kepong,Apartment,3,1,2,837 sq.ft.,Partially Furnished,"Swimming Pool, Parking, Security, Minimart, Lift, Playground",,Kuala Lumpur
100202286,Legasi Kampong Bharu,2020,RM 3 300 per month,Kuala Lumpur - KL City,Apartment,3,1,2,950 sq.ft.,Fully Furnished,"Jogging Track, Minimart, Gymnasium, Playground, Swimming Pool, Tennis Court, Lift, Parking, Security, Squash Court",,Kuala Lumpur
100294996,Pangsapuri Mawar (Sentul),,RM 1 300 per month,Kuala Lumpur - Sentul,Condominium,3,1,2,1200 sq.ft.,Not Furnished,"Parking, Security, Minimart, Swimming Pool",Near KTM/LRT,Kuala Lumpur
100201918,Taman Connaught,,RM 880 per month,Kuala Lumpur - Cheras,Apartment,2,1,1,650 sq.ft.,Fully Furnished,"Parking, Security, Lift, Playground, Gymnasium, Jogging Track","Air-Cond, Cooking Allowed, Near KTM/LRT, Washing Machine",Kuala Lumpur
100295019,PV9 Residences @ Taman Melati,2022,RM 1 400 per month,Kuala Lumpur - Setapak,Condominium,3,1,2,850 sq.ft.,Fully Furnished,"Parking, Security, Lift, Swimming Pool, Playground, Gymnasium, Sauna, Barbeque area, Minimart, Multipurpose hall, Club house, Jogging Track, Tennis Court, Squash Court","Air-Cond, Cooking Allowed, Near KTM/LRT, Washing Machine, Internet",Kuala Lumpur
100294876,Vista Angkasa,,RM 1 800 per month,Kuala Lumpur - Bangsar South,Apartment,3,1,2,940 sq.ft.,Partially Furnished,"Minimart, Parking, Security, Jogging Track, Lift, Playground, Tennis Court","Near KTM/LRT, Washing Machine, Cooking Allowed",Kuala Lumpur
100294856,Ativo Suites @ Damansara Avenue,2021,RM 2 300 per month,Kuala Lumpur - Sri Damansara,Service Residence,1,1,1,751 sq.ft.,Fully Furnished,"Playground, Tennis Court, Lift, Swimming Pool, Squash Court, Sauna, Club house, Parking, Security, Minimart, Gymnasium",Air-Cond,Kuala Lumpur
100294809,Aman Satu,,RM 850 per month,Kuala Lumpur - Kepong,Apartment,3,,2,837 sq.ft.,Partially Furnished,Parking,,Kuala Lumpur
97456680,PPA1M Bukit Jalil,,RM 1 650 per month,Kuala Lumpur - Bukit Jalil,Apartment,4,1,2,1450 sq.ft.,Fully Furnished,"Parking, Security, Lift, Playground, Barbeque area, Minimart, Multipurpose hall, Jogging Track","Cooking Allowed, Washing Machine, Air-Cond, Near KTM/LRT",Kuala Lumpur
95056891,"Desa Dua Aprt, Kepong(partial furnished🔥💥💫)",,RM 800 per month,Kuala Lumpur - Kepong,Apartment,3,,2,837 sq.ft.,Partially Furnished,,,Kuala Lumpur
100294709,Wangsa Heights,2001,RM 1 250 per month,Kuala Lumpur - Ampang,Condominium,2,1,2,800 sq.ft.,Fully Furnished,"Gymnasium, Jogging Track, Swimming Pool, Playground, Squash Court, Multipurpose hall, Barbeque area, Sauna, Parking, Minimart, Security","Air-Cond, Cooking Allowed, Washing Machine",Kuala Lumpur
100294690,Aman Putra Apartment,,RM 750 per month,Kuala Lumpur - Kepong,Apartment,3,,2,720 sq.ft.,Partially Furnished,"Parking, Security, Minimart, Jogging Track, Swimming Pool, Sauna",,Kuala Lumpur
99303036,Majestic Maxim,2021,RM 1 300 per month,Kuala Lumpur - Cheras,Service Residence,2,1,2,650 sq.ft.,Partially Furnished,"Playground, Gymnasium, Jogging Track, Parking, Security, Swimming Pool, Lift, Barbeque area","Near KTM/LRT, Air-Cond, Washing Machine",Kuala Lumpur
100294213,The Hamstead,,RM 1 400 per month,Kuala Lumpur - Cheras,Condominium,3,2,2,1003 sq.ft.,Partially Furnished,"Parking, Security, Lift, Swimming Pool, Playground, Multipurpose hall, Minimart, Barbeque area, Sauna, Gymnasium, Club house, Jogging Track, Tennis Court, Squash Court","Air-Cond, Cooking Allowed, Near KTM/LRT, Washing Machine, Internet",Kuala Lumpur
100294245,The Hermington,2021,RM 1 688 per month,Kuala Lumpur - Kuchai Lama,Condominium,3,2,2,1100 sq.ft.,Partially Furnished,"Playground, Swimming Pool, Gymnasium, Jogging Track, Sauna, Multipurpose hall, Parking, Security, Lift, Barbeque area, Minimart, Tennis Court, Squash Court, Club house","Air-Cond, Cooking Allowed, Near KTM/LRT, Washing Machine, Internet",Kuala Lumpur
99116347,,,RM 3 600 per month,Kuala Lumpur - KLCC,Service Residence,3,,2,849 sq.ft.,Fully Furnished,,"Air-Cond, Cooking Allowed, Near KTM/LRT, Washing Machine",Kuala Lumpur
100294198,The Havre @ Bukit Jalil,2020,RM 2 200 per month,Kuala Lumpur - Bukit Jalil,Condominium,3,2,3,1100 sq.ft.,Fully Furnished,"Minimart, Squash Court, Lift, Barbeque area, Club house, Swimming Pool, Gymnasium, Tennis Court, Sauna, Multipurpose hall, Security, Playground, Jogging Track, Parking","Air-Cond, Cooking Allowed, Near KTM/LRT, Washing Machine, Internet",Kuala Lumpur
100294327,Aman Dua,,RM 1 000 per month,Kuala Lumpur - Kepong,Apartment,3,1,1,850 sq.ft.,Partially Furnished,"Swimming Pool, Minimart, Parking, Security, Lift, Playground, Jogging Track","Air-Cond, Cooking Allowed, Washing Machine",Kuala Lumpur
100294174,The Hamstead,,RM 2 099 per month,Kuala Lumpur - Cheras,Condominium,3,2,2,1003 sq.ft.,Fully Furnished,"Parking, Security, Lift, Swimming Pool, Playground, Multipurpose hall, Minimart, Barbeque area, Sauna, Gymnasium, Club house, Jogging Track, Tennis Court, Squash Court","Air-Cond, Near KTM/LRT, Washing Machine, Cooking Allowed, Internet",Kuala Lumpur
99266898,Pangsapuri Jati Selatan,,RM 1 000 per month,Kuala Lumpur - Desa Petaling,Apartment,3,,2,850 sq.ft.,Partially Furnished,"Parking, Security, Lift",Air-Cond,Kuala Lumpur
100294074,Pangsapuri Mawar (Sentul),,RM 1 300 per month,Kuala Lumpur - Sentul,Condominium,3,,2,870 sq.ft.,Not Furnished,"Parking, Security, Minimart",,Kuala Lumpur
100201287,Residensi Suria Pantai,2020,RM 1 600 per month,Kuala Lumpur - Pantai,Apartment,3,,2,810 sq.ft.,Partially Furnished,"Sauna, Club house, Jogging Track, Tennis Court, Squash Court, Barbeque area","Near KTM/LRT, Cooking Allowed",Kuala Lumpur
100294157,Aster Green Residence,2022,RM 1 688 per month,Kuala Lumpur - Sri Petaling,Service Residence,2,1,2,800 sq.ft.,Partially Furnished,"Barbeque area, Parking, Multipurpose hall, Security, Playground, Swimming Pool, Lift, Sauna, Gymnasium, Club house, Jogging Track, Tennis Court, Minimart, Squash Court","Air-Cond, Cooking Allowed, Near KTM/LRT, Washing Machine, Internet",Kuala Lumpur
100294150,Platinum OUG Residence,2021,RM 1 800 per month,Kuala Lumpur - Kuchai Lama,Condominium,3,1,2,1200 sq.ft.,Fully Furnished,"Lift, Playground, Gymnasium, Security, Parking, Minimart, Jogging Track","Air-Cond, Cooking Allowed, Near KTM/LRT, Washing Machine, Internet",Kuala Lumpur
100294137,Pinnacle PJ,2016,RM 2 200 per month,Kuala Lumpur - Sri Petaling,Service Residence,3,1,2,900 sq.ft.,Fully Furnished,"Club house, Playground, Swimming Pool, Gymnasium, Jogging Track, Multipurpose hall, Barbeque area, Security, Parking, Lift, Sauna, Minimart, Tennis Court, Squash Court","Air-Cond, Cooking Allowed, Near KTM/LRT, Washing Machine, Internet",Kuala Lumpur
100294113,Avenue Court,1993,RM 1 300 per month,Kuala Lumpur - Old Klang Road,Apartment,3,1,2,932 sq.ft.,Not Furnished,"Security, Jogging Track, Parking, Minimart, Playground, Gymnasium, Swimming Pool, Lift",,Kuala Lumpur
100264929,The Sky Residence @ Shamelin,2019,RM 1 600 per month,Kuala Lumpur - Cheras,Service Residence,2,1,2,668 sq.ft.,Partially Furnished,"Parking, Security, Lift, Playground, Gymnasium, Barbeque area, Sauna, Swimming Pool, Multipurpose hall, Jogging Track, Minimart","Air-Cond, Near KTM/LRT",Kuala Lumpur
100293864,Kenari Apartment (Taman Melati),,RM 1 680 per month,Kuala Lumpur - Setapak,Apartment,3,1,2,900 sq.ft.,Fully Furnished,"Parking, Security, Playground","Air-Cond, Cooking Allowed, Near KTM/LRT, Washing Machine, Internet",Kuala Lumpur
100293846,Residensi Vista Wirajaya,,RM 15 000 per month,Kuala Lumpur - Setapak,Apartment,3,1,2,850 sq.ft.,Not Furnished,,"Cooking Allowed, Near KTM/LRT",Kuala Lumpur
97346815,The Palladium,,RM 1 800 per month,Kuala Lumpur - Keramat,Condominium,4,,3,1100 sq.ft.,Fully Furnished,"Swimming Pool, Parking, Minimart, Security, Playground, Squash Court, Multipurpose hall","Air-Cond, Near KTM/LRT, Washing Machine",Kuala Lumpur
100293918,Casa Mutiara,2007,RM 1 800 per month,Kuala Lumpur - Bukit Bintang,Service Residence,1,1,1,475 sq.ft.,Fully Furnished,"Gymnasium, Parking, Security, Playground, Swimming Pool, Barbeque area, Lift","Cooking Allowed, Near KTM/LRT, Air-Cond",Kuala Lumpur
100293779,Menara Alpha,,RM 1 400 per month,Kuala Lumpur - Wangsa Maju,Condominium,3,1,2,1140 sq.ft.,Not Furnished,"Minimart, Swimming Pool, Playground, Security, Gymnasium, Parking, Lift",,Kuala Lumpur
100293777,rumah kampung,,RM 800 per month,Kuala Lumpur - Others,Others,2,1,1,800 sq.ft.,Not Furnished,Parking,Cooking Allowed,Kuala Lumpur
100293515,Pangsapuri Villa Harmonis,,RM 1 300 per month,Kuala Lumpur - Gombak,Apartment,3,1,2,950 sq.ft.,Not Furnished,"Parking, Security, Lift",,Kuala Lumpur
99326087,Casa Vista,,RM 3 500 per month,Kuala Lumpur - Bangsar,Condominium,4,,3,1300 sq.ft.,Fully Furnished,"Minimart, Squash Court, Playground, Sauna, Security, Parking, Swimming Pool, Gymnasium, Lift","Air-Cond, Near KTM/LRT, Washing Machine, Cooking Allowed",Kuala Lumpur
100293763,Rampai Court,,RM 950 per month,Kuala Lumpur - Wangsa Maju,Apartment,2,,1,600 sq.ft.,Not Furnished,"Parking, Security, Lift, Playground, Barbeque area",,Kuala Lumpur
100293759,Seksyen 10 Wangsa Maju,,RM 650 per month,Kuala Lumpur - Wangsa Maju,Flat,2,,1,550 sq.ft.,Not Furnished,,Near KTM/LRT,Kuala Lumpur
100293476,Impiana Sky Residensi,2021,RM 1 300 per month,Kuala Lumpur - Bukit Jalil,Apartment,3,1,2,850 sq.ft.,Partially Furnished,"Multipurpose hall, Parking, Security, Playground, Gymnasium, Lift, Jogging Track","Air-Cond, Cooking Allowed, Near KTM/LRT, Internet",Kuala Lumpur
100293667,Kenari Apartment (Taman Melati),,RM 1 680 per month,Kuala Lumpur - Setapak,Apartment,3,1,2,900 sq.ft.,Fully Furnished,"Parking, Lift, Playground, Security","Air-Cond, Cooking Allowed, Near KTM/LRT, Internet",Kuala Lumpur
100200935,Sentul Utama Condominium,2009,RM 1 200 per month,Kuala Lumpur - Sentul,Condominium,3,1,2,877 sq.ft.,Not Furnished,"Security, Parking, Lift, Swimming Pool",,Kuala Lumpur
100293638,Casa Magna,,RM 1 200 per month,Kuala Lumpur - Kepong,Apartment,3,1,2,955 sq.ft.,Partially Furnished,"Parking, Playground, Security, Barbeque area, Swimming Pool, Lift, Minimart, Tennis Court, Jogging Track","Near KTM/LRT, Cooking Allowed",Kuala Lumpur
99739786,Lido Residency,2016,RM 1 800 per month,Kuala Lumpur - Cheras,Condominium,2,1,2,900 sq.ft.,Partially Furnished,"Swimming Pool, Gymnasium, Jogging Track, Security, Playground, Barbeque area, Multipurpose hall, Parking, Lift","Air-Cond, Cooking Allowed",Kuala Lumpur
98177409,Desa Kudalari,,RM 4 000 per month,Kuala Lumpur - KLCC,Condominium,3,1,4,2000 sq.ft.,Fully Furnished,"Parking, Playground, Swimming Pool, Barbeque area, Squash Court, Sauna, Security, Gymnasium, Lift, Minimart, Multipurpose hall, Club house, Tennis Court, Jogging Track","Air-Cond, Cooking Allowed, Near KTM/LRT, Washing Machine",Kuala Lumpur
100280032,"SkyAwani 3 Residence, Setapak",2021,RM 1 500 per month,Kuala Lumpur - Setapak,Condominium,3,1,2,800 sq.ft.,Partially Furnished,"Parking, Minimart, Sauna, Barbeque area, Swimming Pool, Squash Court, Jogging Track, Lift, Security, Playground, Gymnasium, Tennis Court",,Kuala Lumpur
98262500,Casa Kiara 1,,RM 2 500 per month,Kuala Lumpur - Mont Kiara,Condominium,3,2,4,1400 sq.ft.,Fully Furnished,"Security, Playground, Gymnasium, Parking, Swimming Pool, Minimart, Lift","Air-Cond, Cooking Allowed, Washing Machine",Kuala Lumpur
98176406,Kiaramas Cendana,2006,RM 3 300 per month,Kuala Lumpur - Mont Kiara,Condominium,3,2,3,1650 sq.ft.,Fully Furnished,"Playground, Swimming Pool, Gymnasium, Tennis Court, Squash Court, Minimart, Barbeque area, Sauna, Jogging Track, Parking, Security, Lift, Multipurpose hall, Club house","Air-Cond, Cooking Allowed, Washing Machine",Kuala Lumpur
100293458,Petalz Residences @ Old Klang Road,2016,RM 2 400 per month,Kuala Lumpur - Old Klang Road,Service Residence,3,,2,935 sq.ft.,Fully Furnished,"Playground, Security, Swimming Pool, Gymnasium, Parking",,Kuala Lumpur
100293195,Ativo Suites @ Damansara Avenue,2021,RM 2 200 per month,Kuala Lumpur - Sri Damansara,Condominium,1,1,1,499 sq.ft.,Fully Furnished,"Security, Minimart, Tennis Court, Parking, Lift, Swimming Pool, Squash Court, Sauna, Playground, Gymnasium, Club house",,Kuala Lumpur
100293280,Residensi Alam Damai (PR1MA @ Alam Damai),,RM 1 250 per month,Kuala Lumpur - Cheras,Apartment,3,1,2,935 sq.ft.,Not Furnished,"Parking, Jogging Track, Security, Lift, Playground, Gymnasium, Minimart, Multipurpose hall","Cooking Allowed, Near KTM/LRT",Kuala Lumpur
99521693,Platinum Splendor Residensi Semarak,2020,RM 1 500 per month,Kuala Lumpur - Keramat,Condominium,4,2,2,1065 sq.ft.,Not Furnished,"Playground, Parking, Security, Swimming Pool, Gymnasium, Squash Court, Lift, Minimart, Tennis Court, Sauna","Cooking Allowed, Near KTM/LRT, Washing Machine",Kuala Lumpur
100293145,Ativo Suites @ Damansara Avenue,2021,RM 2 000 per month,Kuala Lumpur - Sri Damansara,Condominium,1,1,1,607 sq.ft.,Partially Furnished,"Security, Minimart, Tennis Court, Parking, Lift, Swimming Pool, Squash Court, Sauna, Playground, Gymnasium, Club house",,Kuala Lumpur
99078465,Desa Aman Puri,,RM 780 per month,Kuala Lumpur - Kepong,Apartment,3,,2,655 sq.ft.,Partially Furnished,"Parking, Lift, Security",Cooking Allowed,Kuala Lumpur
100293125,Arte Plus Jalan Ampang,2018,RM 1 630 per month,Kuala Lumpur - Ampang,Service Residence,2,,2,700 sq.ft.,Fully Furnished,"Parking, Playground, Gymnasium, Security, Lift, Swimming Pool","Air-Cond, Cooking Allowed, Washing Machine, Internet",Kuala Lumpur
100293115,Mandy Villa,,RM 1 400 per month,Kuala Lumpur - Segambut,Apartment,3,,2,1007 sq.ft.,Partially Furnished,"Parking, Minimart, Jogging Track, Security, Playground","Air-Cond, Near KTM/LRT",Kuala Lumpur
100293104,Seasons Garden Residences @ Wangsa Maju,2017,RM 1 000 per month,Kuala Lumpur - Wangsa Maju,Apartment,4,2,2,850 sq.ft.,Partially Furnished,"Minimart, Playground, Swimming Pool, Parking, Gymnasium, Security, Lift, Sauna, Barbeque area, Multipurpose hall, Club house, Tennis Court, Jogging Track, Squash Court","Air-Cond, Cooking Allowed, Washing Machine, Near KTM/LRT, Internet",Kuala Lumpur
100293081,Le Chateau,,RM 1 500 per month,Kuala Lumpur - Seputeh,Apartment,2,1,2,970 sq.ft.,Partially Furnished,"Parking, Security, Lift, Playground, Barbeque area","Air-Cond, Cooking Allowed",Kuala Lumpur
100292938,The Henge Kepong,2019,RM 2 200 per month,Kuala Lumpur - Kepong,Condominium,3,2,2,1100 sq.ft.,Fully Furnished,"Gymnasium, Squash Court, Barbeque area, Multipurpose hall, Playground, Jogging Track, Sauna, Tennis Court, Minimart, Club house, Swimming Pool, Lift, Security, Parking","Air-Cond, Cooking Allowed, Near KTM/LRT, Washing Machine, Internet",Kuala Lumpur
100293035,Winner Court B,,RM 1 300 per month,Kuala Lumpur - Desa Petaling,Condominium,3,1,2,950 sq.ft.,Partially Furnished,"Minimart, Swimming Pool, Barbeque area, Gymnasium, Jogging Track, Security, Playground, Tennis Court","Air-Cond, Cooking Allowed",Kuala Lumpur
100292895,Idaman Putera,,RM 1 500 per month,Kuala Lumpur - Setapak,Condominium,3,1,2,1336 sq.ft.,Partially Furnished,"Parking, Security, Swimming Pool, Playground, Gymnasium, Tennis Court","Air-Cond, Cooking Allowed, Internet",Kuala Lumpur
100292757,"The Park 2, Pavilion Bukit Jalil",2021,RM 5 600 per month,Kuala Lumpur - Bukit Jalil,Service Residence,4,3,4,1519 sq.ft.,Fully Furnished,"Playground, Swimming Pool, Security, Gymnasium","Air-Cond, Cooking Allowed, Washing Machine, Internet",Kuala Lumpur
100200241,Residency V,2017,RM 2 200 per month,Kuala Lumpur - Old Klang Road,Service Residence,3,,2,909 sq.ft.,Fully Furnished,"Swimming Pool, Gymnasium, Barbeque area, Parking, Security, Playground, Lift, Minimart, Club house","Air-Cond, Cooking Allowed, Near KTM/LRT, Washing Machine",Kuala Lumpur
100292704,Warisan City View,2005,RM 500 per month,Kuala Lumpur - Cheras,Condominium,5,,4,910 sq.ft.,Fully Furnished,"Security, Playground, Swimming Pool, Parking, Jogging Track, Minimart, Lift, Gymnasium","Air-Cond, Internet, Cooking Allowed, Near KTM/LRT, Washing Machine",Kuala Lumpur
100264773,Emerald Hills,2025,RM 2 300 per month,Kuala Lumpur - Cheras,Condominium,3,2,2,893 sq.ft.,Fully Furnished,"Security, Club house, Parking, Jogging Track, Barbeque area, Sauna, Playground, Swimming Pool, Lift","Air-Cond, Cooking Allowed, Washing Machine, Near KTM/LRT",Kuala Lumpur
100264611,Vista Tasik,,RM 2 300 per month,Kuala Lumpur - Cheras,Condominium,3,1,2,1200 sq.ft.,Partially Furnished,"Parking, Security, Gymnasium, Swimming Pool, Barbeque area, Playground, Squash Court, Jogging Track, Sauna, Lift","Air-Cond, Cooking Allowed, Near KTM/LRT",Kuala Lumpur
100292517,Unio Residence,2021,RM 2 199 per month,Kuala Lumpur - Kepong,Apartment,2,1,2,866 sq.ft.,Fully Furnished,"Security, Playground, Jogging Track, Minimart, Swimming Pool, Tennis Court, Parking, Barbeque area, Multipurpose hall, Gymnasium, Lift",,Kuala Lumpur
100292452,PV9 Residences @ Taman Melati,2022,RM 2 300 per month,Kuala Lumpur - Setapak,Service Residence,3,2,2,1000 sq.ft.,Fully Furnished,,,Kuala Lumpur
100292479,6 CapSquare,2013,RM 3 200 per month,Kuala Lumpur - Ampang,Condominium,2,1,3,1432 sq.ft.,Fully Furnished,"Barbeque area, Swimming Pool, Sauna, Gymnasium, Squash Court, Security, Playground, Parking, Lift, Multipurpose hall","Air-Cond, Cooking Allowed, Near KTM/LRT, Washing Machine, Internet",Kuala Lumpur
100292462,Taman Mastiara,,RM 900 per month,Kuala Lumpur - Jalan Ipoh,Apartment,3,,2,850 sq.ft.,Not Furnished,"Jogging Track, Parking",Cooking Allowed,Kuala Lumpur
100292472,Prima Setapak,,RM 1 500 per month,Kuala Lumpur - Setapak,Condominium,3,1,2,1231 sq.ft.,Partially Furnished,"Parking, Security, Lift, Playground","Air-Cond, Cooking Allowed, Washing Machine, Internet",Kuala Lumpur
100292633,Verve Suites @ KL South,2016,RM 2 200 per month,Kuala Lumpur - Old Klang Road,Condominium,2,1,2,704 sq.ft.,Fully Furnished,"Security, Barbeque area, Playground, Swimming Pool, Gymnasium, Jogging Track, Sauna","Air-Cond, Cooking Allowed, Washing Machine, Internet",Kuala Lumpur
100181432,Platinum OUG Residence,2021,RM 1 800 per month,Kuala Lumpur - Kuchai Lama,Condominium,3,1,2,1200 sq.ft.,Fully Furnished,"Security, Lift, Playground, Parking, Multipurpose hall, Minimart, Jogging Track","Air-Cond, Cooking Allowed, Near KTM/LRT, Washing Machine",Kuala Lumpur
100292237,Fortune Court (Kepong),,RM 900 per month,Kuala Lumpur - Kepong,Apartment,3,,2,950 sq.ft.,Partially Furnished,"Parking, Swimming Pool, Jogging Track, Squash Court, Sauna",Cooking Allowed,Kuala Lumpur
99333787,,,RM 750 per month,Kuala Lumpur - Kuchai Lama,Service Residence,1,,1,100 sq.ft.,Fully Furnished,"Playground, Gymnasium, Barbeque area, Minimart, Sauna, Security, Multipurpose hall, Lift, Swimming Pool, Jogging Track","Air-Cond, Cooking Allowed, Near KTM/LRT, Internet",Kuala Lumpur
99911194,Permai Ria (Jalan Ipoh),1998,RM 1 500 per month,Kuala Lumpur - Jalan Ipoh,Condominium,3,1,1,970 sq.ft.,Fully Furnished,"Parking, Lift, Security, Swimming Pool, Playground, Minimart","Cooking Allowed, Washing Machine, Internet, Near KTM/LRT",Kuala Lumpur
96060719,Service Suites @ Pavilion Embassy,,RM 4 600 per month,Kuala Lumpur - Keramat,Service Residence,3,2,2,1211 sq.ft.,Fully Furnished,"Parking, Security, Lift, Swimming Pool, Playground, Gymnasium, Sauna, Barbeque area, Minimart, Multipurpose hall, Club house, Jogging Track","Air-Cond, Cooking Allowed, Near KTM/LRT, Washing Machine, Internet",Kuala Lumpur
97619541,Service Suites @ Pavilion Embassy,,RM 4 000 per month,Kuala Lumpur - Keramat,Service Residence,2,2,2,1098 sq.ft.,Fully Furnished,"Parking, Security, Lift, Swimming Pool, Playground, Gymnasium, Sauna, Barbeque area, Minimart, Multipurpose hall, Club house","Air-Cond, Cooking Allowed, Near KTM/LRT, Washing Machine, Internet",Kuala Lumpur
97619570,Service Suites @ Pavilion Embassy,,RM 3 600 per month,Kuala Lumpur - Keramat,Service Residence,2,1,2,775 sq.ft.,Fully Furnished,"Parking, Security, Lift, Swimming Pool, Playground, Gymnasium, Sauna, Barbeque area, Minimart, Multipurpose hall, Club house","Air-Cond, Cooking Allowed, Near KTM/LRT, Washing Machine, Internet",Kuala Lumpur
100292230,Sri Jinjang Apartment (Pangsapuri Sri Jinjang),,RM 1 200 per month,Kuala Lumpur - KL City,Apartment,3,,2,850 sq.ft.,Partially Furnished,"Security, Minimart, Playground, Parking, Lift, Swimming Pool, Jogging Track","Cooking Allowed, Air-Cond",Kuala Lumpur
100291931,The Tamarind,2005,RM 1 800 per month,Kuala Lumpur - Sentul,Condominium,2,1,2,900 sq.ft.,Fully Furnished,"Swimming Pool, Gymnasium, Club house, Tennis Court, Parking, Playground, Barbeque area, Security, Minimart","Cooking Allowed, Air-Cond, Near KTM/LRT, Washing Machine",Kuala Lumpur
100291928,Seasons Garden Residences @ Wangsa Maju,2017,RM 2 000 per month,Kuala Lumpur - Wangsa Maju,Apartment,3,2,2,770 sq.ft.,Fully Furnished,"Security, Minimart, Playground, Parking, Swimming Pool, Gymnasium","Air-Cond, Cooking Allowed, Washing Machine",Kuala Lumpur
100292064,Setia SKY Residences,2011,RM 3 600 per month,Kuala Lumpur - KLCC,Condominium,3,2,2,1259 sq.ft.,Fully Furnished,"Minimart, Barbeque area, Parking, Playground, Swimming Pool, Gymnasium, Security, Club house","Air-Cond, Washing Machine, Near KTM/LRT, Cooking Allowed",Kuala Lumpur
100292044,Panorama Residences (Sentul),2014,RM 1 550 per month,Kuala Lumpur - Sentul,Condominium,3,,2,1050 sq.ft.,Fully Furnished,"Tennis Court, Playground, Jogging Track, Security, Minimart, Swimming Pool, Gymnasium, Multipurpose hall",,Kuala Lumpur
100292019,1 Sentul,2011,RM 1 300 per month,Kuala Lumpur - Sentul,Condominium,3,,2,1081 sq.ft.,Not Furnished,"Tennis Court, Jogging Track, Playground, Minimart, Gymnasium, Sauna, Parking, Club house, Swimming Pool, Multipurpose hall, Security",,Kuala Lumpur
100292188,Platinum Lake PV 15,,RM 2 000 per month,Kuala Lumpur - Setapak,Condominium,4,1,2,1313 sq.ft.,Partially Furnished,"Parking, Security, Lift, Swimming Pool, Playground, Gymnasium, Minimart, Multipurpose hall","Air-Cond, Cooking Allowed, Washing Machine",Kuala Lumpur
96746811,The Westside One,2013,RM 3 400 per month,Kuala Lumpur - Kepong,Condominium,3,2,3,1380 sq.ft.,Partially Furnished,"Tennis Court, Multipurpose hall, Parking, Swimming Pool, Gymnasium, Security, Barbeque area, Playground, Lift, Club house, Minimart, Sauna, Jogging Track","Air-Cond, Cooking Allowed, Near KTM/LRT, Washing Machine, Internet",Kuala Lumpur
100291908,Seksyen 1 Wangsa Maju Flat,,RM 1 300 per month,Kuala Lumpur - Wangsa Maju,Flat,2,,1,600 sq.ft.,Partially Furnished,"Parking, Minimart","Cooking Allowed, Near KTM/LRT, Washing Machine",Kuala Lumpur
100292120,Riana Green East,2012,RM 2 800 per month,Kuala Lumpur - Wangsa Maju,Condominium,5,2,3,1909 sq.ft.,Partially Furnished,"Tennis Court, Barbeque area, Security, Swimming Pool, Playground, Multipurpose hall, Sauna, Squash Court, Parking, Gymnasium",,Kuala Lumpur
100291734,Cliveden,,RM 1 600 per month,Kuala Lumpur - Sri Hartamas,Service Residence,1,1,1,780 sq.ft.,Partially Furnished,"Sauna, Parking, Security, Multipurpose hall, Gymnasium, Swimming Pool","Air-Cond, Cooking Allowed",Kuala Lumpur
100036475,The Tamarind,2005,RM 3 500 per month,Kuala Lumpur - Sentul,Condominium,3,2,2,1047 sq.ft.,Fully Furnished,"Security, Gymnasium, Tennis Court, Parking, Minimart, Swimming Pool, Barbeque area, Club house, Playground",,Kuala Lumpur
99917864,Mont Kiara Astana,1998,RM 3 600 per month,Kuala Lumpur - Mont Kiara,Condominium,3,,2,1200 sq.ft.,Fully Furnished,"Security, Parking, Swimming Pool, Barbeque area, Playground, Tennis Court, Lift, Gymnasium","Air-Cond, Cooking Allowed, Washing Machine",Kuala Lumpur
100291819,Paraiso @ The Earth Bukit Jalil,2020,RM 1 800 per month,Kuala Lumpur - Bukit Jalil,Condominium,3,,2,960 sq.ft.,Partially Furnished,"Club house, Parking, Swimming Pool, Security, Barbeque area, Multipurpose hall, Sauna",,Kuala Lumpur
100291588,Rampai Court,,RM 1 000 per month,Kuala Lumpur - Wangsa Maju,Apartment,2,1,1,600 sq.ft.,Not Furnished,"Parking, Barbeque area, Playground, Security",Cooking Allowed,Kuala Lumpur
100291590,The Tamarind,2005,RM 2 100 per month,Kuala Lumpur - Sentul,Condominium,3,1,3,1089 sq.ft.,Fully Furnished,"Swimming Pool, Gymnasium, Club house, Tennis Court, Parking, Playground, Barbeque area, Security, Minimart","Air-Cond, Cooking Allowed, Near KTM/LRT, Washing Machine",Kuala Lumpur
100291786,Residensi Vista Wirajaya,,RM 1 500 per month,Kuala Lumpur - Setapak,Apartment,3,1,2,850 sq.ft.,Not Furnished,,"Cooking Allowed, Near KTM/LRT",Kuala Lumpur
100291781,Wangsa Heights,2001,RM 1 300 per month,Kuala Lumpur - Ampang,Condominium,2,1,2,800 sq.ft.,Fully Furnished,"Gymnasium, Minimart, Playground, Swimming Pool, Squash Court, Barbeque area, Multipurpose hall, Sauna, Parking, Jogging Track, Security, Lift","Air-Cond, Cooking Allowed, Washing Machine",Kuala Lumpur
100291763,Residensi KepongMas,2020,RM 1 100 per month,Kuala Lumpur - Kepong,Apartment,3,1,2,800 sq.ft.,Partially Furnished,"Parking, Security, Lift, Minimart, Multipurpose hall, Playground","Cooking Allowed, Near KTM/LRT",Kuala Lumpur
100291682,Kenari Apartment (Taman Melati),,RM 1 680 per month,Kuala Lumpur - Setapak,Apartment,3,1,2,900 sq.ft.,Fully Furnished,"Parking, Security, Playground",,Kuala Lumpur
100246629,Jalilmas,,RM 1 100 per month,Kuala Lumpur - Bukit Jalil,Apartment,3,1,2,800 sq.ft.,Partially Furnished,"Lift, Security, Parking, Playground","Cooking Allowed, Near KTM/LRT",Kuala Lumpur
100291545,28 Dutamas,2017,RM 2 500 per month,Kuala Lumpur - Solaris Dutamas,Condominium,4,2,2,1500 sq.ft.,Partially Furnished,"Playground, Swimming Pool, Gymnasium, Security, Multipurpose hall, Jogging Track, Parking, Lift, Barbeque area, Minimart",Air-Cond,Kuala Lumpur
100291539,Residence 8,2013,RM 1 150 per month,Kuala Lumpur - Old Klang Road,Service Residence,1,,1,350 sq.ft.,Fully Furnished,"Playground, Swimming Pool, Barbeque area, Multipurpose hall, Security, Gymnasium, Sauna","Air-Cond, Cooking Allowed, Near KTM/LRT, Washing Machine, Internet",Kuala Lumpur
100291238,Bougainvilla,2007,RM 1 500 per month,Kuala Lumpur - Segambut,Condominium,3,1,2,1162 sq.ft.,Partially Furnished,"Minimart, Jogging Track, Barbeque area, Sauna, Security, Swimming Pool, Gymnasium, Parking, Playground",,Kuala Lumpur
100291272,Kenari Apartment (Taman Melati),,RM 1 650 per month,Kuala Lumpur - Setapak,Apartment,3,1,2,900 sq.ft.,Fully Furnished,,,Kuala Lumpur
100291441,Casa Magna,,RM 1 200 per month,Kuala Lumpur - Kepong,Apartment,3,1,2,955 sq.ft.,Not Furnished,"Parking, Security, Playground, Barbeque area, Swimming Pool",,Kuala Lumpur
100290954,18 Madge,2015,RM 11 500 per month,Kuala Lumpur - Ampang Hilir,Condominium,4,,4,2680 sq.ft.,Fully Furnished,"Barbeque area, Parking, Security, Playground, Swimming Pool, Gymnasium, Sauna",,Kuala Lumpur
100291134,Seksyen 2 Wangsa Maju Flat Block D,,RM 1 000 per month,Kuala Lumpur - Wangsa Maju,Flat,2,,1,900 sq.ft.,Partially Furnished,"Parking, Playground, Multipurpose hall, Minimart","Cooking Allowed, Near KTM/LRT, Washing Machine",Kuala Lumpur
98471642,,,RM 1 800 per month,Kuala Lumpur - KL City,Service Residence,1,1,1,850 sq.ft.,Fully Furnished,"Gymnasium, Lift, Parking, Minimart, Swimming Pool, Squash Court, Security, Playground, Barbeque area, Jogging Track, Sauna","Air-Cond, Cooking Allowed, Near KTM/LRT, Washing Machine, Internet",Kuala Lumpur
87751399,Menara Alpha,,RM 1 400 per month,Kuala Lumpur - Wangsa Maju,Apartment,3,1,2,1140 sq.ft.,Not Furnished,"Minimart, Gymnasium, Security, Playground, Swimming Pool, Parking, Lift","Cooking Allowed, Near KTM/LRT",Kuala Lumpur
100290802,Court 28 @ KL City,2019,RM 1 800 per month,Kuala Lumpur - Jalan Ipoh,Service Residence,3,2,2,934 sq.ft.,Partially Furnished,"Playground, Swimming Pool, Squash Court, Parking, Security, Gymnasium, Lift, Sauna, Barbeque area, Jogging Track",,Kuala Lumpur
100183051,Nuri Court,,RM 1 500 per month,Kuala Lumpur - Pandan Indah,Apartment,3,1,2,1000 sq.ft.,Fully Furnished,"Security, Parking, Playground, Minimart, Jogging Track","Air-Cond, Near KTM/LRT, Cooking Allowed, Washing Machine",Kuala Lumpur
95117715,Titiwangsa Sentral,2011,RM 2 200 per month,Kuala Lumpur - Titiwangsa,Condominium,3,,2,1100 sq.ft.,Fully Furnished,"Squash Court, Playground, Gymnasium, Security, Barbeque area, Swimming Pool, Tennis Court","Air-Cond, Cooking Allowed, Near KTM/LRT, Washing Machine",Kuala Lumpur
100290116,Plaza Damas,,RM 1 500 per month,Kuala Lumpur - Sri Hartamas,Apartment,1,,1,590 sq.ft.,Fully Furnished,,,Kuala Lumpur
100290050,The Reach @ Titiwangsa,2017,RM 3 800 per month,Kuala Lumpur - Setapak,Condominium,3,2,3,1564 sq.ft.,Fully Furnished,"Gymnasium, Swimming Pool, Squash Court, Security, Parking",,Kuala Lumpur
100290277,Aman Dua,,RM 800 per month,Kuala Lumpur - Kepong,Apartment,3,1,2,837 sq.ft.,Not Furnished,"Swimming Pool, Parking, Security, Minimart, Lift",,Kuala Lumpur
100290210,Majestic Maxim,2021,RM 1 250 per month,Kuala Lumpur - Cheras,Service Residence,2,,2,650 sq.ft.,Partially Furnished,"Security, Playground, Swimming Pool, Parking, Barbeque area, Gymnasium, Jogging Track, Lift","Cooking Allowed, Air-Cond, Near KTM/LRT, Washing Machine",Kuala Lumpur
100290152,"SkyAwani 3 Residence, Setapak",2021,RM 1 400 per month,Kuala Lumpur - Setapak,Condominium,3,,2,800 sq.ft.,Partially Furnished,"Parking, Squash Court, Lift, Barbeque area, Sauna, Security, Minimart, Playground, Swimming Pool, Gymnasium, Tennis Court, Jogging Track",,Kuala Lumpur
99837780,Seksyen 2 Wangsa Maju Flat Block D,,RM 850 per month,Kuala Lumpur - Wangsa Maju,Flat,2,,1,550 sq.ft.,Partially Furnished,Parking,,Kuala Lumpur
100042418,Residensi Razakmas,,RM 1 100 per month,Kuala Lumpur - Cheras,Apartment,3,1,2,800 sq.ft.,Partially Furnished,,,Kuala Lumpur
100046574,Ketumbar Heights,2010,RM 1 400 per month,Kuala Lumpur - Cheras,Condominium,3,1,2,755 sq.ft.,Fully Furnished,,,Kuala Lumpur
99622456,EkoCheras Service Apartment,2017,RM 2 100 per month,Kuala Lumpur - Cheras,Service Residence,1,1,2,762 sq.ft.,Fully Furnished,"Parking, Sauna, Minimart, Playground, Swimming Pool, Gymnasium, Tennis Court, Barbeque area, Security, Jogging Track, Lift",,Kuala Lumpur
89024998,,,RM 1 600 per month,Kuala Lumpur - Sri Hartamas,Condominium,1,,1,780 sq.ft.,Partially Furnished,"Swimming Pool, Gymnasium, Security, Lift","Air-Cond, Cooking Allowed, Washing Machine",Kuala Lumpur
88200662,,,RM 2 300 per month,Kuala Lumpur - Sri Hartamas,Condominium,3,,2,1500 sq.ft.,Partially Furnished,"Swimming Pool, Gymnasium, Tennis Court, Squash Court, Playground, Security, Lift, Parking","Air-Cond, Cooking Allowed",Kuala Lumpur
100289903,Sri Desa,,RM 1 250 per month,Kuala Lumpur - Kuchai Lama,Condominium,3,1,2,950 sq.ft.,Partially Furnished,"Squash Court, Tennis Court, Swimming Pool, Parking",,Kuala Lumpur
88986725,Platinum Lake PV 21,,RM 1 500 per month,Kuala Lumpur - Setapak,Service Residence,3,1,2,1040 sq.ft.,Partially Furnished,"Parking, Security, Lift, Swimming Pool, Playground, Gymnasium","Cooking Allowed, Near KTM/LRT, Internet",Kuala Lumpur
100289740,The Holmes,,RM 1 800 per month,Kuala Lumpur - Cheras,Condominium,3,2,2,1018 sq.ft.,Fully Furnished,"Parking, Security, Lift, Swimming Pool, Playground, Gymnasium, Barbeque area, Multipurpose hall","Cooking Allowed, Near KTM/LRT, Air-Cond",Kuala Lumpur
100289718,Mutiara Magna,,RM 1 000 per month,Kuala Lumpur - Kepong,Apartment,3,,2,720 sq.ft.,Not Furnished,"Security, Parking, Lift, Playground",,Kuala Lumpur
100289886,Villa Mewah,,RM 1 200 per month,Kuala Lumpur - Sri Petaling,Apartment,3,,2,800 sq.ft.,Partially Furnished,"Parking, Security",,Kuala Lumpur
100289876,Maxim Residences,2017,RM 1 400 per month,Kuala Lumpur - Cheras,Service Residence,3,2,2,1050 sq.ft.,Partially Furnished,"Security, Parking, Swimming Pool, Gymnasium","Cooking Allowed, Washing Machine, Near KTM/LRT",Kuala Lumpur
99960364,Kepong Sentral Condominium,2007,RM 1 200 per month,Kuala Lumpur - Kepong,Condominium,3,1,2,962 sq.ft.,Not Furnished,"Minimart, Lift, Parking, Security, Playground, Tennis Court, Swimming Pool, Gymnasium, Squash Court, Jogging Track","Near KTM/LRT, Cooking Allowed",Kuala Lumpur
99759012,"J.Dupion, Cheras",2018,RM 2 200 per month,Kuala Lumpur - Cheras,Condominium,2,1,2,814 sq.ft.,Fully Furnished,"Playground, Swimming Pool, Gymnasium, Lift, Parking, Security","Air-Cond, Cooking Allowed, Near KTM/LRT, Washing Machine",Kuala Lumpur
100289790,Lido Residency,2016,RM 1 500 per month,Kuala Lumpur - Cheras,Condominium,2,1,2,963 sq.ft.,Partially Furnished,"Jogging Track, Parking, Swimming Pool, Gymnasium, Multipurpose hall, Security, Playground, Barbeque area, Lift","Air-Cond, Near KTM/LRT",Kuala Lumpur
100130679,Platinum Lake PV10,,RM 1 800 per month,Kuala Lumpur - Setapak,Condominium,3,1,2,1200 sq.ft.,Fully Furnished,"Parking, Minimart, Security, Jogging Track, Tennis Court, Club house, Playground, Swimming Pool, Gymnasium, Lift, Multipurpose hall, Barbeque area","Air-Cond, Cooking Allowed, Washing Machine",Kuala Lumpur
100251703,Bandar Tasik Selatan (Low Cost),,RM 1 150 per month,Kuala Lumpur - Cheras,Apartment,3,1,2,854 sq.ft.,Partially Furnished,"Playground, Security, Parking","Cooking Allowed, Near KTM/LRT",Kuala Lumpur
100289213,Residensi Jalilmas,,RM 1 200 per month,Kuala Lumpur - Bukit Jalil,Apartment,3,1,2,800 sq.ft.,Partially Furnished,"Multipurpose hall, Security, Minimart, Parking",,Kuala Lumpur
89174982,,,RM 2 500 per month,Kuala Lumpur - Jalan Kuching,Condominium,4,,4,2400 sq.ft.,Not Furnished,"Swimming Pool, Gymnasium, Minimart, Playground, Security, Lift, Parking",,Kuala Lumpur
100289151,Maxim Citilights,2017,RM 1 400 per month,Kuala Lumpur - Sentul,Service Residence,3,1,2,1009 sq.ft.,Not Furnished,"Jogging Track, Playground, Multipurpose hall, Security, Minimart, Swimming Pool, Lift, Parking",Cooking Allowed,Kuala Lumpur
100289478,PPA1M Metropolitan Kepong,2018,RM 1 500 per month,Kuala Lumpur - Kepong,Condominium,5,1,2,1500 sq.ft.,Partially Furnished,"Parking, Security, Playground","Cooking Allowed, Air-Cond",Kuala Lumpur
100289084,Jasmin Apartment (Sri Rampai),,RM 1 450 per month,Kuala Lumpur - Setapak,Apartment,3,,2,950 sq.ft.,Partially Furnished,"Lift, Parking, Playground","Air-Cond, Cooking Allowed",Kuala Lumpur
100289117,Casa Green (Bukit Jalil),,RM 1 700 per month,Kuala Lumpur - Bukit Jalil,Condominium,3,1,3,1003 sq.ft.,Partially Furnished,"Parking, Security, Lift, Swimming Pool, Playground, Gymnasium, Sauna, Barbeque area, Minimart, Multipurpose hall, Club house, Jogging Track, Tennis Court, Squash Court","Cooking Allowed, Air-Cond",Kuala Lumpur
100289123,Residensi Wangsamas,,RM 1 400 per month,Kuala Lumpur - Wangsa Maju,Apartment,3,1,2,800 sq.ft.,Not Furnished,"Multipurpose hall, Parking, Security, Lift, Swimming Pool, Playground, Barbeque area",,Kuala Lumpur
100289327,Sri Saujana Apartment (Wangsa Permai),,RM 950 per month,Kuala Lumpur - Kepong,Apartment,3,,2,750 sq.ft.,Partially Furnished,,"Air-Cond, Cooking Allowed",Kuala Lumpur
100097901,Kepong Sentral Condominium,2007,RM 1 200 per month,Kuala Lumpur - Kepong,Condominium,3,1,2,962 sq.ft.,Not Furnished,"Playground, Squash Court, Security, Swimming Pool, Gymnasium, Lift, Minimart, Tennis Court, Parking, Jogging Track","Air-Cond, Near KTM/LRT, Cooking Allowed",Kuala Lumpur
100289298,Midah Ria,,RM 1 350 per month,Kuala Lumpur - Cheras,Condominium,3,1,2,967 sq.ft.,Partially Furnished,"Parking, Security, Lift, Swimming Pool, Playground, Gymnasium, Sauna, Barbeque area, Minimart, Multipurpose hall, Club house, Jogging Track, Tennis Court, Squash Court","Air-Cond, Cooking Allowed, Near KTM/LRT",Kuala Lumpur
100289295,M Centura,2021,RM 2 200 per month,Kuala Lumpur - Sentul,Service Residence,4,2,2,1001 sq.ft.,Fully Furnished,"Parking, Security, Lift, Swimming Pool, Playground, Gymnasium, Multipurpose hall","Air-Cond, Cooking Allowed, Washing Machine",Kuala Lumpur
100289290,Parkhill Residence Bukit Jalil,2019,RM 2 480 per month,Kuala Lumpur - Bukit Jalil,Condominium,3,,2,1100 sq.ft.,Fully Furnished,"Lift, Club house, Playground, Parking, Swimming Pool, Squash Court, Security, Minimart, Gymnasium",,Kuala Lumpur
100107050,Sri Penara,,RM 850 per month,Kuala Lumpur - Cheras,Apartment,2,,1,650 sq.ft.,Partially Furnished,"Parking, Lift",,Kuala Lumpur
100289275,Spring Avenue @ Kuchai Lama,2016,RM 1 600 per month,Kuala Lumpur - Pantai,Service Residence,3,2,2,986 sq.ft.,Partially Furnished,"Parking, Playground, Swimming Pool, Security",,Kuala Lumpur
100289243,Sky Awani Residensi,,RM 1 400 per month,Kuala Lumpur - Sentul,Condominium,3,1,2,800 sq.ft.,Partially Furnished,"Security, Swimming Pool, Jogging Track, Sauna, Club house, Parking, Minimart, Playground, Barbeque area, Lift",,Kuala Lumpur
100288791,UNA Serviced Apartment @ Peel,2020,RM 3 300 per month,Kuala Lumpur - Cheras,Service Residence,2,,1,810 sq.ft.,Fully Furnished,"Parking, Playground, Swimming Pool, Gymnasium, Security, Lift, Multipurpose hall, Minimart","Air-Cond, Cooking Allowed, Near KTM/LRT, Washing Machine",Kuala Lumpur
100288762,Suria Jelatek Residence,2010,RM 1 800 per month,Kuala Lumpur - Ampang Hilir,Condominium,3,1,2,908 sq.ft.,Partially Furnished,"Playground, Multipurpose hall, Security, Swimming Pool, Gymnasium, Barbeque area, Parking, Jogging Track, Minimart, Lift","Air-Cond, Cooking Allowed",Kuala Lumpur
100288808,Residensi Jalilmas,,RM 1 200 per month,Kuala Lumpur - Bukit Jalil,Apartment,3,1,2,850 sq.ft.,Partially Furnished,"Parking, Security, Multipurpose hall, Minimart","Air-Cond, Cooking Allowed, Near KTM/LRT",Kuala Lumpur
100289030,Majestic Maxim,2021,RM 1 700 per month,Kuala Lumpur - Cheras,Service Residence,2,1,2,650 sq.ft.,Fully Furnished,"Barbeque area, Security, Swimming Pool, Lift, Parking, Playground, Jogging Track, Gymnasium","Air-Cond, Cooking Allowed, Near KTM/LRT, Washing Machine",Kuala Lumpur
93094850,Titiwangsa Sentral,2011,RM 1 100 per month,Kuala Lumpur - Titiwangsa,Condominium,4,,2,850 sq.ft.,Fully Furnished,"Security, Playground, Barbeque area, Swimming Pool, Gymnasium, Tennis Court, Squash Court","Air-Cond, Cooking Allowed, Near KTM/LRT, Washing Machine",Kuala Lumpur
100213857,OUG Parklane,,RM 1 300 per month,Kuala Lumpur - OUG,Service Residence,3,1,2,950 sq.ft.,Partially Furnished,"Security, Minimart, Squash Court, Sauna, Playground, Swimming Pool, Parking","Air-Cond, Cooking Allowed, Washing Machine",Kuala Lumpur
97259144,Gembira Residen (G Residence),2013,RM 2 000 per month,Kuala Lumpur - Kuchai Lama,Condominium,3,2,2,1168 sq.ft.,Fully Furnished,"Security, Swimming Pool, Barbeque area, Parking, Gymnasium, Jogging Track, Minimart, Multipurpose hall, Playground","Air-Cond, Washing Machine",Kuala Lumpur
100288727,38 Bidara,,RM 1 800 per month,Kuala Lumpur - KLCC,Condominium,2,,2,706 sq.ft.,Fully Furnished,"Playground, Swimming Pool, Gymnasium, Barbeque area, Parking, Security, Minimart, Sauna, Club house",,Kuala Lumpur
100288712,Apartment Dahlia (Setapak),,RM 1 300 per month,Kuala Lumpur - Setapak,Apartment,3,1,2,850 sq.ft.,Not Furnished,"Jogging Track, Parking, Security, Minimart",,Kuala Lumpur
100198490,Seksyen 2 Wangsa Maju Flat Block D,,RM 1 050 per month,Kuala Lumpur - Wangsa Maju,Flat,2,,1,680 sq.ft.,Partially Furnished,,"Air-Cond, Cooking Allowed, Near KTM/LRT",Kuala Lumpur
100288875,PPA1M Bukit Jalil,,RM 1 800 per month,Kuala Lumpur - Bukit Jalil,Apartment,4,1,2,1434 sq.ft.,Fully Furnished,Parking,"Air-Cond, Cooking Allowed, Near KTM/LRT, Washing Machine",Kuala Lumpur
100251471,Kenari Apartment (Taman Melati),,RM 1 650 per month,Kuala Lumpur - Setapak,Apartment,3,1,2,900 sq.ft.,Fully Furnished,Parking,"Air-Cond, Cooking Allowed, Near KTM/LRT",Kuala Lumpur
100288250,Impiana Sky Residensi,2021,RM 1 200 per month,Kuala Lumpur - Bukit Jalil,Apartment,3,1,2,850 sq.ft.,Partially Furnished,"Gymnasium, Parking, Security, Playground, Multipurpose hall, Lift","Air-Cond, Cooking Allowed, Near KTM/LRT, Washing Machine, Internet",Kuala Lumpur
100288239,Zen Suites @ Zetapark,,RM 1 500 per month,Kuala Lumpur - Setapak,Service Residence,1,1,1,677 sq.ft.,Fully Furnished,"Parking, Playground, Jogging Track, Sauna, Swimming Pool, Gymnasium, Security, Lift","Air-Cond, Cooking Allowed, Washing Machine",Kuala Lumpur
100288630,Rampai Court,,RM 1 000 per month,Kuala Lumpur - Wangsa Maju,Apartment,2,2,1,600 sq.ft.,Not Furnished,"Parking, Playground, Security, Barbeque area",,Kuala Lumpur
100288615,The Hermington,2021,RM 1 700 per month,Kuala Lumpur - Kuchai Lama,Condominium,3,2,2,1075 sq.ft.,Partially Furnished,"Swimming Pool, Gymnasium, Sauna, Playground, Jogging Track, Multipurpose hall, Parking, Security","Air-Cond, Cooking Allowed",Kuala Lumpur
90446099,,,RM 1 500 per month,Kuala Lumpur - Keramat,Condominium,3,1,2,1408 sq.ft.,Partially Furnished,"Swimming Pool, Gymnasium, Tennis Court, Squash Court, Minimart, Playground, Jogging Track, Security, 10, 11, Lift, Parking","Air-Cond, Cooking Allowed, Near KTM/LRT, Washing Machine, Internet",Kuala Lumpur
90445934,,,RM 1 700 per month,Kuala Lumpur - Keramat,Condominium,4,1,2,1118 sq.ft.,Fully Furnished,"Swimming Pool, Gymnasium, Tennis Court, Squash Court, Minimart, Playground, Jogging Track, Security, 10, 11, Lift, Parking","Air-Cond, Cooking Allowed, Near KTM/LRT, Washing Machine, Internet",Kuala Lumpur
96054159,,,RM 1 800 per month,Kuala Lumpur - Keramat,Condominium,4,1,2,1200 sq.ft.,Fully Furnished,"Parking, Security, Lift, Swimming Pool, Playground, Gymnasium, Sauna, Barbeque area, Minimart, Multipurpose hall, Club house, Jogging Track, Tennis Court, Squash Court","Air-Cond, Cooking Allowed, Near KTM/LRT, Washing Machine, Internet",Kuala Lumpur
96054302,,,RM 1 900 per month,Kuala Lumpur - Keramat,Condominium,3,1,2,1400 sq.ft.,Fully Furnished,"Parking, Security, Lift, Swimming Pool, Playground, Gymnasium, Sauna, Barbeque area, Minimart, Multipurpose hall, Club house, Jogging Track, Tennis Court, Squash Court","Air-Cond, Cooking Allowed, Near KTM/LRT, Washing Machine, Internet",Kuala Lumpur
100124334,Desa Villas,,RM 2 500 per month,Kuala Lumpur - Wangsa Maju,Condominium,4,1,2,1784 sq.ft.,Fully Furnished,"Parking, Security, Lift, Swimming Pool, Playground, Gymnasium","Air-Cond, Cooking Allowed, Washing Machine",Kuala Lumpur
99718965,Astana Lumayan,2013,RM 1 600 per month,Kuala Lumpur - Cheras,Service Residence,4,1,2,1200 sq.ft.,Not Furnished,"Swimming Pool, Club house, Security, Minimart, Multipurpose hall, Playground, Gymnasium, Parking, Lift",,Kuala Lumpur
100288181,M Vertica,2023,RM 1 800 per month,Kuala Lumpur - Cheras,Condominium,3,2,2,850 sq.ft.,Partially Furnished,"Playground, Tennis Court, Lift, Multipurpose hall, Security, Jogging Track, Barbeque area, Swimming Pool, Parking",,Kuala Lumpur
100288174,Bougainvilla,2007,RM 1 500 per month,Kuala Lumpur - Segambut,Condominium,3,1,2,1049 sq.ft.,Fully Furnished,"Barbeque area, Sauna, Minimart, Playground, Gymnasium, Parking, Security, Swimming Pool, Jogging Track",,Kuala Lumpur
100288168,Arte Plus Jalan Ampang,2018,RM 2 000 per month,Kuala Lumpur - Ampang,Service Residence,3,,2,900 sq.ft.,Fully Furnished,"Gymnasium, Parking, Jogging Track, Playground","Air-Cond, Cooking Allowed, Washing Machine",Kuala Lumpur
100288167,Bintang Fairlane Residences,2008,RM 2 800 per month,Kuala Lumpur - Bukit Bintang,Service Residence,2,,1,806 sq.ft.,Fully Furnished,"Parking, Security, Lift, Swimming Pool, Gymnasium","Air-Cond, Cooking Allowed, Near KTM/LRT, Washing Machine",Kuala Lumpur
100288202,Seksyen 1 Wangsa Maju Flat,,RM 900 per month,Kuala Lumpur - Wangsa Maju,Flat,2,,1,580 sq.ft.,Not Furnished,,Near KTM/LRT,Kuala Lumpur
100288503,Warisan City View,2005,RM 1 800 per month,Kuala Lumpur - Cheras,Condominium,3,1,2,920 sq.ft.,Partially Furnished,"Security, Minimart, Swimming Pool, Playground, Jogging Track, Parking","Air-Cond, Cooking Allowed, Near KTM/LRT, Washing Machine",Kuala Lumpur
100288420,THE FENNEL AT SENTUL EAST,2017,RM 2 500 per month,Kuala Lumpur - Sentul,Condominium,3,2,3,1237 sq.ft.,Fully Furnished,"Parking, Lift, Security, Swimming Pool, Playground, Gymnasium, Barbeque area, Multipurpose hall","Cooking Allowed, Air-Cond, Near KTM/LRT, Washing Machine",Kuala Lumpur
100109825,Flat Taman Melati,,RM 1 200 per month,Kuala Lumpur - Setapak,Flat,3,,1,900 sq.ft.,Not Furnished,"Parking, Playground, Minimart","Near KTM/LRT, Cooking Allowed",Kuala Lumpur
99407499,Sentosa Court,,RM 1 350 per month,Kuala Lumpur - Old Klang Road,Apartment,3,1,2,1008 sq.ft.,Partially Furnished,"Security, Playground, Swimming Pool, Parking, Gymnasium, Tennis Court","Cooking Allowed, Air-Cond",Kuala Lumpur
100288096,The Holmes 2,2021,RM 1 700 per month,Kuala Lumpur - Cheras,Condominium,3,2,2,950 sq.ft.,Partially Furnished,"Swimming Pool, Gymnasium, Jogging Track, Barbeque area, Security, Sauna, Multipurpose hall, Parking, Playground, Lift","Air-Cond, Cooking Allowed",Kuala Lumpur
100287760,Winner Court A,,RM 1 000 per month,Kuala Lumpur - Desa Petaling,Condominium,3,1,2,765 sq.ft.,Partially Furnished,"Parking, Security, Lift, Swimming Pool, Playground","Cooking Allowed, Air-Cond",Kuala Lumpur
99282223,Zen Suites @ Zetapark,,RM 1 300 per month,Kuala Lumpur - Setapak,Service Residence,1,,1,618 sq.ft.,Partially Furnished,"Playground, Gymnasium, Swimming Pool, Jogging Track, Sauna, Parking",,Kuala Lumpur
99852286,Maxim Residences,2017,RM 1 850 per month,Kuala Lumpur - Cheras,Service Residence,3,2,2,1050 sq.ft.,Fully Furnished,"Security, Parking, Swimming Pool, Gymnasium",Air-Cond,Kuala Lumpur
100287943,Residensi KepongMas,2020,RM 1 200 per month,Kuala Lumpur - Kepong,Apartment,3,1,2,800 sq.ft.,Partially Furnished,"Parking, Lift, Security, Playground, Multipurpose hall","Cooking Allowed, Near KTM/LRT",Kuala Lumpur
100287940,Sri Intan 2,,RM 1 380 per month,Kuala Lumpur - Jalan Ipoh,Condominium,3,,2,1200 sq.ft.,Partially Furnished,"Minimart, Jogging Track, Barbeque area, Parking, Swimming Pool, Tennis Court, Security, Playground",,Kuala Lumpur
97384817,The Ooak (Kiara 163),2022,RM 1 400 per month,Kuala Lumpur - Mont Kiara,Service Residence,1,,1,300 sq.ft.,Fully Furnished,"Minimart, Swimming Pool, Security, Jogging Track, Playground, Lift, Barbeque area, Parking, Gymnasium","Air-Cond, Cooking Allowed, Washing Machine, Internet",Kuala Lumpur
95579826,,,RM 1 100 per month,Kuala Lumpur - Mont Kiara,Service Residence,1,1,1,1016 sq.ft.,Fully Furnished,"Playground, Lift, Barbeque area, Security, Minimart, Gymnasium, Swimming Pool, Jogging Track, Parking","Air-Cond, Cooking Allowed, Washing Machine, Internet, Near KTM/LRT",Kuala Lumpur
100287846,Spring ville,,RM 1 200 per month,Kuala Lumpur - Ampang,Apartment,3,,2,750 sq.ft.,Partially Furnished,"Security, Lift, Swimming Pool, Playground, Gymnasium","Air-Cond, Cooking Allowed, Near KTM/LRT, Washing Machine, Internet",Kuala Lumpur
100188881,Laman Damai,,RM 699 per month,Kuala Lumpur - Kepong,Apartment,3,,2,650 sq.ft.,Not Furnished,"Playground, Jogging Track, Minimart",,Kuala Lumpur
100213307,Prisma Cheras,,RM 1 000 per month,Kuala Lumpur - Cheras,Condominium,1,1,1,717 sq.ft.,Partially Furnished,"Swimming Pool, Barbeque area, Sauna, Security, Gymnasium, Tennis Court, Squash Court, Parking, Playground, Lift, Minimart, Multipurpose hall, Jogging Track, Club house","Air-Cond, Cooking Allowed, Near KTM/LRT",Kuala Lumpur
99771819,PV9 Residences @ Taman Melati,2022,RM 2 200 per month,Kuala Lumpur - Setapak,Service Residence,4,2,2,1100 sq.ft.,Partially Furnished,"Parking, Security, Lift, Swimming Pool, Playground, Gymnasium, Barbeque area, Minimart, Multipurpose hall","Air-Cond, Cooking Allowed, Near KTM/LRT, Washing Machine",Kuala Lumpur
99961763,Platinum Teratai Residence,2019,RM 1 600 per month,Kuala Lumpur - Setapak,Apartment,3,2,2,928 sq.ft.,Partially Furnished,"Security, Multipurpose hall, Playground, Swimming Pool, Gymnasium, Parking, Lift, Barbeque area, Minimart","Air-Cond, Cooking Allowed, Near KTM/LRT",Kuala Lumpur
100287440,Residence 8,2013,RM 2 000 per month,Kuala Lumpur - Old Klang Road,Condominium,3,,3,1100 sq.ft.,Fully Furnished,"Multipurpose hall, Barbeque area, Sauna, Gymnasium, Playground, Swimming Pool, Security",,Kuala Lumpur
100047396,Majestic Maxim,2021,RM 1 500 per month,Kuala Lumpur - Cheras,Service Residence,3,,2,819 sq.ft.,Partially Furnished,"Playground, Swimming Pool, Parking, Lift, Barbeque area, Security, Gymnasium, Jogging Track","Air-Cond, Near KTM/LRT",Kuala Lumpur
100287630,Platinum Lake PV 13,,RM 1 800 per month,Kuala Lumpur - Setapak,Condominium,4,,2,1313 sq.ft.,Partially Furnished,"Gymnasium, Swimming Pool, Barbeque area, Minimart, Playground, Security, Lift","Cooking Allowed, Near KTM/LRT, Washing Machine",Kuala Lumpur
99954507,Majestic Maxim,2021,RM 1 500 per month,Kuala Lumpur - Cheras,Service Residence,3,1,3,820 sq.ft.,Partially Furnished,"Parking, Playground, Jogging Track, Swimming Pool, Lift, Barbeque area, Security, Gymnasium","Cooking Allowed, Near KTM/LRT, Washing Machine",Kuala Lumpur
100287375,Mesra Villa @ Pandan Mesra,2007,RM 1 200 per month,Kuala Lumpur - Ampang,Apartment,3,1,2,871 sq.ft.,Partially Furnished,"Swimming Pool, Security",,Kuala Lumpur
100287397,Nusa Mewah Villa Condominium,2014,RM 1 500 per month,Kuala Lumpur - Cheras,Condominium,3,2,2,865 sq.ft.,Partially Furnished,"Parking, Security, Minimart, Swimming Pool, Playground, Jogging Track, Lift","Air-Cond, Cooking Allowed",Kuala Lumpur
99273004,Unio Residence,2021,RM 2 100 per month,Kuala Lumpur - Kepong,Service Residence,3,1,2,1009 sq.ft.,Fully Furnished,"Minimart, Tennis Court, Jogging Track, Gymnasium, Lift, Barbeque area, Parking, Multipurpose hall, Security, Playground, Swimming Pool",,Kuala Lumpur
99153926,,,RM 1 400 per month,Kuala Lumpur - Sentul,Apartment,2,1,2,743 sq.ft.,Not Furnished,"Parking, Security, Lift, Swimming Pool, Gymnasium, Barbeque area, Multipurpose hall, Tennis Court, Jogging Track, Playground",Cooking Allowed,Kuala Lumpur
100287612,28 Boulevard,2019,RM 1 600 per month,Kuala Lumpur - Pandan Perdana,Apartment,1,1,1,450 sq.ft.,Fully Furnished,"Security, Playground, Gymnasium, Minimart, Lift, Swimming Pool, Tennis Court, Squash Court, Parking, Jogging Track","Air-Cond, Cooking Allowed, Near KTM/LRT, Washing Machine",Kuala Lumpur
100213869,Angkasa Condominiums,2005,RM 1 300 per month,Kuala Lumpur - Cheras,Condominium,3,,2,920 sq.ft.,Partially Furnished,"Parking, Tennis Court, Security, Minimart, Playground, Swimming Pool, Gymnasium","Cooking Allowed, Washing Machine",Kuala Lumpur
100241959,Warisan City View,2005,RM 1 800 per month,Kuala Lumpur - Cheras,Condominium,3,1,2,920 sq.ft.,Partially Furnished,"Parking, Jogging Track, Playground, Security, Swimming Pool, Minimart",,Kuala Lumpur
100287259,The Holmes 2,2021,RM 2 000 per month,Kuala Lumpur - Cheras,Condominium,3,2,2,1010 sq.ft.,Fully Furnished,"Barbeque area, Parking, Swimming Pool, Security, Sauna, Playground, Gymnasium, Jogging Track, Multipurpose hall","Air-Cond, Cooking Allowed, Near KTM/LRT, Washing Machine",Kuala Lumpur
99016052,Aster Green Residence,2022,RM 1 600 per month,Kuala Lumpur - Sri Petaling,Service Residence,2,,2,732 sq.ft.,Not Furnished,"Security, Swimming Pool, Playground, Parking, Barbeque area, Multipurpose hall",,Kuala Lumpur
88258414,Bennington residences,,RM 2 300 per month,Kuala Lumpur - Setapak,Condominium,3,2,2,1200 sq.ft.,Partially Furnished,"Parking, Security, Lift, Swimming Pool, Playground, Multipurpose hall, Gymnasium","Air-Cond, Cooking Allowed, Near KTM/LRT, Washing Machine",Kuala Lumpur
100287512,Residensi Platinum Teratai,,RM 1 900 per month,Kuala Lumpur - Setapak,Condominium,3,2,2,928 sq.ft.,Fully Furnished,,,Kuala Lumpur
100287497,Midah Ria,,RM 1 350 per month,Kuala Lumpur - Cheras,Condominium,3,1,2,967 sq.ft.,Partially Furnished,,,Kuala Lumpur
100197468,Tivoli Villas,1993,RM 2 000 per month,Kuala Lumpur - Bangsar,Condominium,2,,1,850 sq.ft.,Fully Furnished,"Playground, Gymnasium, Swimming Pool, Barbeque area, Parking, Security, Minimart, Tennis Court, Squash Court, Sauna",,Kuala Lumpur
100287467,Teratai Mewah Apartment,,RM 900 per month,Kuala Lumpur - Setapak,Apartment,3,1,1,657 sq.ft.,Partially Furnished,"Parking, Playground, Security",,Kuala Lumpur
87507797,Platinum Lake PV 21,,RM 1 200 per month,Kuala Lumpur - Setapak,Service Residence,2,1,2,900 sq.ft.,Partially Furnished,"Parking, Security, Lift, Swimming Pool, Playground, Gymnasium","Cooking Allowed, Near KTM/LRT, Washing Machine, Internet, Air-Cond",Kuala Lumpur
100129539,Pantai Panorama,1996,RM 1 700 per month,Kuala Lumpur - Pantai,Condominium,1,1,1,750 sq.ft.,Fully Furnished,"Sauna, Security, Playground, Tennis Court, Squash Court, Gymnasium, Parking, Minimart, Barbeque area, Swimming Pool, Jogging Track, Lift, Multipurpose hall, Club house","Air-Cond, Cooking Allowed, Near KTM/LRT, Washing Machine",Kuala Lumpur
88571538,DANAU KOTA SUITES,,RM 2 100 per month,Kuala Lumpur - Setapak,Condominium,3,1,2,829 sq.ft.,Fully Furnished,"Parking, Security, Lift, Swimming Pool, Playground, Multipurpose hall, Gymnasium","Air-Cond, Cooking Allowed, Near KTM/LRT, Washing Machine, Internet",Kuala Lumpur
99851930,Sri Intan 2,,RM 1 300 per month,Kuala Lumpur - Jalan Ipoh,Condominium,3,1,2,1221 sq.ft.,Not Furnished,"Minimart, Swimming Pool, Tennis Court, Playground, Security, Barbeque area, Parking, Lift, Multipurpose hall","Cooking Allowed, Near KTM/LRT, Internet",Kuala Lumpur
88572418,Platinum Lake PV 21,,RM 1 600 per month,Kuala Lumpur - Setapak,Service Residence,4,1,2,1325 sq.ft.,Partially Furnished,"Security, Lift, Swimming Pool, Parking, Gymnasium, Playground, Multipurpose hall","Cooking Allowed, Internet, Near KTM/LRT, Washing Machine, Air-Cond",Kuala Lumpur
95443276,Bennington Residences @ SkyArena,2019,RM 3 100 per month,Kuala Lumpur - Setapak,Condominium,4,3,3,1450 sq.ft.,Fully Furnished,"Parking, Security, Playground, Multipurpose hall, Swimming Pool, Minimart, Barbeque area, Lift, Gymnasium, Jogging Track, Club house","Air-Cond, Cooking Allowed, Near KTM/LRT, Washing Machine, Internet",Kuala Lumpur
95750962,Danau Kota Suite,,RM 2 100 per month,Kuala Lumpur - Setapak,Condominium,3,1,2,829 sq.ft.,Fully Furnished,"Parking, Security, Swimming Pool, Playground, Lift, Multipurpose hall, Gymnasium","Air-Cond, Cooking Allowed, Near KTM/LRT, Washing Machine",Kuala Lumpur
87972062,Pantai Hillpark 2,,RM 1 500 per month,Kuala Lumpur - Bangsar South,Condominium,3,1,2,1100 sq.ft.,Fully Furnished,,"Air-Cond, Cooking Allowed, Near KTM/LRT, Washing Machine",Kuala Lumpur
100286793,D'majestic,,RM 1 800 per month,Kuala Lumpur - Pudu,Service Residence,1,,1,688 sq.ft.,Fully Furnished,"Security, Swimming Pool, Sauna, Parking, Gymnasium",,Kuala Lumpur
84788506,Platinum Lake PV 21,,RM 1 200 per month,Kuala Lumpur - Setapak,Service Residence,2,1,2,900 sq.ft.,Not Furnished,"Parking, Lift, Security, Playground, Swimming Pool, Gymnasium","Cooking Allowed, Near KTM/LRT, Internet",Kuala Lumpur
100286858,Palace Court,2014,RM 2 000 per month,Kuala Lumpur - Kuchai Lama,Condominium,3,2,2,1328 sq.ft.,Fully Furnished,"Gymnasium, Tennis Court, Sauna, Barbeque area, Security, Swimming Pool, Playground, Lift",,Kuala Lumpur
89994779,Platinum Lake PV 21,,RM 1 400 per month,Kuala Lumpur - Setapak,Service Residence,3,1,2,1040 sq.ft.,Partially Furnished,"Parking, Security, Lift, Swimming Pool, Playground, Gymnasium, Minimart","Cooking Allowed, Near KTM/LRT, Internet",Kuala Lumpur
95319648,Ascenda Residences @ SkyArena Setapak,2017,RM 1 600 per month,Kuala Lumpur - Setapak,Condominium,3,2,2,908 sq.ft.,Partially Furnished,"Parking, Multipurpose hall, Jogging Track, Security, Swimming Pool, Gymnasium, Barbeque area","Air-Cond, Cooking Allowed, Washing Machine, Internet",Kuala Lumpur
98596895,Enesta,2021,RM 1 700 per month,Kuala Lumpur - Kepong,Service Residence,3,,2,978 sq.ft.,Partially Furnished,"Parking, Security, Lift, Swimming Pool, Playground, Multipurpose hall, Gymnasium, Sauna, Tennis Court, Club house","Air-Cond, Cooking Allowed, Near KTM/LRT, Internet",Kuala Lumpur
100286629,Villa pavillion,,RM 1 250 per month,Kuala Lumpur - Bukit Jalil,Condominium,3,1,2,1000 sq.ft.,Partially Furnished,"Parking, Security, Lift, Swimming Pool, Playground, Gymnasium, Multipurpose hall, Minimart, Jogging Track","Air-Cond, Cooking Allowed",Kuala Lumpur
87815167,Platinum Lake PV 21,,RM 1 400 per month,Kuala Lumpur - Setapak,Service Residence,2,1,2,900 sq.ft.,Partially Furnished,"Playground, Multipurpose hall, Swimming Pool, Security, Lift, Parking, Gymnasium","Air-Cond, Cooking Allowed, Washing Machine",Kuala Lumpur
95535952,Platinum Lake PV 21,,RM 1 650 per month,Kuala Lumpur - Setapak,Service Residence,2,1,2,1050 sq.ft.,Partially Furnished,"Parking, Security, Lift, Swimming Pool, Playground, Gymnasium, Multipurpose hall","Air-Cond, Cooking Allowed, Near KTM/LRT, Washing Machine",Kuala Lumpur
100287011,Residensi Harmoni 2 @ Bukit Prima Pelangi,2019,RM 1 999 per month,Kuala Lumpur - Segambut,Condominium,3,2,2,1200 sq.ft.,Partially Furnished,"Multipurpose hall, Playground, Barbeque area, Sauna, Parking, Swimming Pool, Gymnasium, Jogging Track, Security, Lift, Minimart","Air-Cond, Cooking Allowed, Near KTM/LRT, Washing Machine",Kuala Lumpur
98628402,Enesta,2021,RM 1 880 per month,Kuala Lumpur - Kepong,Service Residence,3,,2,1009 sq.ft.,Partially Furnished,"Parking, Security, Lift, Swimming Pool, Playground, Multipurpose hall, Gymnasium, Sauna, Tennis Court, Club house","Air-Cond, Cooking Allowed, Near KTM/LRT, Internet",Kuala Lumpur
100286976,The Holmes 2,2021,RM 1 800 per month,Kuala Lumpur - Cheras,Condominium,3,2,2,950 sq.ft.,Partially Furnished,"Barbeque area, Parking, Swimming Pool, Security, Sauna, Playground, Gymnasium, Jogging Track, Multipurpose hall","Air-Cond, Cooking Allowed, Near KTM/LRT, Washing Machine",Kuala Lumpur
89976684,DANAU KOTA SUITES,,RM 1 600 per month,Kuala Lumpur - Setapak,Condominium,3,1,2,969 sq.ft.,Partially Furnished,"Parking, Security, Lift, Swimming Pool, Playground, Gymnasium, Multipurpose hall, Minimart","Air-Cond, Washing Machine, Near KTM/LRT, Cooking Allowed",Kuala Lumpur
100286377,THE FENNEL AT SENTUL EAST,2017,RM 3 400 per month,Kuala Lumpur - Sentul,Condominium,3,3,3,1186 sq.ft.,Fully Furnished,"Parking, Security, Lift, Swimming Pool, Playground, Gymnasium, Sauna, Barbeque area, Minimart, Multipurpose hall, Club house, Jogging Track, Tennis Court, Squash Court","Air-Cond, Cooking Allowed, Near KTM/LRT, Washing Machine, Internet",Kuala Lumpur
100286265,Danau Permai,1996,RM 2 600 per month,Kuala Lumpur - Taman Desa,Condominium,3,1,2,1010 sq.ft.,Fully Furnished,"Parking, Security, Lift, Swimming Pool, Playground, Gymnasium, Sauna, Barbeque area, Minimart, Multipurpose hall, Club house, Jogging Track","Air-Cond, Washing Machine",Kuala Lumpur
100286310,Kenwingston Avenue,,RM 1 600 per month,Kuala Lumpur - Sungai Besi,Service Residence,3,1,2,850 sq.ft.,Partially Furnished,,,Kuala Lumpur
100286332,Ativo Suites @ Damansara Avenue,2021,RM 2 200 per month,Kuala Lumpur - Sri Damansara,Service Residence,1,1,1,499 sq.ft.,Fully Furnished,"Parking, Minimart, Swimming Pool, Tennis Court, Squash Court, Lift, Security, Playground, Gymnasium, Sauna, Club house",,Kuala Lumpur
99309291,,,RM 1 600 per month,Kuala Lumpur - Bangsar South,Service Residence,2,1,1,648 sq.ft.,Partially Furnished,"Security, Swimming Pool, Gymnasium, Barbeque area, Playground, Parking, Multipurpose hall, Lift","Air-Cond, Washing Machine, Cooking Allowed",Kuala Lumpur
87778268,Platinum Lake PV 21,,RM 1 300 per month,Kuala Lumpur - Setapak,Service Residence,2,1,2,900 sq.ft.,Partially Furnished,"Parking, Gymnasium, Security, Swimming Pool, Playground, Multipurpose hall, Lift","Cooking Allowed, Internet, Washing Machine, Near KTM/LRT",Kuala Lumpur
100286600,Anyaman Residence,2016,RM 1 700 per month,Kuala Lumpur - Kuchai Lama,Condominium,3,1,2,935 sq.ft.,Fully Furnished,"Security, Barbeque area, Swimming Pool, Gymnasium, Jogging Track, Playground, Multipurpose hall, Parking, Lift, Minimart","Air-Cond, Cooking Allowed, Near KTM/LRT, Washing Machine",Kuala Lumpur
100286592,Nusa Mewah Villa Condominium,2014,RM 1 500 per month,Kuala Lumpur - Cheras,Condominium,3,2,2,865 sq.ft.,Fully Furnished,"Security, Minimart, Swimming Pool, Jogging Track, Playground, Parking",,Kuala Lumpur
100286184,The Birch,2023,RM 2 000 per month,Kuala Lumpur - Jalan Ipoh,Service Residence,2,1,1,611 sq.ft.,Partially Furnished,"Barbeque area, Multipurpose hall, Security, Gymnasium, Jogging Track, Playground, Swimming Pool",,Kuala Lumpur
100286461,Residence 8,2013,RM 1 150 per month,Kuala Lumpur - Old Klang Road,Condominium,1,,1,350 sq.ft.,Fully Furnished,"Multipurpose hall, Barbeque area, Sauna, Gymnasium, Playground, Swimming Pool, Security",,Kuala Lumpur
100285748,Sri Putramas,2004,RM 1 600 per month,Kuala Lumpur - Jalan Kuching,Condominium,3,1,2,1100 sq.ft.,Fully Furnished,"Minimart, Gymnasium, Barbeque area, Parking, Security, Playground, Swimming Pool, Tennis Court, Sauna, Lift","Air-Cond, Cooking Allowed, Washing Machine",Kuala Lumpur
100285697,Mizumi Residences,2020,RM 2 000 per month,Kuala Lumpur - Kepong,Service Residence,3,2,2,901 sq.ft.,Partially Furnished,"Minimart, Jogging Track, Lift, Sauna, Multipurpose hall, Parking, Security, Playground, Swimming Pool, Gymnasium, Club house, Barbeque area","Cooking Allowed, Near KTM/LRT, Washing Machine",Kuala Lumpur
100286060,Sentul Village Mercury Service Apartment,2017,RM 1 800 per month,Kuala Lumpur - Sentul,Service Residence,3,,2,1032 sq.ft.,Fully Furnished,"Parking, Multipurpose hall, Security, Playground, Jogging Track, Gymnasium, Squash Court, Lift, Club house, Minimart","Air-Cond, Cooking Allowed, Washing Machine",Kuala Lumpur
100285996,Sentul Village Mercury Service Apartment,2017,RM 1 800 per month,Kuala Lumpur - Sentul,Service Residence,3,1,2,1032 sq.ft.,Fully Furnished,"Squash Court, Club house, Parking, Security, Lift, Multipurpose hall, Jogging Track, Minimart, Playground, Gymnasium, Swimming Pool","Air-Cond, Cooking Allowed, Washing Machine",Kuala Lumpur
100285853,Bayu Tasik 2,1998,RM 1 500 per month,Kuala Lumpur - Cheras,Condominium,3,1,2,960 sq.ft.,Fully Furnished,"Security, Swimming Pool, Parking, Playground, Gymnasium",,Kuala Lumpur
100285794,THE FENNEL AT SENTUL EAST,2017,RM 3 400 per month,Kuala Lumpur - Sentul,Condominium,3,2,2,1186 sq.ft.,Fully Furnished,"Parking, Security, Lift, Swimming Pool, Playground, Gymnasium, Multipurpose hall","Air-Cond, Cooking Allowed, Washing Machine",Kuala Lumpur
100285775,Putra Suria Residence,,RM 1 200 per month,Kuala Lumpur - Cheras,Condominium,3,1,2,750 sq.ft.,Partially Furnished,"Parking, Security, Lift, Minimart, Jogging Track, Playground, Multipurpose hall","Cooking Allowed, Near KTM/LRT",Kuala Lumpur
99923007,Sentul Point Suite Apartment,2020,RM 1 800 per month,Kuala Lumpur - Sentul,Apartment,3,2,2,900 sq.ft.,Fully Furnished,"Security, Swimming Pool, Playground, Gymnasium, Squash Court, Parking, Minimart, Lift, Sauna, Barbeque area, Multipurpose hall, Jogging Track, Club house","Air-Cond, Cooking Allowed, Washing Machine, Near KTM/LRT",Kuala Lumpur
100128144,Season Garden Residence,,RM 1 500 per month,Kuala Lumpur - Wangsa Maju,Condominium,3,2,2,850 sq.ft.,Partially Furnished,"Parking, Security, Lift, Playground, Swimming Pool, Gymnasium, Barbeque area, Multipurpose hall, Jogging Track, Club house, Minimart","Air-Cond, Cooking Allowed, Near KTM/LRT",Kuala Lumpur
100285376,Petaling Indah Condominiums,2005,RM 1 500 per month,Kuala Lumpur - Sri Petaling,Condominium,2,1,2,850 sq.ft.,Partially Furnished,,,Kuala Lumpur
100284983,"Bangunan Forlong, Setapak",,RM 950 per month,Kuala Lumpur - Setapak,Condominium,3,1,2,950 sq.ft.,Not Furnished,,,Kuala Lumpur
100284978,Windsor Tower,2007,RM 1 600 per month,Kuala Lumpur - Sri Hartamas,Service Residence,2,,1,500 sq.ft.,Fully Furnished,"Parking, Gymnasium, Barbeque area, Security, Swimming Pool, Club house, Squash Court, Sauna, Playground, Jogging Track",,Kuala Lumpur
100284985,Jalan Sentul,,RM 1 000 per month,Kuala Lumpur - Sentul,Flat,2,,1,600 sq.ft.,Fully Furnished,Parking,"Cooking Allowed, Near KTM/LRT",Kuala Lumpur
100285291,Delima J Apartment,,RM 1 500 per month,Kuala Lumpur - Desa Pandan,Apartment,3,,2,1000 sq.ft.,Fully Furnished,,,Kuala Lumpur
96468204,,,RM 500 per month,Kuala Lumpur - Cheras,Flat,2,,1,650 sq.ft.,Not Furnished,Parking,,Kuala Lumpur
100285130,Residensi Suria Pantai,2020,RM 1 400 per month,Kuala Lumpur - Pantai,Apartment,3,1,2,810 sq.ft.,Partially Furnished,"Playground, Parking, Minimart, Multipurpose hall, Swimming Pool, Security","Air-Cond, Cooking Allowed, Near KTM/LRT, Washing Machine, Internet",Kuala Lumpur
99472004,Bangsar Puteri,,RM 2 000 per month,Kuala Lumpur - Bangsar,Condominium,2,1,1,1066 sq.ft.,Fully Furnished,"Security, Playground, Gymnasium, Tennis Court, Barbeque area, Sauna, Club house, Parking, Swimming Pool, Squash Court","Air-Cond, Cooking Allowed, Near KTM/LRT, Washing Machine, Internet",Kuala Lumpur
97279605,Dallas villa,,RM 1 100 per month,Kuala Lumpur - Pandan Perdana,Condominium,3,1,2,988 sq.ft.,Partially Furnished,"Parking, Security, Lift, Swimming Pool, Playground, Barbeque area, Minimart, Multipurpose hall, Jogging Track",Cooking Allowed,Kuala Lumpur
99840077,Infiniti 3 Residences,,RM 2 000 per month,Kuala Lumpur - Wangsa Maju,Service Residence,3,2,2,1280 sq.ft.,Partially Furnished,"Parking, Security, Lift, Swimming Pool, Playground, Jogging Track, Gymnasium","Air-Cond, Cooking Allowed, Internet",Kuala Lumpur
99840589,Midfields 2,2017,RM 1 600 per month,Kuala Lumpur - Sungai Besi,Condominium,3,1,2,1100 sq.ft.,Partially Furnished,"Barbeque area, Security, Playground, Swimming Pool, Parking, Jogging Track","Air-Cond, Cooking Allowed, Near KTM/LRT, Washing Machine, Internet",Kuala Lumpur
100284934,The Chancellor Condominium,2017,RM 2 000 per month,Kuala Lumpur - Ampang,Condominium,3,1,2,1300 sq.ft.,Fully Furnished,"Security, Swimming Pool, Playground, Parking, Lift, Minimart","Air-Cond, Cooking Allowed, Washing Machine",Kuala Lumpur
100284850,Waldorf Tower,,RM 4 250 per month,Kuala Lumpur - Sri Hartamas,Service Residence,4,,3,1460 sq.ft.,Fully Furnished,"Parking, Security, Lift, Swimming Pool, Playground, Gymnasium, Sauna, Barbeque area, Minimart, Multipurpose hall, Club house, Jogging Track, Tennis Court, Squash Court","Air-Cond, Cooking Allowed",Kuala Lumpur
100284758,"SkyAwani 3 Residence, Setapak",2021,RM 1 600 per month,Kuala Lumpur - Setapak,Condominium,3,1,2,800 sq.ft.,Partially Furnished,"Jogging Track, Security, Gymnasium, Squash Court, Tennis Court, Barbeque area, Sauna, Minimart, Playground, Lift, Parking, Swimming Pool",,Kuala Lumpur
100284496,Taman Muda,,RM 1 200 per month,Kuala Lumpur - Ampang,Apartment,3,1,2,865 sq.ft.,Not Furnished,,,Kuala Lumpur
100284495,M City,2016,RM 1 700 per month,Kuala Lumpur - KL City,Service Residence,1,1,1,506 sq.ft.,Fully Furnished,"Lift, Jogging Track, Minimart, Playground, Swimming Pool, Squash Court, Barbeque area, Security, Parking, Gymnasium, Sauna","Air-Cond, Cooking Allowed, Washing Machine, Near KTM/LRT",Kuala Lumpur
100284531,Taman Maluri (Cheras),,RM 700 per month,Kuala Lumpur - Cheras,Others,2,,1,600 sq.ft.,Not Furnished,,Cooking Allowed,Kuala Lumpur
100284736,Sentrio Suites,2017,RM 2 800 per month,Kuala Lumpur - Desa Pandan,Service Residence,2,1,2,856 sq.ft.,Fully Furnished,,,Kuala Lumpur
100284733,Parc 3,2021,RM 2 000 per month,Kuala Lumpur - Cheras,Service Residence,2,1,2,853 sq.ft.,Partially Furnished,"Gymnasium, Playground, Barbeque area, Security, Multipurpose hall, Parking, Jogging Track, Lift, Swimming Pool, Sauna","Air-Cond, Cooking Allowed, Near KTM/LRT",Kuala Lumpur
100284699,The Hipster @ Taman Desa,2022,RM 1 700 per month,Kuala Lumpur - Taman Desa,Condominium,3,2,2,921 sq.ft.,Partially Furnished,"Parking, Security, Lift, Swimming Pool, Playground, Gymnasium, Barbeque area, Multipurpose hall, Club house",,Kuala Lumpur
100273838,Ppiam bukit jalil,,RM 1 300 per month,Kuala Lumpur - Bukit Jalil,Apartment,3,1,2,1200 sq.ft.,Not Furnished,"Parking, Security, Playground, Jogging Track","Air-Cond, Cooking Allowed, Near KTM/LRT, Washing Machine, Internet",Kuala Lumpur
100284299,Sri TTDI,1997,RM 2 100 per month,Kuala Lumpur - Taman Tun Dr Ismail,Condominium,3,1,2,1050 sq.ft.,Partially Furnished,"Parking, Tennis Court, Jogging Track, Barbeque area, Sauna, Security, Playground, Swimming Pool, Gymnasium","Air-Cond, Cooking Allowed",Kuala Lumpur
100231627,Lavile,2021,RM 2 999 per month,Kuala Lumpur - Cheras,Service Residence,2,1,2,750 sq.ft.,Fully Furnished,"Swimming Pool, Gymnasium, Multipurpose hall, Barbeque area, Security, Parking","Air-Cond, Cooking Allowed, Near KTM/LRT, Washing Machine",Kuala Lumpur
100231501,Lavile,2021,RM 2 999 per month,Kuala Lumpur - Cheras,Service Residence,2,1,2,750 sq.ft.,Fully Furnished,"Swimming Pool, Gymnasium, Multipurpose hall, Barbeque area, Security, Parking","Air-Cond, Cooking Allowed, Near KTM/LRT, Washing Machine",Kuala Lumpur
100231795,Lavile,2021,RM 2 900 per month,Kuala Lumpur - Cheras,Service Residence,2,1,2,750 sq.ft.,Fully Furnished,"Swimming Pool, Gymnasium, Multipurpose hall, Barbeque area, Security, Parking","Air-Cond, Cooking Allowed, Near KTM/LRT, Washing Machine",Kuala Lumpur
100284199,Lanai Residences,2020,RM 1 000 per month,Kuala Lumpur - Bukit Jalil,Condominium,3,,2,800 sq.ft.,Partially Furnished,,,Kuala Lumpur
100284182,Bintang Mas,2017,RM 1 550 per month,Kuala Lumpur - Cheras,Condominium,4,1,2,1307 sq.ft.,Partially Furnished,"Swimming Pool, Security, Playground, Parking, Lift, Multipurpose hall, Jogging Track","Air-Cond, Cooking Allowed, Near KTM/LRT",Kuala Lumpur
100284164,Residensi Jalilmas,,RM 850 per month,Kuala Lumpur - Bukit Jalil,Apartment,3,,2,800 sq.ft.,Not Furnished,"Minimart, Multipurpose hall, Parking, Security",,Kuala Lumpur
100284152,Suasana Lumayan,2015,RM 1 550 per month,Kuala Lumpur - Cheras,Condominium,4,1,2,1142 sq.ft.,Partially Furnished,"Minimart, Sauna, Security, Gymnasium, Playground, Parking, Swimming Pool, Lift","Air-Cond, Cooking Allowed",Kuala Lumpur
97182380,,,RM 1 150 per month,Kuala Lumpur - Cheras,Condominium,3,1,2,1100 sq.ft.,Partially Furnished,"Parking, Security, Lift, Swimming Pool, Playground, Minimart, Multipurpose hall","Air-Cond, Cooking Allowed",Kuala Lumpur
100284472,Ketumbar Heights,2010,RM 1 200 per month,Kuala Lumpur - Cheras,Condominium,3,1,2,865 sq.ft.,Not Furnished,,,Kuala Lumpur
99938252,M3 Residency,2017,RM 450 per month,Kuala Lumpur - Setapak,Service Residence,5,,3,1092 sq.ft.,Fully Furnished,"Security, Lift, Swimming Pool, Playground, Parking, Barbeque area, Multipurpose hall, Minimart","Air-Cond, Cooking Allowed, Near KTM/LRT, Washing Machine, Internet",Kuala Lumpur
100284442,Ketumbar Hill,,RM 1 100 per month,Kuala Lumpur - Cheras,Condominium,3,1,2,865 sq.ft.,Not Furnished,,,Kuala Lumpur
100284137,Residensi Jalilmas,,RM 1 000 per month,Kuala Lumpur - Bukit Jalil,Apartment,3,,2,800 sq.ft.,Fully Furnished,"Minimart, Multipurpose hall, Parking, Security",,Kuala Lumpur
100284117,Residensi Razakmas,,RM 900 per month,Kuala Lumpur - Cheras,Apartment,3,,2,850 sq.ft.,Partially Furnished,,,Kuala Lumpur
95083176,Residensi Pandanmas 2,,RM 1 000 per month,Kuala Lumpur - Desa Pandan,Apartment,3,1,2,900 sq.ft.,Not Furnished,"Jogging Track, Security, Parking, Minimart, Playground, Swimming Pool, Gymnasium, Lift, Multipurpose hall",Cooking Allowed,Kuala Lumpur
100284360,Emerald Hills,2025,RM 2 000 per month,Kuala Lumpur - Cheras,Condominium,3,2,2,840 sq.ft.,Partially Furnished,"Security, Barbeque area, Playground, Jogging Track, Sauna, Club house, Parking, Swimming Pool","Cooking Allowed, Air-Cond, Washing Machine",Kuala Lumpur
99322406,Residensi Pandanmas 1,,RM 1 500 per month,Kuala Lumpur - Desa Pandan,Apartment,3,1,2,900 sq.ft.,Partially Furnished,"Jogging Track, Minimart, Sauna, Gymnasium, Parking, Security, Lift, Swimming Pool, Playground, Multipurpose hall","Cooking Allowed, Near KTM/LRT",Kuala Lumpur
99826427,Sering Akasia,2009,RM 1 500 per month,Kuala Lumpur - Cheras,Condominium,4,2,3,1500 sq.ft.,Partially Furnished,"Parking, Security, Minimart, Swimming Pool, Gymnasium, Barbeque area, Playground, Lift",Air-Cond,Kuala Lumpur
82094528,Titiwangsa Sentral,2011,RM 750 per month,Kuala Lumpur - Titiwangsa,Condominium,4,,2,1200 sq.ft.,Fully Furnished,"Security, Playground, Barbeque area, Swimming Pool, Gymnasium, Tennis Court, Squash Court","Air-Cond, Cooking Allowed, Near KTM/LRT, Washing Machine, Internet",Kuala Lumpur
99614558,Pudu Impian 2 - Vila Tropika,,RM 1 300 per month,Kuala Lumpur - Cheras,Condominium,3,,2,935 sq.ft.,Not Furnished,"Security, Playground, Swimming Pool, Gymnasium, Parking","Air-Cond, Cooking Allowed",Kuala Lumpur
93095090,Titiwangsa Sentral,2011,RM 2 000 per month,Kuala Lumpur - Titiwangsa,Condominium,3,1,2,1100 sq.ft.,Fully Furnished,"Gymnasium, Tennis Court, Barbeque area, Playground, Swimming Pool, Security, Squash Court","Air-Cond, Cooking Allowed, Near KTM/LRT, Washing Machine",Kuala Lumpur
100284033,Residensi Pandanmas 2,,RM 1 000 per month,Kuala Lumpur - Desa Pandan,Apartment,3,,2,900 sq.ft.,Partially Furnished,"Parking, Security, Minimart, Swimming Pool, Playground, Gymnasium, Jogging Track",,Kuala Lumpur
100284016,Residensi Pandanmas 2,,RM 1 300 per month,Kuala Lumpur - Desa Pandan,Apartment,3,,2,900 sq.ft.,Fully Furnished,"Minimart, Playground, Gymnasium, Jogging Track, Security, Swimming Pool, Parking",,Kuala Lumpur
99488670,Platinum OUG Residence,2021,RM 1 600 per month,Kuala Lumpur - Kuchai Lama,Condominium,3,2,3,1250 sq.ft.,Not Furnished,"Playground, Gymnasium, Lift, Security, Parking, Swimming Pool",Near KTM/LRT,Kuala Lumpur
100283842,Perdana Puri,,RM 1 200 per month,Kuala Lumpur - Kepong,Condominium,3,1,2,950 sq.ft.,Partially Furnished,"Security, Parking, Lift, Swimming Pool, Playground","Air-Cond, Cooking Allowed, Washing Machine",Kuala Lumpur
99086286,Sri Intan 1,,RM 1 500 per month,Kuala Lumpur - Jalan Ipoh,Condominium,3,1,2,1188 sq.ft.,Fully Furnished,"Security, Parking, Lift, Swimming Pool, Playground, Minimart, Jogging Track, Barbeque area, Gymnasium","Air-Cond, Cooking Allowed, Near KTM/LRT, Washing Machine",Kuala Lumpur
100238101,Prisma Cheras,,RM 1 300 per month,Kuala Lumpur - Cheras,Condominium,3,1,2,1152 sq.ft.,Partially Furnished,"Parking, Squash Court, Security, Playground, Tennis Court, Sauna, Gymnasium, Swimming Pool, Barbeque area",,Kuala Lumpur
99325667,Seksyen 2 Wangsa Maju Flat Block D,,RM 1 050 per month,Kuala Lumpur - Wangsa Maju,Flat,3,,2,700 sq.ft.,Not Furnished,Parking,,Kuala Lumpur
100050718,Maytower,2007,RM 1 300 per month,Kuala Lumpur - KL City,Service Residence,1,,1,439 sq.ft.,Fully Furnished,"Security, Lift, Swimming Pool, Gymnasium, Sauna, Minimart, Multipurpose hall","Air-Cond, Cooking Allowed, Near KTM/LRT, Washing Machine",Kuala Lumpur
99337592,Jasmin,,RM 1 200 per month,Kuala Lumpur - Setapak,Apartment,3,1,2,783 sq.ft.,Not Furnished,"Security, Lift",,Kuala Lumpur
100050924,Maytower,2007,RM 1 600 per month,Kuala Lumpur - KL City,Service Residence,1,,1,493 sq.ft.,Fully Furnished,"Security, Lift, Swimming Pool, Gymnasium, Sauna, Minimart, Multipurpose hall","Air-Cond, Cooking Allowed, Near KTM/LRT, Washing Machine",Kuala Lumpur
100249752,Warisan City View,2005,RM 1 800 per month,Kuala Lumpur - Cheras,Condominium,3,,2,920 sq.ft.,Fully Furnished,"Parking, Jogging Track, Security, Minimart, Swimming Pool, Playground","Cooking Allowed, Air-Cond, Washing Machine, Near KTM/LRT",Kuala Lumpur
100283247,Lido Residency,2016,RM 1 500 per month,Kuala Lumpur - Cheras,Condominium,2,,2,960 sq.ft.,Partially Furnished,"Multipurpose hall, Parking, Playground, Gymnasium, Jogging Track, Swimming Pool, Security, Barbeque area",Air-Cond,Kuala Lumpur
100283305,PPA1M Metropolitan Kepong,2018,RM 1 400 per month,Kuala Lumpur - Kepong,Condominium,4,2,2,1200 sq.ft.,Partially Furnished,"Playground, Minimart, Parking, Security, Lift, Barbeque area",Cooking Allowed,Kuala Lumpur
100283343,Mesra Villa @ Pandan Mesra,2007,RM 1 300 per month,Kuala Lumpur - Ampang,Apartment,3,,2,871 sq.ft.,Not Furnished,"Swimming Pool, Security, Lift","Cooking Allowed, Near KTM/LRT",Kuala Lumpur
100283545,Pangsapuri Sri Penara,,RM 1 000 per month,Kuala Lumpur - Cheras,Apartment,3,,2,700 sq.ft.,Partially Furnished,"Parking, Minimart, Security, Jogging Track, Swimming Pool","Cooking Allowed, Near KTM/LRT",Kuala Lumpur
100283521,Zeta Deskye Residence,2016,RM 1 600 per month,Kuala Lumpur - Jalan Ipoh,Condominium,3,2,2,1037 sq.ft.,Fully Furnished,"Parking, Security, Lift, Swimming Pool, Playground, Gymnasium, Barbeque area, Minimart, Multipurpose hall, Jogging Track","Air-Cond, Cooking Allowed, Near KTM/LRT, Washing Machine",Kuala Lumpur
98310638,Seksyen 2 Wangsa Maju Flat Block D,,RM 1 050 per month,Kuala Lumpur - Wangsa Maju,Flat,3,,2,700 sq.ft.,Not Furnished,Parking,,Kuala Lumpur
100283503,Metroview Condominium,2005,RM 1 500 per month,Kuala Lumpur - Setapak,Condominium,3,1,2,1150 sq.ft.,Fully Furnished,"Parking, Security, Swimming Pool, Gymnasium, Barbeque area, Minimart, Playground, Lift","Air-Cond, Cooking Allowed, Near KTM/LRT",Kuala Lumpur
100283186,Wangsa Heights,2001,RM 1 300 per month,Kuala Lumpur - Ampang,Condominium,2,1,2,800 sq.ft.,Fully Furnished,"Barbeque area, Sauna, Squash Court, Minimart, Swimming Pool, Gymnasium, Multipurpose hall, Security, Playground, Jogging Track, Parking",,Kuala Lumpur
100283419,Desa Aman Puri,,RM 1 000 per month,Kuala Lumpur - Kepong,Apartment,3,1,2,841 sq.ft.,Partially Furnished,"Parking, Lift",Air-Cond,Kuala Lumpur
100001575,PPA1M Metropolitan Kepong,2018,RM 1 600 per month,Kuala Lumpur - Kepong,Condominium,5,2,2,1500 sq.ft.,Fully Furnished,"Parking, Security, Lift, Minimart, Playground, Multipurpose hall","Cooking Allowed, Washing Machine",Kuala Lumpur
100282744,Perumahan Penjawat Awam 1 Malaysia (PPA1M) Bukit Jalil,2018,RM 1 300 per month,Kuala Lumpur - Bukit Jalil,Apartment,3,1,2,1300 sq.ft.,Partially Furnished,"Security, Jogging Track, Parking, Swimming Pool, Minimart, Playground, Lift","Air-Cond, Near KTM/LRT, Cooking Allowed",Kuala Lumpur
98768252,,,RM 2 200 per month,Kuala Lumpur - KL City,Condominium,2,,2,834 sq.ft.,Fully Furnished,"Security, Lift, Parking, Swimming Pool, Playground, Gymnasium, Sauna, Minimart","Air-Cond, Cooking Allowed, Near KTM/LRT, Washing Machine",Kuala Lumpur
100145178,Villa Mutiara @ Mutiara Complex,,RM 1 000 per month,Kuala Lumpur - Jalan Ipoh,Service Residence,1,,1,450 sq.ft.,Fully Furnished,"Security, Lift, Parking, Swimming Pool, Minimart","Air-Cond, Internet, Near KTM/LRT, Cooking Allowed, Washing Machine",Kuala Lumpur
100057669,Sky Awani Residensi,,RM 1 550 per month,Kuala Lumpur - Sentul,Condominium,3,1,2,900 sq.ft.,Partially Furnished,"Security, Playground, Barbeque area, Parking, Minimart, Jogging Track, Club house, Swimming Pool, Sauna","Air-Cond, Cooking Allowed, Near KTM/LRT, Washing Machine, Internet",Kuala Lumpur
100155043,Amaya Maluri,2013,RM 2 200 per month,Kuala Lumpur - Cheras,Service Residence,3,1,2,920 sq.ft.,Fully Furnished,"Parking, Gymnasium, Multipurpose hall, Playground, Swimming Pool, Security","Air-Cond, Cooking Allowed, Near KTM/LRT, Washing Machine, Internet",Kuala Lumpur
100155030,Seri Maya,2008,RM 1 900 per month,Kuala Lumpur - Setiawangsa,Condominium,3,1,2,1150 sq.ft.,Fully Furnished,"Security, Swimming Pool, Gymnasium, Playground, Parking","Air-Cond, Cooking Allowed, Near KTM/LRT, Washing Machine, Internet",Kuala Lumpur
100282748,Dorsett Residences Sri Hartamas,2018,RM 2 100 per month,Kuala Lumpur - Sri Hartamas,Service Residence,1,1,1,560 sq.ft.,Fully Furnished,"Parking, Security, Lift, Swimming Pool, Playground, Gymnasium, Sauna, Barbeque area, Minimart, Multipurpose hall, Club house","Air-Cond, Cooking Allowed, Washing Machine, Internet",Kuala Lumpur
99487112,The Annex @ Medan Connaught,2019,RM 1 200 per month,Kuala Lumpur - Cheras,Service Residence,2,,1,600 sq.ft.,Fully Furnished,"Playground, Swimming Pool, Parking, Security, Gymnasium","Air-Cond, Cooking Allowed, Near KTM/LRT, Washing Machine",Kuala Lumpur
99486961,The Annex @ Medan Connaught,2019,RM 1 600 per month,Kuala Lumpur - Cheras,Service Residence,2,,1,590 sq.ft.,Fully Furnished,"Parking, Swimming Pool, Playground, Gymnasium, Security","Air-Cond, Cooking Allowed, Near KTM/LRT, Washing Machine",Kuala Lumpur
100282331,Southbank Residence,2017,RM 1 700 per month,Kuala Lumpur - Old Klang Road,Service Residence,1,,1,699 sq.ft.,Partially Furnished,"Swimming Pool, Multipurpose hall, Security, Barbeque area, Jogging Track, Gymnasium, Parking, Lift, Playground, Sauna, Minimart","Air-Cond, Cooking Allowed, Washing Machine",Kuala Lumpur
100282353,The Andes Condo Villa @ Bukit Jalil,2018,RM 2 300 per month,Kuala Lumpur - Bukit Jalil,Condominium,4,2,3,1325 sq.ft.,Fully Furnished,"Parking, Security, Lift, Swimming Pool, Playground, Multipurpose hall, Minimart, Barbeque area, Sauna, Gymnasium, Squash Court, Jogging Track","Air-Cond, Cooking Allowed, Near KTM/LRT, Washing Machine, Internet",Kuala Lumpur
100282416,28 Dutamas,2017,RM 2 500 per month,Kuala Lumpur - Solaris Dutamas,Condominium,3,2,3,1500 sq.ft.,Fully Furnished,"Gymnasium, Playground, Swimming Pool, Multipurpose hall, Security, Jogging Track",,Kuala Lumpur
100228671,Putra Suria Residence,,RM 1 150 per month,Kuala Lumpur - Cheras,Apartment,3,,2,853 sq.ft.,Not Furnished,"Swimming Pool, Gymnasium, Jogging Track, Parking, Security, Minimart",,Kuala Lumpur
100246433,Suasana Lumayan,2015,RM 1 700 per month,Kuala Lumpur - Cheras,Condominium,4,,2,1142 sq.ft.,Fully Furnished,"Playground, Gymnasium, Security, Minimart, Sauna",,Kuala Lumpur
100282596,Seri Raja Chulan,,RM 3 200 per month,Kuala Lumpur - Bukit Bintang,Condominium,3,,2,1300 sq.ft.,Fully Furnished,"Gymnasium, Barbeque area, Playground, Sauna, Swimming Pool, Squash Court, Parking, Security, Tennis Court",,Kuala Lumpur
100282570,The Meritz,2008,RM 4 500 per month,Kuala Lumpur - Ampang,Condominium,2,,2,1400 sq.ft.,Fully Furnished,"Playground, Swimming Pool, Sauna, Parking, Minimart, Jogging Track, Lift, Security, Gymnasium, Squash Court",,Kuala Lumpur
100282274,Sri Pelangi (Jalan Genting Kelang),2003,RM 1 250 per month,Kuala Lumpur - Setapak,Condominium,3,1,2,1000 sq.ft.,Partially Furnished,"Lift, Security, Parking, Swimming Pool, Playground",,Kuala Lumpur
98749369,KL Traders Square condo,,RM 1 600 per month,Kuala Lumpur - Setapak,Condominium,4,2,2,1059 sq.ft.,Partially Furnished,"Parking, Swimming Pool, Playground, Security, Lift, Gymnasium, Barbeque area, Minimart, Multipurpose hall, Club house, Jogging Track, Tennis Court, Squash Court","Air-Cond, Cooking Allowed, Near KTM/LRT, Washing Machine, Internet",Kuala Lumpur
100282516,Mont Kiara Pines,1993,RM 3 500 per month,Kuala Lumpur - Mont Kiara,Apartment,3,1,2,1200 sq.ft.,Fully Furnished,,,Kuala Lumpur
100194364,The Binjai,2009,RM 16 000 per month,Kuala Lumpur - KLCC,Condominium,4,2,5,3218 sq.ft.,Fully Furnished,"Security, Multipurpose hall, Gymnasium, Squash Court, Swimming Pool, Tennis Court, Sauna","Air-Cond, Cooking Allowed, Near KTM/LRT, Washing Machine",Kuala Lumpur
99988669,NOVUM,2019,RM 1 350 per month,Kuala Lumpur - Bangsar South,Service Residence,1,,1,200 sq.ft.,Fully Furnished,"Parking, Security, Gymnasium, Barbeque area, Playground, Sauna, Multipurpose hall, Swimming Pool, Lift, Minimart","Air-Cond, Cooking Allowed, Near KTM/LRT, Washing Machine, Internet",Kuala Lumpur
100282448,Aman Putra Apartment,,RM 800 per month,Kuala Lumpur - Kepong,Apartment,3,1,2,720 sq.ft.,Not Furnished,"Parking, Security, Lift, Playground, Minimart",,Kuala Lumpur
100194327,The Lumayan Apartment,,RM 1 600 per month,Kuala Lumpur - Cheras,Apartment,3,1,2,830 sq.ft.,Fully Furnished,"Swimming Pool, Security, Minimart, Playground, Parking, Lift, Multipurpose hall, Barbeque area","Air-Cond, Cooking Allowed, Washing Machine",Kuala Lumpur
98938710,Platinum Hill PV 6,2008,RM 2 100 per month,Kuala Lumpur - Setapak,Condominium,4,1,2,1328 sq.ft.,Partially Furnished,"Parking, Security, Lift, Swimming Pool, Playground, Gymnasium, Sauna, Barbeque area, Minimart, Multipurpose hall, Club house, Jogging Track, Tennis Court, Squash Court","Air-Cond, Cooking Allowed, Near KTM/LRT, Washing Machine, Internet",Kuala Lumpur
99883351,Sri Penara,,RM 900 per month,Kuala Lumpur - Cheras,Apartment,3,1,2,650 sq.ft.,Not Furnished,"Parking, Minimart, Playground, Lift, Security","Cooking Allowed, Near KTM/LRT",Kuala Lumpur
100155037,The Holmes,,RM 1 600 per month,Kuala Lumpur - Cheras,Condominium,3,2,2,1018 sq.ft.,Partially Furnished,,"Cooking Allowed, Near KTM/LRT, Internet",Kuala Lumpur
100205367,Lavile,2021,RM 2 700 per month,Kuala Lumpur - Cheras,Service Residence,2,1,2,850 sq.ft.,Fully Furnished,"Swimming Pool, Gymnasium, Multipurpose hall, Barbeque area, Security","Air-Cond, Cooking Allowed, Near KTM/LRT, Washing Machine, Internet",Kuala Lumpur
100281841,Platinum OUG Residence,2021,RM 1 800 per month,Kuala Lumpur - Kuchai Lama,Condominium,3,1,2,1200 sq.ft.,Fully Furnished,"Lift, Playground, Security, Gymnasium, Parking, Swimming Pool, Barbeque area","Air-Cond, Cooking Allowed, Washing Machine",Kuala Lumpur
100281957,Damai Hillpark,2015,RM 1 700 per month,Kuala Lumpur - Bandar Damai Perdana,Condominium,3,2,2,1070 sq.ft.,Partially Furnished,"Parking, Security, Lift, Swimming Pool, Playground, Gymnasium, Barbeque area, Minimart, Multipurpose hall, Club house, Jogging Track","Air-Cond, Cooking Allowed, Internet",Kuala Lumpur
98843684,OUG Parklane,,RM 1 200 per month,Kuala Lumpur - OUG,Service Residence,3,,2,960 sq.ft.,Partially Furnished,"Sauna, Parking, Security, Playground, Squash Court, Minimart, Swimming Pool",Air-Cond,Kuala Lumpur
100282085,Majestic Maxim,2021,RM 1 400 per month,Kuala Lumpur - Cheras,Service Residence,2,2,2,650 sq.ft.,Not Furnished,"Parking, Gymnasium, Jogging Track, Lift, Barbeque area, Security, Swimming Pool, Playground","Air-Cond, Near KTM/LRT, Cooking Allowed",Kuala Lumpur
100281701,Maytower,2007,RM 1 250 per month,Kuala Lumpur - KL City,Service Residence,1,,1,351 sq.ft.,Fully Furnished,"Parking, Security, Lift, Swimming Pool, Playground, Gymnasium","Air-Cond, Cooking Allowed, Near KTM/LRT, Washing Machine",Kuala Lumpur
100281751,M Centura,,RM 1 050 per month,Kuala Lumpur - Sentul,Condominium,2,1,1,646 sq.ft.,Not Furnished,"Parking, Security, Lift, Swimming Pool, Playground, Gymnasium, Sauna, Barbeque area, Multipurpose hall, Jogging Track","Cooking Allowed, Near KTM/LRT",Kuala Lumpur
100282014,THE FENNEL AT SENTUL EAST,2017,RM 3 400 per month,Kuala Lumpur - Sentul,Condominium,3,3,3,1184 sq.ft.,Fully Furnished,"Parking, Security, Lift, Playground, Swimming Pool, Gymnasium, Sauna, Barbeque area, Minimart, Multipurpose hall, Club house, Jogging Track","Air-Cond, Cooking Allowed, Near KTM/LRT, Washing Machine",Kuala Lumpur
98203209,,,RM 2 500 per month,Kuala Lumpur - KL City,Condominium,1,1,1,870 sq.ft.,Fully Furnished,"Parking, Security, Lift, Swimming Pool, Playground, Gymnasium, Barbeque area","Air-Cond, Cooking Allowed, Washing Machine",Kuala Lumpur
96010885,,,RM 2 800 per month,Kuala Lumpur - Mont Kiara,Condominium,3,2,4,1729 sq.ft.,Fully Furnished,"Parking, Security, Gymnasium, Swimming Pool","Air-Cond, Cooking Allowed",Kuala Lumpur
100281418,Seksyen 2 Wangsa Maju Flat Block D,,RM 1 000 per month,Kuala Lumpur - Wangsa Maju,Flat,2,,1,870 sq.ft.,Partially Furnished,,Near KTM/LRT,Kuala Lumpur
99990848,PV9 Residences @ Taman Melati,2022,RM 2 000 per month,Kuala Lumpur - Setapak,Service Residence,4,2,2,1200 sq.ft.,Fully Furnished,"Parking, Security, Lift, Swimming Pool, Playground, Gymnasium, Barbeque area, Minimart, Multipurpose hall","Air-Cond, Cooking Allowed, Near KTM/LRT, Washing Machine, Internet",Kuala Lumpur
100281689,Vivo Residential @ 9 Seputeh,2018,RM 1 600 per month,Kuala Lumpur - Seputeh,Service Residence,1,,1,505 sq.ft.,Fully Furnished,"Swimming Pool, Gymnasium, Jogging Track, Parking, Security, Playground, Barbeque area, Multipurpose hall, Tennis Court, Sauna","Air-Cond, Cooking Allowed, Washing Machine",Kuala Lumpur
100281317,NOVUM,2019,RM 4 876 per month,Kuala Lumpur - Bangsar South,Service Residence,3,2,3,1375 sq.ft.,Fully Furnished,"Multipurpose hall, Parking, Gymnasium, Sauna, Swimming Pool, Security, Playground, Barbeque area",,Kuala Lumpur
100281357,M Centura,2021,RM 1 600 per month,Kuala Lumpur - Sentul,Service Residence,3,2,2,850 sq.ft.,Partially Furnished,"Parking, Security, Lift, Swimming Pool, Playground, Gymnasium, Barbeque area, Minimart, Multipurpose hall, Jogging Track","Air-Cond, Cooking Allowed, Near KTM/LRT",Kuala Lumpur
100281344,Prisma Cheras,,RM 1 350 per month,Kuala Lumpur - Cheras,Condominium,1,1,1,717 sq.ft.,Fully Furnished,"Playground, Barbeque area, Parking, Security, Tennis Court, Sauna, Swimming Pool, Squash Court, Gymnasium","Air-Cond, Cooking Allowed, Near KTM/LRT, Washing Machine",Kuala Lumpur
100281609,THE FENNEL AT SENTUL EAST,2017,RM 2 299 per month,Kuala Lumpur - Sentul,Condominium,3,1,3,1200 sq.ft.,Partially Furnished,,,Kuala Lumpur
100281281,GenKL,2019,RM 4 500 per month,Kuala Lumpur - Kuchai Lama,Condominium,4,2,3,1897 sq.ft.,Fully Furnished,"Swimming Pool, Gymnasium, Barbeque area, Security, Playground, Jogging Track, Parking, Lift",,Kuala Lumpur
100281232,Kiara Residence 2,,RM 2 000 per month,Kuala Lumpur - Bukit Jalil,Condominium,3,2,2,1370 sq.ft.,Partially Furnished,"Security, Swimming Pool, Gymnasium, Jogging Track, Parking","Air-Cond, Near KTM/LRT, Cooking Allowed",Kuala Lumpur
62875233,The Scott Garden,2011,RM 1 100 per month,Kuala Lumpur - Old Klang Road,Duplex,1,1,2,775 sq.ft.,Partially Furnished,,"Air-Cond, Cooking Allowed, Near KTM/LRT, Washing Machine",Kuala Lumpur
69265723,The Scott Garden,2011,RM 1 400 per month,Kuala Lumpur - Old Klang Road,Duplex,1,,2,775 sq.ft.,Fully Furnished,,Air-Cond,Kuala Lumpur
100281439,Sri Putramas,2004,RM 1 400 per month,Kuala Lumpur - Jalan Kuching,Condominium,3,,2,1100 sq.ft.,Partially Furnished,"Parking, Minimart, Gymnasium, Security, Tennis Court, Barbeque area, Sauna, Playground, Swimming Pool, Lift, Multipurpose hall, Squash Court, Club house, Jogging Track","Air-Cond, Cooking Allowed",Kuala Lumpur
89890859,KL Traders Square condo,,RM 1 700 per month,Kuala Lumpur - Setapak,Condominium,3,2,2,950 sq.ft.,Fully Furnished,"Parking, Lift, Security, Swimming Pool, Playground, Gymnasium, Minimart, Barbeque area, Multipurpose hall, Squash Court, Tennis Court, Jogging Track","Air-Cond, Cooking Allowed, Near KTM/LRT, Washing Machine, Internet",Kuala Lumpur
97541148,,,RM 2 450 per month,Kuala Lumpur - Desa Pandan,Service Residence,3,1,2,950 sq.ft.,Fully Furnished,"Lift, Swimming Pool","Air-Cond, Washing Machine, Cooking Allowed",Kuala Lumpur
99423082,28 Dutamas,2017,RM 2 500 per month,Kuala Lumpur - Solaris Dutamas,Condominium,3,2,2,1250 sq.ft.,Partially Furnished,"Gymnasium, Multipurpose hall, Security, Swimming Pool, Playground, Jogging Track","Air-Cond, Cooking Allowed, Washing Machine",Kuala Lumpur
97920200,The Lumayan Apartment,,RM 1 350 per month,Kuala Lumpur - Cheras,Apartment,3,1,2,830 sq.ft.,Partially Furnished,"Parking, Playground, Swimming Pool, Security, Minimart, Lift, Barbeque area, Multipurpose hall",,Kuala Lumpur
100280815,Prima Setapak,,RM 1 399 per month,Kuala Lumpur - Setapak,Condominium,3,1,2,1200 sq.ft.,Partially Furnished,,,Kuala Lumpur
100280808,Arte KL,2014,RM 2 999 per month,Kuala Lumpur - Kuchai Lama,Condominium,3,2,3,2045 sq.ft.,Fully Furnished,"Parking, Gymnasium, Barbeque area, Swimming Pool, Security, Lift","Air-Cond, Cooking Allowed, Washing Machine",Kuala Lumpur
100280806,Pavilion Suites,2018,RM 4 700 per month,Kuala Lumpur - Bukit Bintang,Service Residence,2,,1,720 sq.ft.,Fully Furnished,"Swimming Pool, Gymnasium, Parking, Security, Lift, Sauna, Multipurpose hall, Club house","Air-Cond, Cooking Allowed, Near KTM/LRT",Kuala Lumpur
100281072,Residency V,2017,RM 2 200 per month,Kuala Lumpur - Old Klang Road,Service Residence,3,2,2,909 sq.ft.,Fully Furnished,"Barbeque area, Security, Playground, Parking, Swimming Pool, Gymnasium","Air-Cond, Cooking Allowed, Washing Machine",Kuala Lumpur
100281049,Emerald Hills,2025,RM 2 300 per month,Kuala Lumpur - Cheras,Condominium,3,,2,893 sq.ft.,Fully Furnished,"Sauna, Swimming Pool, Jogging Track, Barbeque area, Playground, Security, Club house, Parking",,Kuala Lumpur
99690540,Prisma Cheras,,RM 1 600 per month,Kuala Lumpur - Cheras,Condominium,2,1,2,1070 sq.ft.,Fully Furnished,"Security, Gymnasium, Tennis Court, Playground, Barbeque area, Sauna, Parking, Squash Court, Swimming Pool, Lift, Multipurpose hall","Air-Cond, Cooking Allowed, Near KTM/LRT, Washing Machine",Kuala Lumpur
100280674,"SkyAwani 3 Residence, Setapak",2021,RM 1 450 per month,Kuala Lumpur - Setapak,Condominium,3,1,2,800 sq.ft.,Partially Furnished,"Tennis Court, Jogging Track, Sauna, Security, Playground, Squash Court, Lift, Minimart, Parking, Swimming Pool, Gymnasium, Barbeque area",,Kuala Lumpur
100280695,288 Residency,2014,RM 1 800 per month,Kuala Lumpur - Setapak,Condominium,4,1,3,1362 sq.ft.,Partially Furnished,,,Kuala Lumpur
100280704,The Reach @ Titiwangsa,2017,RM 2 500 per month,Kuala Lumpur - Setapak,Condominium,4,2,3,1500 sq.ft.,Partially Furnished,"Parking, Security, Swimming Pool, Squash Court, Gymnasium",,Kuala Lumpur
100280689,KL Traders Square,,RM 1 600 per month,Kuala Lumpur - Setapak,Condominium,4,1,2,940 sq.ft.,Partially Furnished,,,Kuala Lumpur
100280700,PV9 Residences @ Taman Melati,2022,RM 1 500 per month,Kuala Lumpur - Setapak,Service Residence,3,1,2,850 sq.ft.,Partially Furnished,"Lift, Security, Parking, Playground, Barbeque area, Gymnasium, Swimming Pool, Multipurpose hall, Tennis Court","Cooking Allowed, Near KTM/LRT",Kuala Lumpur
100280790,Pavilion Embassy,,RM 3 700 per month,Kuala Lumpur - KL City,Service Residence,2,1,2,1100 sq.ft.,Fully Furnished,"Parking, Security, Lift, Swimming Pool, Playground, Barbeque area, Sauna, Gymnasium, Club house, Multipurpose hall, Jogging Track, Minimart","Air-Cond, Cooking Allowed, Near KTM/LRT, Washing Machine",Kuala Lumpur
99690528,Prisma Cheras,,RM 1 200 per month,Kuala Lumpur - Cheras,Condominium,1,,1,717 sq.ft.,Fully Furnished,"Security, Tennis Court, Squash Court, Multipurpose hall, Club house, Jogging Track","Air-Cond, Cooking Allowed, Near KTM/LRT, Washing Machine",Kuala Lumpur
100281003,Serini Melawati,2018,RM 2 000 per month,Kuala Lumpur - Taman Melawati,Service Residence,2,2,2,836 sq.ft.,Fully Furnished,"Playground, Parking, Security, Gymnasium, Minimart, Swimming Pool","Air-Cond, Cooking Allowed",Kuala Lumpur
98864182,,,RM 16 800 per month,Kuala Lumpur - KLCC,Condominium,4,2,4,2195 sq.ft.,Fully Furnished,"Parking, Security, Lift, Swimming Pool, Playground, Gymnasium, Sauna, Barbeque area, Minimart, Multipurpose hall, Club house, Jogging Track, Tennis Court, Squash Court","Air-Cond, Cooking Allowed, Near KTM/LRT, Washing Machine, Internet",Kuala Lumpur
99855015,KL Traders Square Residences,2019,RM 1 700 per month,Kuala Lumpur - Gombak,Service Residence,3,1,2,850 sq.ft.,Fully Furnished,"Parking, Security, Lift, Swimming Pool, Playground, Gymnasium, Barbeque area, Minimart, Multipurpose hall, Jogging Track, Club house, Tennis Court","Air-Cond, Cooking Allowed, Near KTM/LRT, Washing Machine, Internet",Kuala Lumpur
100155909,The Loft @ ZetaPark,,RM 2 300 per month,Kuala Lumpur - Setapak,Condominium,3,2,4,1300 sq.ft.,Fully Furnished,"Gymnasium, Multipurpose hall, Parking, Swimming Pool, Security, Jogging Track, Lift, Playground, Barbeque area, Minimart","Air-Cond, Cooking Allowed, Near KTM/LRT, Washing Machine, Internet",Kuala Lumpur
99760048,Platinum Lake PV 20,,RM 550 per month,Kuala Lumpur - Setapak,Condominium,6,,2,1313 sq.ft.,Fully Furnished,"Lift, Security, Swimming Pool, Gymnasium","Air-Cond, Cooking Allowed, Washing Machine, Internet",Kuala Lumpur
99406183,The Havre @ Bukit Jalil,2020,RM 650 per month,Kuala Lumpur - Bukit Jalil,Condominium,5,,3,1313 sq.ft.,Fully Furnished,"Playground, Gymnasium, Parking, Tennis Court, Jogging Track, Sauna, Club house, Minimart, Barbeque area, Multipurpose hall, Squash Court, Swimming Pool, Lift, Security","Air-Cond, Cooking Allowed, Near KTM/LRT, Washing Machine, Internet",Kuala Lumpur
99974705,PV9 Residences @ Taman Melati,2022,RM 1 800 per month,Kuala Lumpur - Setapak,Service Residence,4,2,2,1200 sq.ft.,Partially Furnished,"Parking, Security, Lift, Playground, Swimming Pool, Gymnasium, Barbeque area, Minimart, Jogging Track, Multipurpose hall","Air-Cond, Cooking Allowed, Near KTM/LRT, Washing Machine, Internet",Kuala Lumpur
94902904,,,RM 3 500 per month,Kuala Lumpur - KLCC,Condominium,3,1,2,1184 sq.ft.,Fully Furnished,"Swimming Pool, Gymnasium, Parking","Air-Cond, Cooking Allowed",Kuala Lumpur
94998324,,,RM 2 400 per month,Kuala Lumpur - Desa Pandan,Service Residence,2,2,2,950 sq.ft.,Fully Furnished,,"Air-Cond, Cooking Allowed",Kuala Lumpur
99486703,Sentrio Suites,2017,RM 2 800 per month,Kuala Lumpur - Desa Pandan,Service Residence,3,2,3,1250 sq.ft.,Fully Furnished,,,Kuala Lumpur
99785989,Prima Setapak,,RM 1 400 per month,Kuala Lumpur - Setapak,Condominium,3,1,2,1260 sq.ft.,Not Furnished,"Parking, Security, Lift, Swimming Pool, Playground, Gymnasium, Multipurpose hall",Cooking Allowed,Kuala Lumpur
100280454,Residensi Pandanmas 2,,RM 1 400 per month,Kuala Lumpur - Desa Pandan,Apartment,3,1,2,900 sq.ft.,Not Furnished,"Parking, Minimart, Playground, Jogging Track, Security, Swimming Pool, Gymnasium, Lift, Multipurpose hall","Air-Cond, Cooking Allowed",Kuala Lumpur
100280419,The Mark,2015,RM 1 800 per month,Kuala Lumpur - Cheras,Condominium,2,2,2,833 sq.ft.,Fully Furnished,"Sauna, Multipurpose hall, Club house, Barbeque area, Jogging Track, Security, Gymnasium, Playground, Parking",,Kuala Lumpur
100280285,Danau Kota Suite Apartments,2018,RM 1 550 per month,Kuala Lumpur - Setapak,Condominium,3,1,2,969 sq.ft.,Partially Furnished,"Security, Parking, Playground, Swimming Pool, Lift, Minimart, Gymnasium, Jogging Track",,Kuala Lumpur
100280247,Pangsapuri Adelia,,RM 1 200 per month,Kuala Lumpur - Setapak,Apartment,3,,2,667 sq.ft.,Partially Furnished,"Security, Lift, Parking, Playground","Air-Cond, Cooking Allowed, Near KTM/LRT",Kuala Lumpur
99821537,The Horizon Residence,2015,RM 3 000 per month,Kuala Lumpur - KL City,Service Residence,2,1,2,1080 sq.ft.,Fully Furnished,"Multipurpose hall, Swimming Pool, Gymnasium, Parking, Security, Playground, Barbeque area, Sauna",,Kuala Lumpur
99485012,Sentrio Suites,2017,RM 2 100 per month,Kuala Lumpur - Desa Pandan,Service Residence,2,1,2,856 sq.ft.,Fully Furnished,,"Air-Cond, Cooking Allowed, Washing Machine, Internet",Kuala Lumpur
99406562,G Residence @ Desa Pandan,2015,RM 2 500 per month,Kuala Lumpur - Desa Pandan,Service Residence,2,,2,1087 sq.ft.,Fully Furnished,"Multipurpose hall, Swimming Pool, Security, Gymnasium","Air-Cond, Cooking Allowed",Kuala Lumpur
96223190,,,RM 2 500 per month,Kuala Lumpur - Desa Pandan,Service Residence,2,,2,1087 sq.ft.,Fully Furnished,"Parking, Security, Swimming Pool, Gymnasium","Air-Cond, Cooking Allowed",Kuala Lumpur
99574663,Majestic Maxim,2021,RM 2 100 per month,Kuala Lumpur - Cheras,Service Residence,3,2,2,819 sq.ft.,Fully Furnished,"Swimming Pool, Barbeque area, Parking, Lift, Gymnasium, Jogging Track, Security, Playground, Multipurpose hall","Cooking Allowed, Near KTM/LRT, Air-Cond, Washing Machine",Kuala Lumpur
100018187,Majestic Maxim,2021,RM 1 800 per month,Kuala Lumpur - Cheras,Service Residence,3,2,2,819 sq.ft.,Partially Furnished,"Swimming Pool, Barbeque area, Parking, Lift, Gymnasium, Jogging Track, Security, Playground, Multipurpose hall","Cooking Allowed, Near KTM/LRT",Kuala Lumpur
99998296,Arte Mont Kiara,,RM 1 700 per month,Kuala Lumpur - Mont Kiara,Service Residence,1,1,1,494 sq.ft.,Fully Furnished,"Parking, Security, Lift, Swimming Pool, Playground, Gymnasium, Sauna, Barbeque area, Minimart, Multipurpose hall, Club house, Jogging Track","Cooking Allowed, Air-Cond",Kuala Lumpur
98238456,Puncak Banyan,2007,RM 1 200 per month,Kuala Lumpur - Cheras,Condominium,3,3,2,810 sq.ft.,Partially Furnished,"Security, Minimart, Swimming Pool, Parking",Air-Cond,Kuala Lumpur
100279965,The Resident,2016,RM 1 600 per month,Kuala Lumpur - Ampang,Condominium,3,1,2,1171 sq.ft.,Partially Furnished,"Swimming Pool, Playground, Parking, Security, Lift, Gymnasium, Sauna, Multipurpose hall, Jogging Track","Air-Cond, Cooking Allowed, Near KTM/LRT",Kuala Lumpur
100280213,M Vertica,2023,RM 2 500 per month,Kuala Lumpur - Cheras,Condominium,4,2,3,1000 sq.ft.,Partially Furnished,"Parking, Security, Lift, Swimming Pool, Playground, Gymnasium, Sauna, Barbeque area, Minimart, Multipurpose hall, Club house, Jogging Track, Tennis Court, Squash Court","Air-Cond, Cooking Allowed, Near KTM/LRT",Kuala Lumpur
100280190,Seksyen 2 Wangsa Maju Flat Block D,,RM 1 000 per month,Kuala Lumpur - Wangsa Maju,Flat,3,3,2,670 sq.ft.,Not Furnished,Parking,"Cooking Allowed, Near KTM/LRT",Kuala Lumpur
100280183,Stonor 3 @ KLCC,2019,RM 4 500 per month,Kuala Lumpur - KLCC,Service Residence,2,1,2,871 sq.ft.,Fully Furnished,"Parking, Security, Lift, Swimming Pool, Gymnasium","Air-Cond, Cooking Allowed, Near KTM/LRT, Washing Machine",Kuala Lumpur
100280159,Seksyen 1 Wangsa Maju Flat,,RM 750 per month,Kuala Lumpur - Wangsa Maju,Flat,2,,1,550 sq.ft.,Not Furnished,,,Kuala Lumpur
99308942,,,RM 1 000 per month,Kuala Lumpur - Pandan Jaya,Apartment,3,,1,700 sq.ft.,Partially Furnished,"Parking, Playground",,Kuala Lumpur
91244155,,,RM 2 700 per month,Kuala Lumpur - Solaris Dutamas,Condominium,4,2,4,1700 sq.ft.,Fully Furnished,"Multipurpose hall, Gymnasium, Playground, Security, Swimming Pool, Jogging Track",,Kuala Lumpur
99997849,G Residence @ Desa Pandan,2015,RM 3 700 per month,Kuala Lumpur - Desa Pandan,Service Residence,3,,3,1550 sq.ft.,Fully Furnished,"Swimming Pool, Security, Multipurpose hall, Gymnasium","Air-Cond, Cooking Allowed, Washing Machine, Internet",Kuala Lumpur
95681018,,,RM 2 700 per month,Kuala Lumpur - Desa Pandan,Condominium,2,2,2,1410 sq.ft.,Fully Furnished,"Swimming Pool, Gymnasium, Parking","Air-Cond, Cooking Allowed",Kuala Lumpur
98729365,Regalia Residence,2012,RM 2 800 per month,Kuala Lumpur - Jalan Sultan Ismail,Service Residence,2,1,2,1000 sq.ft.,Fully Furnished,"Gymnasium, Parking, Squash Court, Playground, Swimming Pool, Security, Lift","Air-Cond, Cooking Allowed",Kuala Lumpur
100279750,Plaza Medan Putra,,RM 1 500 per month,Kuala Lumpur - Kepong,Service Residence,4,1,2,918 sq.ft.,Fully Furnished,"Parking, Jogging Track, Security, Minimart, Playground, Gymnasium, Swimming Pool, Lift, Barbeque area, Multipurpose hall","Air-Cond, Cooking Allowed, Washing Machine",Kuala Lumpur
100279733,The Capers,,RM 2 400 per month,Kuala Lumpur - Sentul,Condominium,3,1,2,999 sq.ft.,Partially Furnished,"Playground, Sauna, Gymnasium, Jogging Track, Barbeque area, Parking, Security, Swimming Pool",,Kuala Lumpur
100279708,Ascenda Residences @ SkyArena Setapak,2017,RM 1 700 per month,Kuala Lumpur - Setapak,Condominium,3,2,2,1200 sq.ft.,Partially Furnished,"Parking, Swimming Pool, Multipurpose hall, Gymnasium, Jogging Track, Security, Barbeque area",,Kuala Lumpur
100279492,PPR Raya Permai,,RM 750 per month,Kuala Lumpur - Sungai Besi,Apartment,3,,2,650 sq.ft.,Partially Furnished,"Security, Lift, Playground","Cooking Allowed, Near KTM/LRT",Kuala Lumpur
97800828,,,RM 1 900 per month,Kuala Lumpur - Desa Pandan,Service Residence,2,1,2,856 sq.ft.,Partially Furnished,"Parking, Security, Lift, Swimming Pool, Playground, Gymnasium, Sauna, Barbeque area, Minimart, Multipurpose hall, Club house, Jogging Track, Tennis Court, Squash Court","Air-Cond, Cooking Allowed, Near KTM/LRT, Washing Machine, Internet",Kuala Lumpur
97541066,Sentrio Suites,2017,RM 2 350 per month,Kuala Lumpur - Desa Pandan,Service Residence,3,2,2,950 sq.ft.,Fully Furnished,,"Air-Cond, Cooking Allowed, Washing Machine",Kuala Lumpur
92760126,,,RM 2 700 per month,Kuala Lumpur - Desa Pandan,Condominium,2,2,2,1410 sq.ft.,Fully Furnished,"Swimming Pool, Gymnasium, Tennis Court, Squash Court, Minimart, Playground, Jogging Track, Security, 10, 11, Lift, Parking","Air-Cond, Cooking Allowed, Near KTM/LRT, Washing Machine, Internet",Kuala Lumpur
100279165,Desa Tun Razak,,RM 800 per month,Kuala Lumpur - Cheras,Apartment,2,,1,800 sq.ft.,Not Furnished,Lift,"Cooking Allowed, Near KTM/LRT",Kuala Lumpur
100279171,Bukit OUG Condominium,,RM 890 per month,Kuala Lumpur - Bukit Jalil,Condominium,2,1,1,800 sq.ft.,Not Furnished,"Playground, Gymnasium, Security, Tennis Court, Jogging Track, Minimart, Swimming Pool, Squash Court, Parking, Sauna, Lift, Barbeque area, Multipurpose hall, Club house",Near KTM/LRT,Kuala Lumpur
99883191,Taman Sungai Besi,,RM 750 per month,Kuala Lumpur - Sungai Besi,Apartment,3,,2,651 sq.ft.,Not Furnished,,Near KTM/LRT,Kuala Lumpur
100279373,28 Boulevard,2019,RM 1 800 per month,Kuala Lumpur - Pandan Perdana,Condominium,2,1,2,678 sq.ft.,Partially Furnished,"Playground, Swimming Pool, Lift, Parking, Security, Minimart, Jogging Track, Gymnasium, Multipurpose hall, Club house","Air-Cond, Cooking Allowed, Near KTM/LRT",Kuala Lumpur
100204485,Taman Bukit Segar,,RM 700 per month,Kuala Lumpur - Cheras,Apartment,3,2,1,660 sq.ft.,Not Furnished,"Lift, Minimart",Cooking Allowed,Kuala Lumpur
100279283,Dahlia Apartment (Ampang),,RM 1 100 per month,Kuala Lumpur - Ampang,Apartment,3,,2,850 sq.ft.,Not Furnished,"Club house, Swimming Pool, Tennis Court, Minimart, Squash Court, Security, Playground, Gymnasium, Barbeque area","Cooking Allowed, Near KTM/LRT",Kuala Lumpur
100279264,M Vertica,2023,RM 2 200 per month,Kuala Lumpur - Cheras,Condominium,3,2,2,850 sq.ft.,Fully Furnished,"Security, Playground, Swimming Pool, Parking, Tennis Court, Jogging Track, Lift, Barbeque area, Multipurpose hall, Gymnasium, Sauna, Minimart","Air-Cond, Cooking Allowed, Near KTM/LRT",Kuala Lumpur
100270117,Seksyen 1 Wangsa Maju Flat,,RM 880 per month,Kuala Lumpur - Wangsa Maju,Flat,2,,1,538 sq.ft.,Not Furnished,,"Cooking Allowed, Near KTM/LRT",Kuala Lumpur
100279062,Wangsa Heights,2001,RM 1 300 per month,Kuala Lumpur - Ampang,Condominium,2,1,2,800 sq.ft.,Fully Furnished,"Parking, Security, Lift, Swimming Pool, Squash Court, Barbeque area","Air-Cond, Cooking Allowed, Washing Machine",Kuala Lumpur
100279026,Villa Putera,,RM 1 380 per month,Kuala Lumpur - Jalan Sultan Ismail,Condominium,2,1,1,1000 sq.ft.,Fully Furnished,"Sauna, Swimming Pool, Security, Minimart, Gymnasium, Playground, Parking, Lift, Barbeque area, Multipurpose hall","Air-Cond, Cooking Allowed, Near KTM/LRT, Washing Machine",Kuala Lumpur
100278992,The Pano,2018,RM 2 300 per month,Kuala Lumpur - Sentul,Service Residence,3,,2,983 sq.ft.,Partially Furnished,"Gymnasium, Playground, Barbeque area, Multipurpose hall, Security, Lift, Swimming Pool, Parking, Sauna, Minimart, Jogging Track","Air-Cond, Cooking Allowed, Near KTM/LRT",Kuala Lumpur
100278959,The Hipster @ Taman Desa,2022,RM 2 100 per month,Kuala Lumpur - Taman Desa,Condominium,3,2,2,921 sq.ft.,Fully Furnished,"Security, Swimming Pool, Lift, Parking, Minimart, Playground, Gymnasium, Squash Court","Air-Cond, Cooking Allowed, Washing Machine",Kuala Lumpur
99834465,Glen View Villa,,RM 1 100 per month,Kuala Lumpur - Cheras,Condominium,3,1,2,1138 sq.ft.,Not Furnished,"Parking, Swimming Pool, Security, Lift, Playground",Cooking Allowed,Kuala Lumpur
98750544,Pangsapuri Cemara (Cheras),2002,RM 1 200 per month,Kuala Lumpur - Cheras,Apartment,3,,2,730 sq.ft.,Not Furnished,"Parking, Swimming Pool, Security, Minimart",,Kuala Lumpur
100278917,Kenwingston Avenue,,RM 1 700 per month,Kuala Lumpur - Sungai Besi,Service Residence,2,1,2,660 sq.ft.,Fully Furnished,"Parking, Security, Lift, Swimming Pool, Playground, Gymnasium, Sauna, Barbeque area, Jogging Track, Club house, Multipurpose hall","Air-Cond, Cooking Allowed, Near KTM/LRT, Washing Machine",Kuala Lumpur
97683625,,,RM 1 000 per month,Kuala Lumpur - Kepong,Apartment,4,1,2,841 sq.ft.,Not Furnished,"Parking, Minimart, Security, Swimming Pool, Lift, Playground, Barbeque area","Air-Cond, Cooking Allowed",Kuala Lumpur
100192022,Diamond Residences,2009,RM 1 800 per month,Kuala Lumpur - Setapak,Condominium,3,1,2,1131 sq.ft.,Partially Furnished,"Security, Gymnasium, Parking, Playground, Club house, Minimart, Multipurpose hall, Swimming Pool, Lift","Air-Cond, Cooking Allowed, Washing Machine",Kuala Lumpur
100278545,Residency V,2017,RM 2 400 per month,Kuala Lumpur - Old Klang Road,Service Residence,3,2,2,910 sq.ft.,Fully Furnished,"Parking, Security, Gymnasium, Playground, Swimming Pool, Barbeque area","Air-Cond, Cooking Allowed, Washing Machine, Internet, Near KTM/LRT",Kuala Lumpur
99961348,Savio Riana Dutamas Residence,2019,RM 2 000 per month,Kuala Lumpur - Segambut,Service Residence,2,,2,903 sq.ft.,Partially Furnished,"Parking, Security, Lift, Swimming Pool, Playground, Gymnasium, Sauna, Barbeque area, Minimart, Multipurpose hall, Jogging Track","Air-Cond, Cooking Allowed, Internet",Kuala Lumpur
100041874,Putra Villa,2007,RM 1 900 per month,Kuala Lumpur - Setapak,Condominium,3,1,2,1100 sq.ft.,Fully Furnished,"Parking, Security, Lift, Swimming Pool, Playground, Gymnasium, Barbeque area","Air-Cond, Cooking Allowed, Near KTM/LRT, Washing Machine",Kuala Lumpur
95027390,Seri Raja Chulan,,RM 2 500 per month,Kuala Lumpur - Bukit Bintang,Condominium,2,1,2,1330 sq.ft.,Fully Furnished,"Parking, Security, Swimming Pool, Sauna, Playground, Gymnasium, Lift","Air-Cond, Cooking Allowed, Washing Machine",Kuala Lumpur
100278307,The Hipster @ Taman Desa,2022,RM 1 450 per month,Kuala Lumpur - Taman Desa,Condominium,3,2,2,1003 sq.ft.,Partially Furnished,"Gymnasium, Security, Swimming Pool, Lift, Parking, Squash Court, Minimart, Playground, Sauna, Barbeque area, Multipurpose hall, Tennis Court, Jogging Track, Club house","Air-Cond, Cooking Allowed, Near KTM/LRT, Washing Machine, Internet",Kuala Lumpur
90361229,,,RM 10 500 per month,Kuala Lumpur - Mont Kiara,Condominium,4,3,4,1668 sq.ft.,Fully Furnished,"Swimming Pool, Gymnasium, Tennis Court, Squash Court, Minimart, Playground, Jogging Track, Security, 10, 11, Lift, Parking","Air-Cond, Cooking Allowed, Near KTM/LRT, Washing Machine, Internet",Kuala Lumpur
100278262,PV9 Residences @ Taman Melati,2022,RM 2 000 per month,Kuala Lumpur - Setapak,Service Residence,3,1,2,1000 sq.ft.,Partially Furnished,"Parking, Security, Lift, Swimming Pool, Playground, Gymnasium",,Kuala Lumpur
100278387,M Centura,2021,RM 1 850 per month,Kuala Lumpur - Sentul,Service Residence,3,1,2,850 sq.ft.,Fully Furnished,,,Kuala Lumpur
100268931,Residensi Vista Wirajaya,,RM 1 700 per month,Kuala Lumpur - Setapak,Apartment,3,2,2,885 sq.ft.,Partially Furnished,"Parking, Security, Lift, Playground, Minimart","Cooking Allowed, Washing Machine, Near KTM/LRT",Kuala Lumpur
100278372,Kuchai Avenue,2009,RM 1 600 per month,Kuala Lumpur - Kuchai Lama,Service Residence,3,1,2,1000 sq.ft.,Fully Furnished,"Security, Swimming Pool, Playground, Lift, Parking, Gymnasium, Barbeque area, Minimart, Multipurpose hall","Air-Cond, Cooking Allowed, Washing Machine",Kuala Lumpur
80252385,Pangsapuri Berembang Indah,,RM 1 200 per month,Kuala Lumpur - Ampang,Apartment,3,1,2,650 sq.ft.,Not Furnished,"Playground, Parking, Security",,Kuala Lumpur
96886535,,,RM 5 000 per month,Kuala Lumpur - Mont Kiara,Service Residence,4,2,3,1557 sq.ft.,Fully Furnished,"Swimming Pool, Jogging Track, Security, Gymnasium","Air-Cond, Cooking Allowed, Near KTM/LRT, Washing Machine, Internet",Kuala Lumpur
96886188,,,RM 5 000 per month,Kuala Lumpur - Mont Kiara,Service Residence,4,2,3,1552 sq.ft.,Fully Furnished,"Sauna, Parking, Gymnasium, Playground, Swimming Pool, Security, Barbeque area","Air-Cond, Cooking Allowed, Near KTM/LRT, Washing Machine, Internet",Kuala Lumpur
100278084,Residensi Vista Wirajaya,,RM 1 400 per month,Kuala Lumpur - Setapak,Apartment,3,1,2,850 sq.ft.,Partially Furnished,"Parking, Security, Lift, Swimming Pool, Playground, Gymnasium",Near KTM/LRT,Kuala Lumpur
99819792,Rampai Court,,RM 1 200 per month,Kuala Lumpur - Wangsa Maju,Apartment,2,1,2,600 sq.ft.,Fully Furnished,"Playground, Barbeque area, Parking, Security","Air-Cond, Cooking Allowed",Kuala Lumpur
100277747,The Hamstead,,RM 1 400 per month,Kuala Lumpur - Cheras,Condominium,3,2,2,947 sq.ft.,Partially Furnished,"Parking, Security, Lift, Swimming Pool, Playground, Gymnasium","Air-Cond, Cooking Allowed",Kuala Lumpur
100160131,Putra Villa,2007,RM 1 800 per month,Kuala Lumpur - Setapak,Condominium,3,1,2,1100 sq.ft.,Fully Furnished,"Parking, Security, Lift, Swimming Pool, Playground, Minimart, Gymnasium","Air-Cond, Cooking Allowed, Near KTM/LRT, Washing Machine",Kuala Lumpur
100277590,Residensi Vista Wirajaya,,RM 1 700 per month,Kuala Lumpur - Setapak,Apartment,3,1,2,885 sq.ft.,Partially Furnished,"Parking, Security, Lift, Swimming Pool, Playground, Gymnasium, Sauna, Barbeque area, Minimart, Multipurpose hall, Club house, Jogging Track, Tennis Court, Squash Court","Air-Cond, Cooking Allowed, Near KTM/LRT, Washing Machine, Internet",Kuala Lumpur
100277583,Nusa Mewah Villa Condominium,2014,RM 1 200 per month,Kuala Lumpur - Cheras,Condominium,3,1,2,865 sq.ft.,Not Furnished,"Minimart, Jogging Track, Playground, Swimming Pool, Security, Parking",,Kuala Lumpur
100277581,Kaleidoscope,,RM 2 500 per month,Kuala Lumpur - Setiawangsa,Condominium,3,2,2,1257 sq.ft.,Not Furnished,"Parking, Security, Lift, Swimming Pool, Playground, Gymnasium, Barbeque area, Minimart, Multipurpose hall, Club house","Air-Cond, Cooking Allowed",Kuala Lumpur
100277183,Winner Court A,,RM 1 000 per month,Kuala Lumpur - Desa Petaling,Condominium,3,1,2,830 sq.ft.,Partially Furnished,,,Kuala Lumpur
100277146,Taman Maluri (Cheras),,RM 1 000 per month,Kuala Lumpur - Cheras,Condominium,2,,1,600 sq.ft.,Partially Furnished,,,Kuala Lumpur
98463415,The Link 2 @ Bukit Jalil,2018,RM 1 900 per month,Kuala Lumpur - Bukit Jalil,Condominium,2,2,2,791 sq.ft.,Fully Furnished,"Jogging Track, Parking, Swimming Pool, Security, Lift, Playground, Gymnasium, Barbeque area, Minimart, Multipurpose hall",,Kuala Lumpur
100085433,Putra Villa,2007,RM 1 900 per month,Kuala Lumpur - Setapak,Condominium,3,,2,1100 sq.ft.,Fully Furnished,"Parking, Security, Lift, Swimming Pool, Playground","Air-Cond, Cooking Allowed, Near KTM/LRT, Washing Machine",Kuala Lumpur
100202142,Majestic Maxim,2021,RM 1 500 per month,Kuala Lumpur - Cheras,Service Residence,2,1,2,650 sq.ft.,Partially Furnished,"Playground, Parking, Swimming Pool, Jogging Track, Lift, Gymnasium, Barbeque area, Security",,Kuala Lumpur
100201845,Majestic Maxim,2021,RM 1 400 per month,Kuala Lumpur - Cheras,Service Residence,2,1,2,650 sq.ft.,Partially Furnished,"Playground, Jogging Track, Lift, Barbeque area, Parking, Swimming Pool, Gymnasium, Security",,Kuala Lumpur
100097888,Vista Damai,,RM 2 500 per month,Kuala Lumpur - KL City,Condominium,2,1,2,920 sq.ft.,Fully Furnished,,,Kuala Lumpur
100276877,28 Boulevard,2019,RM 2 050 per month,Kuala Lumpur - Pandan Perdana,Condominium,2,1,2,678 sq.ft.,Fully Furnished,"Playground, Swimming Pool, Lift, Parking, Security, Minimart, Jogging Track, Gymnasium, Multipurpose hall, Club house","Air-Cond, Cooking Allowed, Near KTM/LRT, Washing Machine",Kuala Lumpur
100247919,38 Bidara,,RM 1 900 per month,Kuala Lumpur - KLCC,Condominium,2,,2,708 sq.ft.,Fully Furnished,"Club house, Security, Minimart, Gymnasium, Parking, Sauna, Playground, Swimming Pool, Barbeque area",,Kuala Lumpur
100202117,Majestic Maxim,2021,RM 1 600 per month,Kuala Lumpur - Cheras,Service Residence,2,1,2,670 sq.ft.,Partially Furnished,"Playground, Parking, Swimming Pool, Jogging Track, Lift, Gymnasium, Barbeque area, Security",,Kuala Lumpur
100202047,M Centura,2021,RM 2 500 per month,Kuala Lumpur - Sentul,Service Residence,3,1,2,850 sq.ft.,Fully Furnished,,,Kuala Lumpur
100097802,Residensi Pandanmas 2,,RM 1 800 per month,Kuala Lumpur - Desa Pandan,Apartment,3,1,2,900 sq.ft.,Fully Furnished,"Swimming Pool, Gymnasium, Jogging Track, Parking, Security, Minimart, Playground",,Kuala Lumpur
100276826,28 Boulevard,2019,RM 1 600 per month,Kuala Lumpur - Pandan Perdana,Apartment,1,,1,450 sq.ft.,Fully Furnished,"Playground, Swimming Pool, Lift, Parking, Security, Minimart, Jogging Track, Gymnasium, Multipurpose hall, Barbeque area, Club house","Air-Cond, Cooking Allowed, Near KTM/LRT",Kuala Lumpur
100202079,Villa Putera,,RM 1 500 per month,Kuala Lumpur - Jalan Sultan Ismail,Condominium,1,1,1,850 sq.ft.,Fully Furnished,"Swimming Pool, Sauna, Minimart, Playground, Gymnasium, Tennis Court, Squash Court, Security, Jogging Track",,Kuala Lumpur
100276789,Majestic Maxim,2021,RM 1 400 per month,Kuala Lumpur - Cheras,Service Residence,2,1,2,650 sq.ft.,Partially Furnished,"Swimming Pool, Lift, Parking, Jogging Track, Barbeque area, Playground, Gymnasium, Security, Sauna, Multipurpose hall, Club house","Air-Cond, Cooking Allowed, Near KTM/LRT",Kuala Lumpur
100276769,Rivercity Condominium,,RM 2 000 per month,Kuala Lumpur - Jalan Ipoh,Condominium,3,,2,1200 sq.ft.,Partially Furnished,"Lift, Security, Parking, Swimming Pool, Playground, Minimart, Barbeque area, Sauna, Gymnasium, Multipurpose hall, Jogging Track","Air-Cond, Cooking Allowed, Washing Machine",Kuala Lumpur
100276665,Berlian Residence @ Setapak,,RM 1 800 per month,Kuala Lumpur - Setapak,Condominium,3,2,2,1025 sq.ft.,Fully Furnished,"Parking, Security, Lift, Swimming Pool, Playground, Gymnasium, Barbeque area, Multipurpose hall","Air-Cond, Cooking Allowed, Washing Machine",Kuala Lumpur
100276697,Heritage Condominiun,,RM 1 300 per month,Kuala Lumpur - Setapak,Condominium,3,1,2,1300 sq.ft.,Partially Furnished,"Tennis Court, Squash Court, Club house, Minimart, Playground, Swimming Pool, Lift, Security, Barbeque area, Sauna, Parking, Gymnasium",,Kuala Lumpur
100276648,Sofiya Residences,,RM 2 100 per month,Kuala Lumpur - Desa ParkCity,Condominium,3,,2,862 sq.ft.,Partially Furnished,"Security, Lift, Parking, Swimming Pool, Multipurpose hall, Jogging Track, Gymnasium","Air-Cond, Cooking Allowed, Washing Machine",Kuala Lumpur
98418756,Inspirasi,,RM 2 600 per month,Kuala Lumpur - Mont Kiara,Condominium,3,2,2,940 sq.ft.,Fully Furnished,"Parking, Security, Lift, Swimming Pool, Playground, Gymnasium, Barbeque area, Multipurpose hall, Jogging Track","Air-Cond, Cooking Allowed, Washing Machine",Kuala Lumpur
100276540,Service Suites @ Pavilion Embassy,,RM 4 000 per month,Kuala Lumpur - Keramat,Condominium,2,1,2,775 sq.ft.,Fully Furnished,,,Kuala Lumpur
93946559,Pangsapuri Segar Ria,,RM 700 per month,Kuala Lumpur - Cheras,Apartment,3,,2,650 sq.ft.,Not Furnished,"Sauna, Parking, Jogging Track, Swimming Pool","Near KTM/LRT, Cooking Allowed",Kuala Lumpur
100276530,Kenari Apartment (Taman Melati),,RM 1 650 per month,Kuala Lumpur - Setapak,Apartment,3,1,2,850 sq.ft.,Fully Furnished,,,Kuala Lumpur
100276548,Service Suites @ Pavilion Embassy,,RM 4 700 per month,Kuala Lumpur - Keramat,Condominium,2,1,2,1098 sq.ft.,Fully Furnished,,,Kuala Lumpur
100276505,Savio Riana Dutamas Residence,2019,RM 2 000 per month,Kuala Lumpur - Segambut,Service Residence,2,2,2,903 sq.ft.,Partially Furnished,"Parking, Security, Swimming Pool, Playground, Gymnasium, Sauna, Jogging Track","Air-Cond, Cooking Allowed",Kuala Lumpur
100276452,Amaya Maluri,2013,RM 1 800 per month,Kuala Lumpur - Cheras,Service Residence,2,1,2,719 sq.ft.,Fully Furnished,"Swimming Pool, Parking, Playground, Multipurpose hall, Security, Gymnasium, Club house, Minimart","Air-Cond, Cooking Allowed, Near KTM/LRT, Washing Machine",Kuala Lumpur
97880842,,,RM 1 500 per month,Kuala Lumpur - Sentul,Condominium,3,1,2,1071 sq.ft.,Partially Furnished,"Security, Playground, Parking, Swimming Pool, Lift",,Kuala Lumpur
100276422,Desa Dua Aman Puri,1990,RM 800 per month,Kuala Lumpur - Kepong,Apartment,3,1,2,873 sq.ft.,Not Furnished,"Jogging Track, Parking, Security",,Kuala Lumpur
99537456,Taman yulek shoplot,,RM 2 500 per month,Kuala Lumpur - Cheras,Others,1,,1,1000 sq.ft.,Not Furnished,,,Kuala Lumpur
100016104,Rafflesia Sentul Condominium,,RM 2 000 per month,Kuala Lumpur - Sentul,Condominium,3,,2,1011 sq.ft.,Fully Furnished,"Parking, Security, Minimart, Playground, Swimming Pool, Gymnasium","Air-Cond, Cooking Allowed, Near KTM/LRT, Washing Machine",Kuala Lumpur
100276476,Pangsapuri Mawar (Sentul),,RM 1 200 per month,Kuala Lumpur - Sentul,Condominium,3,1,2,870 sq.ft.,Not Furnished,"Parking, Minimart, Security, Lift, Playground","Near KTM/LRT, Cooking Allowed",Kuala Lumpur
100276385,Brem Park 2,1980,RM 1 300 per month,Kuala Lumpur - Pantai,Condominium,2,1,3,1100 sq.ft.,Fully Furnished,"Sauna, Squash Court, Parking, Playground, Swimming Pool, Barbeque area, Security, Minimart, Tennis Court",,Kuala Lumpur
98497193,Residensi Pandanmas 2,,RM 1 250 per month,Kuala Lumpur - Desa Pandan,Apartment,3,1,2,900 sq.ft.,Not Furnished,"Parking, Security, Minimart, Playground, Gymnasium, Jogging Track, Swimming Pool","Cooking Allowed, Internet",Kuala Lumpur
100276287,Aliran Damai Apartments,,RM 1 200 per month,Kuala Lumpur - Cheras,Apartment,3,1,2,1006 sq.ft.,Partially Furnished,,"Air-Cond, Cooking Allowed, Near KTM/LRT, Washing Machine",Kuala Lumpur
100097918,Residensi Alam Damai (PR1MA @ Alam Damai),,RM 1 300 per month,Kuala Lumpur - Cheras,Apartment,3,,2,996 sq.ft.,Partially Furnished,"Parking, Lift, Minimart, Jogging Track",Cooking Allowed,Kuala Lumpur
100276263,Kenari Court,,RM 1 000 per month,Kuala Lumpur - Ampang,Apartment,3,1,2,861 sq.ft.,Not Furnished,"Parking, Security, Playground","Cooking Allowed, Near KTM/LRT",Kuala Lumpur
100276135,M Centura,2021,RM 1 400 per month,Kuala Lumpur - Sentul,Service Residence,3,,2,850 sq.ft.,Fully Furnished,"Parking, Security, Lift, Swimming Pool, Playground, Gymnasium, Sauna, Barbeque area, Minimart, Multipurpose hall, Club house, Jogging Track, Tennis Court, Squash Court","Air-Cond, Cooking Allowed, Near KTM/LRT, Washing Machine, Internet",Kuala Lumpur
100276100,The Holmes,,RM 2 000 per month,Kuala Lumpur - Cheras,Condominium,3,2,2,1018 sq.ft.,Partially Furnished,,,Kuala Lumpur
98981696,,,RM 1 200 per month,Kuala Lumpur - Sentul,Service Residence,2,1,2,650 sq.ft.,Partially Furnished,"Parking, Security, Lift, Swimming Pool, Playground, Gymnasium, Sauna, Barbeque area, Minimart, Multipurpose hall, Club house, Jogging Track, Tennis Court, Squash Court","Air-Cond, Cooking Allowed, Near KTM/LRT, Washing Machine, Internet",Kuala Lumpur
97385052,Continew Condominium,2020,RM 2 200 per month,Kuala Lumpur - KL City,Condominium,1,,1,300 sq.ft.,Fully Furnished,"Parking, Minimart, Swimming Pool, Security, Lift, Playground, Gymnasium","Air-Cond, Cooking Allowed, Near KTM/LRT, Washing Machine, Internet",Kuala Lumpur
100233033,Amaya Maluri,2013,RM 1 750 per month,Kuala Lumpur - Cheras,Service Residence,2,1,2,719 sq.ft.,Fully Furnished,"Playground, Gymnasium, Parking, Security, Multipurpose hall, Swimming Pool","Air-Cond, Cooking Allowed, Near KTM/LRT, Washing Machine",Kuala Lumpur
100275877,The Holmes 2,2021,RM 2 000 per month,Kuala Lumpur - Cheras,Condominium,3,2,2,1000 sq.ft.,Fully Furnished,"Playground, Swimming Pool, Jogging Track, Barbeque area, Sauna, Multipurpose hall, Parking, Security, Gymnasium, Lift","Air-Cond, Cooking Allowed, Washing Machine",Kuala Lumpur
100275874,M Suites,2013,RM 3 500 per month,Kuala Lumpur - Ampang Hilir,Service Residence,3,1,2,1529 sq.ft.,Fully Furnished,"Barbeque area, Gymnasium, Swimming Pool, Sauna, Parking, Security, Lift","Air-Cond, Cooking Allowed, Near KTM/LRT, Washing Machine",Kuala Lumpur
100275871,Menara Megah,,RM 1 500 per month,Kuala Lumpur - Jalan Ipoh,Condominium,3,,2,1068 sq.ft.,Partially Furnished,"Parking, Playground, Swimming Pool, Security, Lift, Sauna, Barbeque area, Club house","Air-Cond, Cooking Allowed, Near KTM/LRT, Washing Machine",Kuala Lumpur
100275865,The Havre @ Bukit Jalil,2020,RM 2 200 per month,Kuala Lumpur - Bukit Jalil,Condominium,3,2,3,1100 sq.ft.,Fully Furnished,"Barbeque area, Sauna, Parking, Security, Playground, Tennis Court, Squash Court, Lift, Club house, Gymnasium, Jogging Track, Multipurpose hall, Minimart, Swimming Pool","Air-Cond, Cooking Allowed, Near KTM/LRT, Washing Machine, Internet",Kuala Lumpur
100275983,Changkat View Condominium,2009,RM 1 650 per month,Kuala Lumpur - Solaris Dutamas,Condominium,3,1,2,1100 sq.ft.,Fully Furnished,,,Kuala Lumpur
95789082,The Ooak (Kiara 163),2022,RM 1 250 per month,Kuala Lumpur - Mont Kiara,Service Residence,1,,1,1000 sq.ft.,Fully Furnished,"Security, Jogging Track, Minimart, Gymnasium, Barbeque area, Playground, Swimming Pool, Parking, Lift","Air-Cond, Cooking Allowed, Washing Machine, Internet",Kuala Lumpur
99672363,Trinity Aquata,2019,RM 2 000 per month,Kuala Lumpur - Sungai Besi,Condominium,3,1,2,839 sq.ft.,Fully Furnished,"Parking, Security, Swimming Pool, Gymnasium, Jogging Track",,Kuala Lumpur
100275707,Vivo Residential @ 9 Seputeh,2018,RM 1 600 per month,Kuala Lumpur - Seputeh,Service Residence,1,,1,550 sq.ft.,Fully Furnished,"Security, Gymnasium, Swimming Pool, Jogging Track, Lift","Air-Cond, Washing Machine, Cooking Allowed",Kuala Lumpur
100275704,Aster Green Residence,2022,RM 2 300 per month,Kuala Lumpur - Sri Petaling,Service Residence,3,1,2,861 sq.ft.,Fully Furnished,"Parking, Security, Barbeque area, Multipurpose hall, Playground, Swimming Pool, Lift, Sauna, Gymnasium, Club house, Jogging Track, Tennis Court, Squash Court, Minimart","Air-Cond, Cooking Allowed, Near KTM/LRT, Washing Machine, Internet",Kuala Lumpur
100275703,Desa Villa,,RM 1 450 per month,Kuala Lumpur - Taman Desa,Condominium,3,1,2,1150 sq.ft.,Partially Furnished,"Playground, Barbeque area, Sauna, Security, Gymnasium, Tennis Court, Squash Court, Parking, Minimart, Swimming Pool",,Kuala Lumpur
100275813,Ketumbar Heights,2010,RM 1 250 per month,Kuala Lumpur - Cheras,Condominium,3,1,2,755 sq.ft.,Partially Furnished,,,Kuala Lumpur
100275785,The Leafz,,RM 1 750 per month,Kuala Lumpur - Sungai Besi,Service Residence,1,2,1,811 sq.ft.,Fully Furnished,"Parking, Security, Lift, Swimming Pool, Playground, Minimart, Barbeque area, Sauna, Gymnasium, Club house, Jogging Track, Tennis Court, Squash Court, Multipurpose hall","Air-Cond, Cooking Allowed, Near KTM/LRT, Washing Machine, Internet",Kuala Lumpur
100275670,"SkyAwani 3 Residence, Setapak",2021,RM 1 500 per month,Kuala Lumpur - Setapak,Condominium,3,1,2,800 sq.ft.,Partially Furnished,"Parking, Swimming Pool, Lift, Sauna, Minimart, Tennis Court, Squash Court, Barbeque area, Security, Playground, Jogging Track, Gymnasium",,Kuala Lumpur
100275646,Aster Green Residence,2022,RM 1 198 per month,Kuala Lumpur - Sri Petaling,Service Residence,1,2,1,667 sq.ft.,Partially Furnished,"Parking, Security, Barbeque area, Multipurpose hall, Playground, Swimming Pool, Lift, Sauna, Gymnasium, Club house, Jogging Track, Tennis Court, Minimart, Squash Court","Air-Cond, Cooking Allowed, Near KTM/LRT, Washing Machine, Internet",Kuala Lumpur
100275629,Vista OUG @ Platinum OUG Residence,,RM 1 800 per month,Kuala Lumpur - Old Klang Road,Condominium,3,1,2,1200 sq.ft.,Fully Furnished,"Parking, Security, Lift, Swimming Pool, Playground, Gymnasium, Barbeque area, Multipurpose hall, Jogging Track","Air-Cond, Cooking Allowed, Near KTM/LRT, Washing Machine",Kuala Lumpur
100275750,Majestic Maxim,2021,RM 1 300 per month,Kuala Lumpur - Cheras,Service Residence,2,1,2,650 sq.ft.,Partially Furnished,"Swimming Pool, Jogging Track, Parking, Security, Barbeque area, Playground, Gymnasium, Lift",,Kuala Lumpur
100275735,The Hermington,2021,RM 1 788 per month,Kuala Lumpur - Kuchai Lama,Condominium,3,2,2,1100 sq.ft.,Partially Furnished,"Gymnasium, Multipurpose hall, Security, Playground, Swimming Pool, Parking, Sauna, Jogging Track, Lift, Barbeque area, Minimart, Squash Court, Tennis Court, Club house","Air-Cond, Cooking Allowed, Near KTM/LRT, Washing Machine, Internet",Kuala Lumpur
100103500,Viva Residency,2009,RM 1 800 per month,Kuala Lumpur - Jalan Ipoh,Condominium,2,1,2,840 sq.ft.,Fully Furnished,"Swimming Pool, Squash Court, Barbeque area, Club house, Tennis Court, Security, Gymnasium, Parking, Lift, Playground, Minimart, Sauna, Multipurpose hall, Jogging Track","Air-Cond, Cooking Allowed, Washing Machine, Near KTM/LRT",Kuala Lumpur
99209008,Perdana Villa (Pandan Perdana),,RM 1 200 per month,Kuala Lumpur - Cheras,Apartment,3,1,2,860 sq.ft.,Partially Furnished,"Parking, Security, Playground, Minimart, Jogging Track","Air-Cond, Cooking Allowed, Washing Machine, Near KTM/LRT",Kuala Lumpur
100230841,Enesta,2021,RM 1 600 per month,Kuala Lumpur - Kepong,Service Residence,3,1,2,916 sq.ft.,Not Furnished,"Parking, Lift, Security, Playground, Swimming Pool, Barbeque area, Minimart, Sauna, Multipurpose hall, Gymnasium, Jogging Track, Club house, Squash Court, Tennis Court","Air-Cond, Cooking Allowed, Near KTM/LRT",Kuala Lumpur
100095705,D'Alamanda,2014,RM 1 400 per month,Kuala Lumpur - Cheras,Service Residence,2,1,1,695 sq.ft.,Partially Furnished,"Squash Court, Barbeque area, Swimming Pool, Parking, Sauna, Playground, Gymnasium, Security, Minimart, Lift, Multipurpose hall, Jogging Track, Club house, Tennis Court","Air-Cond, Cooking Allowed, Near KTM/LRT",Kuala Lumpur
99868434,Residensi Desa Satumas,,RM 1 500 per month,Kuala Lumpur - Taman Desa,Condominium,3,1,2,850 sq.ft.,Partially Furnished,"Playground, Multipurpose hall, Parking, Security",,Kuala Lumpur
100275598,M Centura,2021,RM 1 500 per month,Kuala Lumpur - Sentul,Service Residence,2,,2,646 sq.ft.,Not Furnished,,,Kuala Lumpur
100275424,Ativo Suites @ Damansara Avenue,2021,RM 2 000 per month,Kuala Lumpur - Sri Damansara,Service Residence,1,1,1,499 sq.ft.,Fully Furnished,"Playground, Tennis Court, Squash Court, Minimart, Swimming Pool, Gymnasium, Sauna, Club house, Parking, Lift, Security, Jogging Track, Barbeque area, Multipurpose hall","Air-Cond, Cooking Allowed, Near KTM/LRT, Washing Machine",Kuala Lumpur
100275419,Ativo Suites @ Damansara Avenue,2021,RM 1 700 per month,Kuala Lumpur - Sri Damansara,Service Residence,1,1,1,499 sq.ft.,Partially Furnished,"Playground, Tennis Court, Squash Court, Minimart, Swimming Pool, Gymnasium, Sauna, Club house, Parking, Lift, Security, Barbeque area, Multipurpose hall, Jogging Track","Air-Cond, Cooking Allowed, Near KTM/LRT",Kuala Lumpur
100275594,The Hamstead,,RM 1 350 per month,Kuala Lumpur - Cheras,Condominium,3,2,2,1003 sq.ft.,Partially Furnished,"Parking, Security, Swimming Pool, Lift, Playground, Multipurpose hall, Minimart, Barbeque area, Sauna, Gymnasium, Club house, Jogging Track, Tennis Court, Squash Court","Air-Cond, Cooking Allowed, Near KTM/LRT, Washing Machine, Internet",Kuala Lumpur
100275584,Residensi Platinum Teratai,,RM 2 400 per month,Kuala Lumpur - Setapak,Service Residence,3,,2,928 sq.ft.,Fully Furnished,"Lift, Parking, Security, Playground, Minimart",,Kuala Lumpur
99060451,OUG Parklane,,RM 1 200 per month,Kuala Lumpur - OUG,Service Residence,3,1,2,950 sq.ft.,Partially Furnished,"Security, Jogging Track, Parking, Playground, Swimming Pool, Lift, Multipurpose hall, Minimart, Barbeque area","Air-Cond, Cooking Allowed, Near KTM/LRT, Washing Machine, Internet",Kuala Lumpur
94989240,,,RM 4 000 per month,Kuala Lumpur - Wangsa Maju,Condominium,4,2,4,1550 sq.ft.,Fully Furnished,"Swimming Pool, Gymnasium, Tennis Court, 11, 10, Security, Jogging Track, Playground, Lift, Parking","Air-Cond, Cooking Allowed, Near KTM/LRT, Washing Machine",Kuala Lumpur
100275543,The Hamstead,,RM 1 988 per month,Kuala Lumpur - Cheras,Condominium,3,2,2,1003 sq.ft.,Fully Furnished,"Parking, Security, Lift, Swimming Pool, Playground, Multipurpose hall, Minimart, Barbeque area, Sauna, Club house, Jogging Track, Gymnasium, Tennis Court, Squash Court","Air-Cond, Cooking Allowed, Near KTM/LRT, Washing Machine, Internet",Kuala Lumpur
100275252,The Birch,2023,RM 1 600 per month,Kuala Lumpur - Jalan Ipoh,Service Residence,2,,4,652 sq.ft.,Not Furnished,"Swimming Pool, Gymnasium, Barbeque area, Multipurpose hall, Playground, Security, Jogging Track",,Kuala Lumpur
100275222,Nusa Mewah,,RM 1 200 per month,Kuala Lumpur - Ampang,Condominium,3,1,2,865 sq.ft.,Not Furnished,,,Kuala Lumpur
100275342,The Haute,2019,RM 2 200 per month,Kuala Lumpur - Keramat,Condominium,3,,2,1003 sq.ft.,Fully Furnished,"Gymnasium, Parking, Swimming Pool, Multipurpose hall, Security","Air-Cond, Cooking Allowed, Near KTM/LRT, Washing Machine",Kuala Lumpur
100275296,Windsor Tower,2007,RM 1 600 per month,Kuala Lumpur - Sri Hartamas,Service Residence,1,,1,500 sq.ft.,Fully Furnished,"Club house, Swimming Pool, Jogging Track, Barbeque area, Playground, Parking, Security, Gymnasium, Squash Court, Sauna",,Kuala Lumpur
100275154,The Mark,2015,RM 1 350 per month,Kuala Lumpur - Cheras,Service Residence,1,2,1,618 sq.ft.,Fully Furnished,"Barbeque area, Sauna, Club house, Parking, Gymnasium, Multipurpose hall, Playground, Jogging Track, Security",,Kuala Lumpur
100275270,Pearl Suria,2016,RM 1 700 per month,Kuala Lumpur - Old Klang Road,Condominium,2,1,2,900 sq.ft.,Fully Furnished,"Barbeque area, Jogging Track, Playground, Multipurpose hall, Gymnasium, Swimming Pool, Sauna, Security, Parking, Lift","Air-Cond, Cooking Allowed, Near KTM/LRT, Washing Machine, Internet",Kuala Lumpur
99894067,RESIDENSI INSPIRASI MONT KIARA,,RM 3 500 per month,Kuala Lumpur - Mont Kiara,Condominium,3,2,2,1015 sq.ft.,Fully Furnished,,,Kuala Lumpur
98374784,Windsor Tower,2007,RM 1 500 per month,Kuala Lumpur - Sri Hartamas,Service Residence,1,1,1,500 sq.ft.,Fully Furnished,"Squash Court, Barbeque area, Sauna, Security, Playground, Jogging Track, Parking, Club house, Gymnasium, Swimming Pool, Lift","Air-Cond, Cooking Allowed, Near KTM/LRT, Washing Machine, Internet",Kuala Lumpur
100275132,Majestic Maxim,2021,RM 1 500 per month,Kuala Lumpur - Cheras,Service Residence,2,1,2,650 sq.ft.,Partially Furnished,"Parking, Playground, Barbeque area, Swimming Pool, Jogging Track, Lift, Security, Gymnasium",,Kuala Lumpur
100275129,Sky awani residensi 3 setapak,,RM 1 600 per month,Kuala Lumpur - Setapak,Condominium,3,1,2,800 sq.ft.,Partially Furnished,"Parking, Security, Lift, Swimming Pool, Playground, Gymnasium, Minimart, Multipurpose hall, Jogging Track","Cooking Allowed, Washing Machine",Kuala Lumpur
100275101,Mont Kiara Pines,1993,RM 2 700 per month,Kuala Lumpur - Mont Kiara,Condominium,3,1,2,1300 sq.ft.,Fully Furnished,,,Kuala Lumpur
100274885,OUG Parklane,,RM 1 200 per month,Kuala Lumpur - OUG,Condominium,3,1,2,950 sq.ft.,Partially Furnished,"Swimming Pool, Playground, Sauna, Squash Court, Minimart, Parking, Security",,Kuala Lumpur
100275041,Nidoz Residences,2019,RM 3 500 per month,Kuala Lumpur - Desa Petaling,Condominium,4,3,3,1400 sq.ft.,Fully Furnished,"Security, Jogging Track, Parking, Playground, Swimming Pool, Gymnasium, Multipurpose hall, Lift","Air-Cond, Cooking Allowed, Near KTM/LRT, Washing Machine",Kuala Lumpur
100274845,6 CapSquare,2013,RM 3 500 per month,Kuala Lumpur - Ampang,Condominium,3,2,3,1637 sq.ft.,Fully Furnished,"Security, Playground, Swimming Pool, Sauna, Squash Court, Barbeque area, Gymnasium",,Kuala Lumpur
99743850,Prisma Cheras,,RM 1 800 per month,Kuala Lumpur - Cheras,Condominium,2,2,2,1072 sq.ft.,Fully Furnished,"Swimming Pool, Gymnasium, Playground, Barbeque area, Sauna, Parking, Tennis Court, Squash Court, Security, Lift, Minimart, Multipurpose hall","Air-Cond, Cooking Allowed, Washing Machine",Kuala Lumpur
100274653,Platinum Lake PV 21,,RM 1 800 per month,Kuala Lumpur - Setapak,Service Residence,2,2,1,900 sq.ft.,Partially Furnished,"Parking, Security, Lift, Swimming Pool, Playground, Gymnasium, Barbeque area, Minimart, Multipurpose hall, Club house, Jogging Track","Air-Cond, Cooking Allowed, Washing Machine, Internet",Kuala Lumpur
100274599,Maxim Residences,2017,RM 1 400 per month,Kuala Lumpur - Cheras,Service Residence,3,2,2,1050 sq.ft.,Partially Furnished,"Security, Parking, Swimming Pool, Lift, Playground, Minimart","Cooking Allowed, Near KTM/LRT, Washing Machine",Kuala Lumpur
100274770,Menara Alpha,,RM 1 500 per month,Kuala Lumpur - Wangsa Maju,Condominium,3,1,2,900 sq.ft.,Partially Furnished,"Parking, Security, Playground, Gymnasium, Minimart, Swimming Pool, Lift, Jogging Track, Barbeque area","Cooking Allowed, Near KTM/LRT, Washing Machine",Kuala Lumpur
100274761,Ativo Suites @ Damansara Avenue,2021,RM 2 100 per month,Kuala Lumpur - Sri Damansara,Service Residence,1,2,1,761 sq.ft.,Partially Furnished,"Lift, Security, Playground, Swimming Pool, Gymnasium, Tennis Court, Squash Court, Club house, Parking, Minimart, Sauna","Air-Cond, Cooking Allowed, Washing Machine",Kuala Lumpur
100189214,28 Mont Kiara,2012,RM 13 000 per month,Kuala Lumpur - Mont Kiara,Condominium,4,3,4,3000 sq.ft.,Fully Furnished,"Parking, Gymnasium, Playground, Swimming Pool, Sauna, Security, Barbeque area, Minimart, Lift, Multipurpose hall, Jogging Track, Club house","Air-Cond, Cooking Allowed, Washing Machine",Kuala Lumpur
100274408,The Hamstead,,RM 1 900 per month,Kuala Lumpur - Cheras,Condominium,3,2,2,1000 sq.ft.,Partially Furnished,,,Kuala Lumpur
100274549,Arte Mont Kiara,,RM 1 700 per month,Kuala Lumpur - Mont Kiara,Service Residence,1,1,1,500 sq.ft.,Fully Furnished,"Parking, Security, Lift, Swimming Pool, Playground, Multipurpose hall, Sauna, Gymnasium, Club house, Jogging Track, Tennis Court, Squash Court","Air-Cond, Cooking Allowed, Near KTM/LRT, Washing Machine, Internet",Kuala Lumpur
100274539,Villa Wangsamas,2010,RM 1 600 per month,Kuala Lumpur - Wangsa Maju,Condominium,3,1,2,1267 sq.ft.,Fully Furnished,"Parking, Security, Minimart, Swimming Pool, Gymnasium, Playground, Squash Court, Jogging Track",,Kuala Lumpur
100274521,Marc Residence,2007,RM 10 000 per month,Kuala Lumpur - KLCC,Condominium,4,2,4,3075 sq.ft.,Fully Furnished,"Security, Sauna, Gymnasium, Parking, Swimming Pool, Lift, Playground, Barbeque area, Minimart, Multipurpose hall, Tennis Court","Air-Cond, Cooking Allowed, Near KTM/LRT, Washing Machine, Internet",Kuala Lumpur
100274495,"Seksyen 2, Wangsa Maju",,RM 900 per month,Kuala Lumpur - Wangsa Maju,Flat,2,1,1,628 sq.ft.,Not Furnished,"Parking, Minimart","Near KTM/LRT, Cooking Allowed",Kuala Lumpur
100274456,Linq Sky @ Klcc,2022,RM 2 500 per month,Kuala Lumpur - Keramat,Service Residence,1,2,1,736 sq.ft.,Fully Furnished,"Parking, Security, Lift, Gymnasium, Playground, Swimming Pool, Jogging Track, Barbeque area",,Kuala Lumpur
100274444,Casa Kiara 2 Jalan Kiara 5 Mont Kiara,,RM 3 000 per month,Kuala Lumpur - Mont Kiara,Condominium,3,,2,1432 sq.ft.,Partially Furnished,"Parking, Security, Lift, Swimming Pool, Playground, Gymnasium, Club house, Jogging Track, Multipurpose hall, Minimart","Air-Cond, Cooking Allowed",Kuala Lumpur
100274313,Lavile,2021,RM 3 800 per month,Kuala Lumpur - Cheras,Service Residence,3,1,2,1000 sq.ft.,Fully Furnished,"Gymnasium, Multipurpose hall, Swimming Pool, Security, Barbeque area, Parking",,Kuala Lumpur
100274299,Lavile,2021,RM 3 800 per month,Kuala Lumpur - Cheras,Service Residence,3,1,2,1000 sq.ft.,Fully Furnished,"Gymnasium, Multipurpose hall, Swimming Pool, Security, Barbeque area, Parking",,Kuala Lumpur
100274276,Putra Villa,2007,RM 1 800 per month,Kuala Lumpur - Setapak,Condominium,3,1,2,1076 sq.ft.,Fully Furnished,"Parking, Security, Lift, Swimming Pool, Playground, Gymnasium, Barbeque area, Multipurpose hall, Minimart, Jogging Track","Air-Cond, Cooking Allowed, Near KTM/LRT",Kuala Lumpur
100274033,Damansara Foresta,2016,RM 2 800 per month,Kuala Lumpur - Sri Damansara,Condominium,3,2,3,1610 sq.ft.,Fully Furnished,"Playground, Swimming Pool, Jogging Track, Barbeque area, Parking, Security, Sauna, Minimart, Club house",,Kuala Lumpur
100274220,Axis Residence,2010,RM 1 600 per month,Kuala Lumpur - Ampang,Service Residence,2,,2,800 sq.ft.,Fully Furnished,"Parking, Gymnasium, Security, Swimming Pool",,Kuala Lumpur
100274069,Teratai Mewah Apartment,,RM 900 per month,Kuala Lumpur - Setapak,Apartment,3,,1,715 sq.ft.,Not Furnished,"Playground, Parking, Security, Lift",,Kuala Lumpur
100273992,FLAT PANDAN INDAH,,RM 800 per month,Kuala Lumpur - Pandan Indah,Flat,3,,1,588 sq.ft.,Not Furnished,,Near KTM/LRT,Kuala Lumpur
100273969,Bukit Awansari (OG Court),1997,RM 1 700 per month,Kuala Lumpur - Old Klang Road,Condominium,3,,2,1190 sq.ft.,Partially Furnished,"Parking, Playground, Gymnasium, Security, Swimming Pool, Minimart, Squash Court, Lift, Sauna","Cooking Allowed, Air-Cond, Near KTM/LRT",Kuala Lumpur
100273953,Flat Taman Maluri,,RM 900 per month,Kuala Lumpur - Pandan Jaya,Flat,2,,1,700 sq.ft.,Partially Furnished,,"Near KTM/LRT, Cooking Allowed",Kuala Lumpur
100273525,G Residence @ Desa Pandan,2015,RM 3 999 per month,Kuala Lumpur - Desa Pandan,Service Residence,3,2,2,1539 sq.ft.,Fully Furnished,"Multipurpose hall, Security, Swimming Pool, Gymnasium","Air-Cond, Cooking Allowed, Near KTM/LRT, Washing Machine",Kuala Lumpur
100273735,Putra Suria Residence,,RM 1 250 per month,Kuala Lumpur - Cheras,Condominium,3,1,2,748 sq.ft.,Partially Furnished,"Parking, Jogging Track, Security, Gymnasium, Minimart","Cooking Allowed, Near KTM/LRT",Kuala Lumpur
100273731,Kaleidoscope,,RM 2 700 per month,Kuala Lumpur - Setiawangsa,Condominium,3,2,2,1115 sq.ft.,Partially Furnished,"Parking, Security, Lift, Swimming Pool, Playground, Gymnasium, Barbeque area, Jogging Track, Tennis Court",,Kuala Lumpur
100273727,Eco Sky,2018,RM 1 600 per month,Kuala Lumpur - Jalan Ipoh,Service Residence,2,1,2,900 sq.ft.,Partially Furnished,"Parking, Security, Lift, Swimming Pool, Playground, Gymnasium, Sauna, Barbeque area, Minimart, Multipurpose hall, Club house, Jogging Track, Tennis Court, Squash Court","Air-Cond, Cooking Allowed, Near KTM/LRT",Kuala Lumpur
98140601,Residensi Wangsamas,,RM 1 400 per month,Kuala Lumpur - Wangsa Maju,Apartment,3,2,2,800 sq.ft.,Not Furnished,"Multipurpose hall, Lift, Security, Minimart, Jogging Track, Parking","Cooking Allowed, Near KTM/LRT",Kuala Lumpur
100273667,"SkyAwani 3 Residence, Setapak",2021,RM 1 450 per month,Kuala Lumpur - Setapak,Condominium,3,1,2,850 sq.ft.,Partially Furnished,"Jogging Track, Lift, Minimart, Playground, Tennis Court, Parking, Squash Court, Sauna, Security, Gymnasium, Swimming Pool, Barbeque area",,Kuala Lumpur
100273609,Kiara Residence,2014,RM 2 300 per month,Kuala Lumpur - Bukit Jalil,Condominium,4,2,3,1280 sq.ft.,Fully Furnished,"Swimming Pool, Playground, Lift, Security, Parking, Gymnasium, Sauna, Barbeque area, Minimart, Multipurpose hall, Club house, Jogging Track, Tennis Court","Air-Cond, Cooking Allowed, Near KTM/LRT, Washing Machine, Internet",Kuala Lumpur
100163000,Parkview Service Apartment,2006,RM 2 000 per month,Kuala Lumpur - KLCC,Condominium,1,,1,580 sq.ft.,Fully Furnished,"Parking, Security, Minimart, Tennis Court, Gymnasium, Jogging Track, Playground, Swimming Pool, Squash Court","Air-Cond, Cooking Allowed",Kuala Lumpur
100273302,Desa Putra (Wangsa Maju),2007,RM 400 per month,Kuala Lumpur - Wangsa Maju,Condominium,4,,2,1246 sq.ft.,Fully Furnished,"Security, Playground, Lift, Swimming Pool, Gymnasium, Barbeque area, Minimart, Multipurpose hall","Air-Cond, Cooking Allowed, Near KTM/LRT, Washing Machine, Internet",Kuala Lumpur
100273449,Genting Court Condominium,1995,RM 1 000 per month,Kuala Lumpur - Setapak,Condominium,3,,2,803 sq.ft.,Partially Furnished,"Minimart, Parking, Security, Lift, Swimming Pool, Playground",Cooking Allowed,Kuala Lumpur
100273440,The Hipster @ Taman Desa,2022,RM 2 300 per month,Kuala Lumpur - Taman Desa,Condominium,3,2,2,921 sq.ft.,Fully Furnished,"Security, Squash Court, Minimart, Playground, Swimming Pool, Lift, Parking, Gymnasium","Air-Cond, Cooking Allowed, Washing Machine",Kuala Lumpur
100273401,Astana Square,2017,RM 1 200 per month,Kuala Lumpur - Kepong,Apartment,3,1,2,1000 sq.ft.,Fully Furnished,"Parking, Security, Lift",Near KTM/LRT,Kuala Lumpur
100037509,Desa Putra (Wangsa Maju),2007,RM 800 per month,Kuala Lumpur - Wangsa Maju,Condominium,4,,2,1246 sq.ft.,Fully Furnished,"Security, Playground, Lift, Swimming Pool, Gymnasium, Minimart, Multipurpose hall","Air-Cond, Cooking Allowed, Near KTM/LRT, Washing Machine, Internet",Kuala Lumpur
97754198,K Residence (KLCC),2007,RM 4 899 per month,Kuala Lumpur - KLCC,Condominium,2,2,2,1485 sq.ft.,Fully Furnished,"Gymnasium, Security, Playground, Parking, Swimming Pool, Jogging Track","Air-Cond, Cooking Allowed, Near KTM/LRT, Washing Machine, Internet",Kuala Lumpur
100273055,Seri Riana Residence,2016,RM 3 600 per month,Kuala Lumpur - Wangsa Maju,Condominium,4,2,2,1528 sq.ft.,Fully Furnished,"Swimming Pool, Tennis Court, Squash Court, Barbeque area, Playground, Jogging Track, Sauna, Club house, Parking, Gymnasium, Security",,Kuala Lumpur
100273127,Plaza Damas,,RM 1 500 per month,Kuala Lumpur - Sri Hartamas,Service Residence,1,,1,590 sq.ft.,Fully Furnished,"Parking, Security, Lift, Swimming Pool, Playground, Gymnasium, Sauna, Barbeque area, Minimart, Multipurpose hall, Club house, Jogging Track, Tennis Court, Squash Court","Air-Cond, Cooking Allowed, Near KTM/LRT, Washing Machine, Internet",Kuala Lumpur
100272978,Winner Heights,,RM 1 100 per month,Kuala Lumpur - Desa Petaling,Condominium,3,1,2,800 sq.ft.,Not Furnished,"Parking, Playground, Swimming Pool, Barbeque area, Security, Minimart, Tennis Court, Gymnasium",Cooking Allowed,Kuala Lumpur
98707617,M City,2016,RM 4 500 per month,Kuala Lumpur - KL City,Service Residence,3,2,4,1653 sq.ft.,Fully Furnished,"Jogging Track, Lift, Minimart, Gymnasium, Playground, Squash Court, Barbeque area, Sauna, Parking, Security, Swimming Pool","Air-Cond, Cooking Allowed, Washing Machine, Near KTM/LRT",Kuala Lumpur
94999611,,,RM 1 650 per month,Kuala Lumpur - Setapak,Condominium,1,1,1,700 sq.ft.,Fully Furnished,"Swimming Pool, Gymnasium, Tennis Court, Squash Court, Minimart, Playground, Jogging Track, Security, 10, 11, Lift, Parking",,Kuala Lumpur
97710540,,,RM 1 600 per month,Kuala Lumpur - Setapak,Service Residence,1,1,1,700 sq.ft.,Fully Furnished,"Gymnasium, Parking, Swimming Pool, Playground, Jogging Track, Sauna",,Kuala Lumpur
98515489,M City,2016,RM 2 500 per month,Kuala Lumpur - KL City,Service Residence,2,1,2,977 sq.ft.,Fully Furnished,"Security, Minimart, Playground, Swimming Pool, Parking, Jogging Track, Barbeque area, Gymnasium, Squash Court, Sauna, Lift","Air-Cond, Cooking Allowed, Near KTM/LRT, Washing Machine",Kuala Lumpur
98616599,M City,2016,RM 1 500 per month,Kuala Lumpur - KL City,Service Residence,1,1,1,506 sq.ft.,Fully Furnished,"Minimart, Sauna, Security, Playground, Swimming Pool, Squash Court, Jogging Track, Parking, Lift, Barbeque area, Gymnasium","Air-Cond, Cooking Allowed, Near KTM/LRT, Washing Machine",Kuala Lumpur
99316582,Danau Idaman,2000,RM 1 300 per month,Kuala Lumpur - Taman Desa,Condominium,3,,2,938 sq.ft.,Partially Furnished,"Parking, Playground, Squash Court, Swimming Pool, Tennis Court, Sauna, Security, Minimart, Gymnasium",,Kuala Lumpur
100272960,Taman Pusat Kepong Shop Apartment,,RM 800 per month,Kuala Lumpur - Kepong,Apartment,3,,2,935 sq.ft.,Not Furnished,"Parking, Minimart",Near KTM/LRT,Kuala Lumpur
95659457,Menara Polo,,RM 1 100 per month,Kuala Lumpur - Desa Pandan,Condominium,1,,1,650 sq.ft.,Fully Furnished,"Security, Sauna, Parking, Gymnasium, Squash Court, Barbeque area, Playground, Swimming Pool, Tennis Court",,Kuala Lumpur
100232811,Seri Puteri Condominium,,RM 1 700 per month,Kuala Lumpur - Cheras,Condominium,3,1,2,1090 sq.ft.,Not Furnished,"Gymnasium, Security, Playground, Parking, Swimming Pool, Minimart","Cooking Allowed, Near KTM/LRT",Kuala Lumpur
100272956,UNA Serviced Apartment @ Peel,2020,RM 3 000 per month,Kuala Lumpur - Cheras,Service Residence,3,2,3,1356 sq.ft.,Not Furnished,"Gymnasium, Parking, Swimming Pool, Playground, Security, Lift, Minimart, Multipurpose hall","Air-Cond, Cooking Allowed, Near KTM/LRT",Kuala Lumpur
99233134,Pavillion Embassy Service Suite,,RM 3 600 per month,Kuala Lumpur - Ampang Hilir,Service Residence,2,1,2,775 sq.ft.,Fully Furnished,,"Air-Cond, Cooking Allowed, Near KTM/LRT, Washing Machine, Internet",Kuala Lumpur
100272600,Taman Setiawangsa,2006,RM 1 600 per month,Kuala Lumpur - Setiawangsa,Condominium,3,1,2,1267 sq.ft.,Fully Furnished,"Security, Minimart, Parking",,Kuala Lumpur
100254832,Seri Maya,2008,RM 2 500 per month,Kuala Lumpur - Setiawangsa,Condominium,3,,2,1300 sq.ft.,Partially Furnished,"Swimming Pool, Parking, Security, Playground, Gymnasium","Air-Cond, Near KTM/LRT",Kuala Lumpur
100272760,Teratai Mewah Apartment,,RM 750 per month,Kuala Lumpur - Setapak,Apartment,3,,1,700 sq.ft.,Not Furnished,"Security, Playground, Parking, Lift",Cooking Allowed,Kuala Lumpur
100272583,Heritage Condominiun,,RM 1 250 per month,Kuala Lumpur - Setapak,Condominium,3,1,2,1300 sq.ft.,Partially Furnished,"Security, Minimart, Gymnasium, Barbeque area, Parking, Lift, Club house, Playground, Swimming Pool, Tennis Court, Squash Court, Sauna",,Kuala Lumpur
98377671,,,RM 2 000 per month,Kuala Lumpur - Cheras,Condominium,3,1,2,1285 sq.ft.,Fully Furnished,"Parking, Security, Playground, Lift, Swimming Pool, Minimart","Air-Cond, Cooking Allowed",Kuala Lumpur
100272697,Zen Suites @ Zetapark,,RM 1 200 per month,Kuala Lumpur - Setapak,Service Residence,1,1,1,618 sq.ft.,Partially Furnished,"Gymnasium, Playground, Jogging Track, Parking, Swimming Pool, Sauna",,Kuala Lumpur
100272515,Residensi Wangsamas,,RM 1 850 per month,Kuala Lumpur - Wangsa Maju,Apartment,3,1,2,800 sq.ft.,Fully Furnished,"Multipurpose hall, Parking, Security, Playground, Lift","Air-Cond, Cooking Allowed, Near KTM/LRT, Washing Machine",Kuala Lumpur
100272496,The Havre @ Bukit Jalil,2020,RM 2 400 per month,Kuala Lumpur - Bukit Jalil,Condominium,3,2,3,1239 sq.ft.,Fully Furnished,"Playground, Swimming Pool, Gymnasium, Sauna, Squash Court, Multipurpose hall, Tennis Court, Lift, Barbeque area, Club house, Security, Minimart, Jogging Track, Parking","Air-Cond, Cooking Allowed, Near KTM/LRT, Washing Machine, Internet",Kuala Lumpur
100272621,Teratai Mewah Apartment,,RM 900 per month,Kuala Lumpur - Setapak,Apartment,3,1,2,657 sq.ft.,Not Furnished,"Security, Playground, Parking",,Kuala Lumpur
99892277,Canopy hills,,RM 601 per month,Kuala Lumpur - Serdang,Condominium,2,1,1,591 sq.ft.,Not Furnished,"Parking, Security, Lift, Swimming Pool, Playground, Gymnasium, Sauna, Multipurpose hall, Jogging Track, Club house",Cooking Allowed,Kuala Lumpur
100272465,Anjung Hijau,,RM 1 950 per month,Kuala Lumpur - Bukit Jalil,Condominium,3,1,2,1100 sq.ft.,Fully Furnished,"Jogging Track, Barbeque area, Security, Playground, Parking, Minimart","Cooking Allowed, Air-Cond, Near KTM/LRT",Kuala Lumpur
100272168,Suria Kipark Damansara,2009,RM 1 100 per month,Kuala Lumpur - Kepong,Apartment,3,1,2,948 sq.ft.,Not Furnished,"Playground, Security, Swimming Pool, Minimart, Lift, Parking",Air-Cond,Kuala Lumpur
100272165,Maxim Citilights,2017,RM 1 500 per month,Kuala Lumpur - Sentul,Condominium,2,,2,856 sq.ft.,Fully Furnished,"Multipurpose hall, Minimart, Security, Playground, Jogging Track, Swimming Pool",,Kuala Lumpur
100272274,Residensi Pandanmas 1,,RM 1 400 per month,Kuala Lumpur - Desa Pandan,Condominium,3,1,2,900 sq.ft.,Partially Furnished,"Minimart, Swimming Pool, Jogging Track, Lift, Security, Playground, Parking, Gymnasium, Sauna, Multipurpose hall","Air-Cond, Cooking Allowed",Kuala Lumpur
100272227,The Era,2021,RM 2 450 per month,Kuala Lumpur - Segambut,Condominium,2,2,2,900 sq.ft.,Fully Furnished,"Playground, Security, Parking, Swimming Pool, Gymnasium, Sauna, Lift, Multipurpose hall, Club house, Barbeque area","Air-Cond, Cooking Allowed, Washing Machine, Near KTM/LRT",Kuala Lumpur
100272224,Continew Condominium,2020,RM 2 200 per month,Kuala Lumpur - KL City,Condominium,1,1,1,550 sq.ft.,Fully Furnished,"Security, Gymnasium, Minimart, Lift, Playground, Swimming Pool, Parking","Cooking Allowed, Air-Cond, Washing Machine",Kuala Lumpur
100272308,Stonor 3 @ KLCC,2019,RM 7 500 per month,Kuala Lumpur - KLCC,Service Residence,3,,3,1600 sq.ft.,Fully Furnished,"Parking, Security, Lift","Air-Cond, Near KTM/LRT",Kuala Lumpur
98873488,Pertiwi Indah,,RM 1 600 per month,Kuala Lumpur - Cheras,Condominium,3,1,2,1285 sq.ft.,Partially Furnished,"Playground, Parking, Security, Lift, Swimming Pool, Gymnasium, Sauna, Barbeque area, Minimart, Multipurpose hall, Jogging Track, Club house","Air-Cond, Cooking Allowed, Near KTM/LRT, Washing Machine",Kuala Lumpur
100272304,Seri Riana Residence,2016,RM 3 600 per month,Kuala Lumpur - Wangsa Maju,Condominium,3,2,2,1528 sq.ft.,Fully Furnished,"Squash Court, Tennis Court, Jogging Track, Sauna, Parking, Playground, Swimming Pool, Gymnasium, Club house, Security, Barbeque area, Lift, Minimart, Multipurpose hall","Air-Cond, Cooking Allowed, Near KTM/LRT, Washing Machine",Kuala Lumpur
100272388,Residensi Jalilmas,,RM 1 200 per month,Kuala Lumpur - Bukit Jalil,Apartment,3,1,2,800 sq.ft.,Partially Furnished,"Parking, Security, Minimart, Multipurpose hall, Lift, Jogging Track",,Kuala Lumpur
100272377,Sky Awani Residensi 3,,RM 1 600 per month,Kuala Lumpur - Setapak,Condominium,3,1,2,800 sq.ft.,Partially Furnished,"Swimming Pool, Playground, Gymnasium, Jogging Track, Multipurpose hall, Barbeque area, Parking, Security, Lift",Cooking Allowed,Kuala Lumpur
98651806,Tiara Hatamas,,RM 1 100 per month,Kuala Lumpur - Cheras,Condominium,3,1,2,932 sq.ft.,Partially Furnished,"Playground, Jogging Track, Barbeque area, Security, Swimming Pool, Lift, Parking, Multipurpose hall","Air-Cond, Cooking Allowed, Near KTM/LRT",Kuala Lumpur
100255890,Danau Impian,1997,RM 1 200 per month,Kuala Lumpur - Taman Desa,Condominium,3,1,2,946 sq.ft.,Partially Furnished,"Parking, Swimming Pool, Barbeque area, Security, Minimart, Playground, Gymnasium, Sauna, Club house, Lift","Air-Cond, Cooking Allowed",Kuala Lumpur
98051863,,,RM 1 200 per month,Kuala Lumpur - Pandan Indah,Apartment,2,,2,1022 sq.ft.,Partially Furnished,,"Air-Cond, Cooking Allowed, Near KTM/LRT",Kuala Lumpur
100271714,Cheras Utama,,RM 700 per month,Kuala Lumpur - Cheras,Apartment,3,,1,750 sq.ft.,Not Furnished,Security,,Kuala Lumpur
100271730,Sky Suites @ KLCC,2019,RM 3 099 per month,Kuala Lumpur - KLCC,Service Residence,3,,2,818 sq.ft.,Fully Furnished,"Parking, Security, Lift, Swimming Pool, Playground, Gymnasium, Sauna, Barbeque area, Minimart, Multipurpose hall, Club house, Jogging Track, Tennis Court, Squash Court","Air-Cond, Cooking Allowed, Near KTM/LRT, Washing Machine",Kuala Lumpur
100271794,Sky Awani Residensi,,RM 1 730 per month,Kuala Lumpur - Sentul,Condominium,3,1,2,800 sq.ft.,Fully Furnished,"Parking, Swimming Pool, Security, Playground, Lift, Multipurpose hall, Gymnasium, Minimart","Air-Cond, Cooking Allowed, Near KTM/LRT, Washing Machine",Kuala Lumpur
100271870,Southbank Residence,2017,RM 2 500 per month,Kuala Lumpur - Old Klang Road,Service Residence,3,,2,935 sq.ft.,Fully Furnished,"Gymnasium, Jogging Track, Security, Multipurpose hall, Swimming Pool, Barbeque area","Air-Cond, Cooking Allowed, Washing Machine",Kuala Lumpur
100271822,Three28 Tun Razak,2016,RM 3 400 per month,Kuala Lumpur - KLCC,Service Residence,2,1,2,1055 sq.ft.,Fully Furnished,"Minimart, Swimming Pool, Gymnasium, Security, Playground, Parking, Lift, Barbeque area, Jogging Track",,Kuala Lumpur
100272026,Platinum OUG Residence,2021,RM 2 500 per month,Kuala Lumpur - Kuchai Lama,Condominium,3,2,2,1200 sq.ft.,Fully Furnished,"Lift, Security, Gymnasium, Playground, Parking, Swimming Pool","Air-Cond, Cooking Allowed, Near KTM/LRT, Washing Machine, Internet",Kuala Lumpur
100271940,OHako,2019,RM 2 200 per month,Kuala Lumpur - Puchong,Service Residence,3,2,2,1002 sq.ft.,Fully Furnished,"Squash Court, Lift, Playground, Swimming Pool, Gymnasium, Security, Parking, Minimart, Tennis Court",,Kuala Lumpur
100271625,Setapak Green,2014,RM 1 799 per month,Kuala Lumpur - Setapak,Condominium,4,2,3,1362 sq.ft.,Partially Furnished,,,Kuala Lumpur
100271590,Mesra Villa @ Pandan Mesra,2007,RM 1 200 per month,Kuala Lumpur - Ampang,Apartment,3,1,2,871 sq.ft.,Partially Furnished,"Security, Swimming Pool, Parking",Cooking Allowed,Kuala Lumpur
100271684,Maxim Citilights,2017,RM 1 400 per month,Kuala Lumpur - Sentul,Condominium,3,1,1,1009 sq.ft.,Partially Furnished,"Security, Swimming Pool, Jogging Track, Multipurpose hall, Minimart, Playground",,Kuala Lumpur
100271677,Sky Awani Residensi,,RM 1 700 per month,Kuala Lumpur - Sentul,Condominium,3,1,2,800 sq.ft.,Fully Furnished,"Minimart, Sauna, Club house, Parking, Swimming Pool, Security, Jogging Track, Playground, Barbeque area",,Kuala Lumpur
100271675,Residensi Pandanmas 1,,RM 1 700 per month,Kuala Lumpur - Desa Pandan,Condominium,3,1,2,900 sq.ft.,Partially Furnished,"Minimart, Swimming Pool, Jogging Track, Lift, Security, Playground, Parking, Gymnasium, Sauna, Multipurpose hall","Air-Cond, Cooking Allowed, Washing Machine",Kuala Lumpur
98873544,,,RM 1 300 per month,Kuala Lumpur - Cheras,Condominium,3,1,2,865 sq.ft.,Partially Furnished,"Swimming Pool, Security, Gymnasium, Tennis Court, Parking, Playground, Barbeque area, Lift","Air-Cond, Cooking Allowed, Washing Machine",Kuala Lumpur
98877518,,,RM 1 700 per month,Kuala Lumpur - Cheras,Condominium,5,2,3,2000 sq.ft.,Not Furnished,"Parking, Security, Lift, Swimming Pool, Playground, Gymnasium, Sauna, Barbeque area, Minimart, Multipurpose hall","Cooking Allowed, Near KTM/LRT",Kuala Lumpur
98906050,,,RM 2 000 per month,Kuala Lumpur - Cheras,Service Residence,1,1,2,762 sq.ft.,Fully Furnished,"Security, Tennis Court, Lift, Minimart, Playground, Swimming Pool, Jogging Track, Parking, Barbeque area, Sauna, Gymnasium","Air-Cond, Cooking Allowed, Near KTM/LRT, Washing Machine",Kuala Lumpur
99000190,,,RM 1 500 per month,Kuala Lumpur - Cheras,Condominium,3,2,2,1105 sq.ft.,Partially Furnished,"Jogging Track, Sauna, Gymnasium, Swimming Pool, Multipurpose hall, Playground, Parking, Security, Barbeque area, Lift, Minimart","Air-Cond, Cooking Allowed",Kuala Lumpur
100271888,Sri Putramas,2004,RM 1 600 per month,Kuala Lumpur - Jalan Kuching,Condominium,3,1,2,1100 sq.ft.,Not Furnished,"Tennis Court, Minimart, Playground, Parking, Gymnasium, Security, Swimming Pool, Barbeque area, Lift, Squash Court, Jogging Track, Club house, Multipurpose hall","Air-Cond, Cooking Allowed",Kuala Lumpur
99831426,Sentul Point Suite Apartment,2020,RM 1 500 per month,Kuala Lumpur - Sentul,Condominium,3,1,2,850 sq.ft.,Partially Furnished,"Parking, Minimart, Gymnasium, Squash Court, Security, Playground, Swimming Pool, Lift, Multipurpose hall, Jogging Track","Air-Cond, Cooking Allowed",Kuala Lumpur
100271583,Desa Aman Puri,,RM 800 per month,Kuala Lumpur - Kepong,Apartment,3,1,2,866 sq.ft.,Partially Furnished,Parking,,Kuala Lumpur
100271336,"SkyAwani 3 Residence, Setapak",2021,RM 1 500 per month,Kuala Lumpur - Setapak,Condominium,3,,2,800 sq.ft.,Partially Furnished,"Tennis Court, Lift, Minimart, Swimming Pool, Squash Court, Security, Barbeque area, Sauna, Jogging Track, Parking, Playground, Gymnasium",,Kuala Lumpur
97755210,The Mark,2015,RM 1 500 per month,Kuala Lumpur - Cheras,Service Residence,1,2,1,618 sq.ft.,Fully Furnished,"Sauna, Gymnasium, Jogging Track, Multipurpose hall, Security, Barbeque area, Club house, Parking, Playground, Minimart, Swimming Pool, Lift","Air-Cond, Cooking Allowed, Near KTM/LRT, Washing Machine",Kuala Lumpur
100271313,Residensi Seri Wahyu @ Jalan Kuching KL,,RM 1 200 per month,Kuala Lumpur - KL City,Apartment,3,1,2,805 sq.ft.,Partially Furnished,"Security, Swimming Pool, Minimart, Playground, Squash Court, Parking, Gymnasium, Jogging Track, Lift",Cooking Allowed,Kuala Lumpur
99210015,The Mark,2015,RM 2 000 per month,Kuala Lumpur - Cheras,Service Residence,2,2,2,833 sq.ft.,Fully Furnished,"Barbeque area, Sauna, Security, Gymnasium, Club house, Jogging Track, Playground, Multipurpose hall, Parking, Lift, Minimart, Swimming Pool","Air-Cond, Cooking Allowed, Near KTM/LRT, Washing Machine",Kuala Lumpur
99209832,The Mark,2015,RM 2 300 per month,Kuala Lumpur - Cheras,Service Residence,3,2,2,1166 sq.ft.,Fully Furnished,"Barbeque area, Club house, Gymnasium, Jogging Track, Multipurpose hall, Security, Playground, Sauna, Parking, Lift, Swimming Pool, Minimart","Air-Cond, Cooking Allowed, Near KTM/LRT, Washing Machine",Kuala Lumpur
99209707,Ketumbar Hill,,RM 1 450 per month,Kuala Lumpur - Cheras,Condominium,3,2,2,1200 sq.ft.,Partially Furnished,"Parking, Security, Lift, Swimming Pool, Playground, Gymnasium, Sauna, Barbeque area, Minimart, Multipurpose hall, Jogging Track","Air-Cond, Cooking Allowed, Near KTM/LRT, Washing Machine",Kuala Lumpur
100271405,Sentul Point Suite Apartment,,RM 1 500 per month,Kuala Lumpur - Sentul,Service Residence,3,2,2,1002 sq.ft.,Partially Furnished,"Parking, Security, Lift, Swimming Pool, Playground, Gymnasium, Sauna, Barbeque area, Minimart, Multipurpose hall, Club house, Jogging Track, Tennis Court, Squash Court","Air-Cond, Cooking Allowed, Near KTM/LRT, Washing Machine, Internet",Kuala Lumpur
100271544,Emerald Hills,2025,RM 2 300 per month,Kuala Lumpur - Cheras,Condominium,3,2,2,893 sq.ft.,Fully Furnished,"Barbeque area, Sauna, Parking, Jogging Track, Playground, Club house, Swimming Pool, Security, Lift, Gymnasium","Air-Cond, Cooking Allowed, Washing Machine",Kuala Lumpur
100271535,Sri Ledang,,RM 1 500 per month,Kuala Lumpur - Wangsa Maju,Condominium,4,1,2,1100 sq.ft.,Partially Furnished,"Swimming Pool, Parking, Tennis Court, Playground, Security, Lift",Cooking Allowed,Kuala Lumpur
100271533,THE FENNEL AT SENTUL EAST,2017,RM 2 600 per month,Kuala Lumpur - Sentul,Condominium,3,2,3,1300 sq.ft.,Fully Furnished,,,Kuala Lumpur
100271530,Perumahan Penjawat Awam 1 Malaysia (PPA1M) Bukit Jalil,2018,RM 1 300 per month,Kuala Lumpur - Bukit Jalil,Apartment,3,,2,1100 sq.ft.,Not Furnished,"Swimming Pool, Security, Jogging Track, Parking, Minimart",Air-Cond,Kuala Lumpur
100271216,Sri Putramas,2004,RM 2 500 per month,Kuala Lumpur - Jalan Kuching,Condominium,3,3,2,1050 sq.ft.,Fully Furnished,"Tennis Court, Sauna, Minimart, Playground, Parking, Gymnasium, Security, Swimming Pool, Barbeque area, Lift","Air-Cond, Cooking Allowed, Near KTM/LRT, Washing Machine",Kuala Lumpur
100271247,Damansara Foresta,2016,RM 2 400 per month,Kuala Lumpur - Sri Damansara,Condominium,4,2,3,1500 sq.ft.,Fully Furnished,"Barbeque area, Swimming Pool, Sauna, Playground, Jogging Track, Club house, Parking, Security, Minimart","Air-Cond, Cooking Allowed, Washing Machine, Near KTM/LRT",Kuala Lumpur
99205264,,,RM 1 500 per month,Kuala Lumpur - Jalan Kuching,Condominium,2,1,2,870 sq.ft.,Partially Furnished,"Playground, Gymnasium, Sauna, Minimart, Swimming Pool, Parking, Security, Lift, Barbeque area, Squash Court","Air-Cond, Cooking Allowed, Internet",Kuala Lumpur
99204518,,,RM 2 200 per month,Kuala Lumpur - Jalan Kuching,Condominium,3,1,2,1470 sq.ft.,Partially Furnished,"Playground, Gymnasium, Sauna, Minimart, Swimming Pool, Parking, Security, Lift, Barbeque area, Squash Court","Air-Cond, Cooking Allowed, Washing Machine",Kuala Lumpur
100091004,Pandan Ria Apartment (Block C),,RM 1 200 per month,Kuala Lumpur - KLCC,Apartment,4,,2,900 sq.ft.,Fully Furnished,,"Cooking Allowed, Near KTM/LRT",Kuala Lumpur
100271205,Suasana Lumayan,2015,RM 1 600 per month,Kuala Lumpur - Cheras,Condominium,4,1,2,1142 sq.ft.,Partially Furnished,"Minimart, Sauna, Security, Gymnasium, Playground, Parking, Swimming Pool, Lift","Air-Cond, Cooking Allowed",Kuala Lumpur
100270953,Enesta,2021,RM 1 700 per month,Kuala Lumpur - Kepong,Service Residence,3,2,2,953 sq.ft.,Not Furnished,"Lift, Security, Parking, Swimming Pool, Playground, Gymnasium, Barbeque area, Multipurpose hall","Air-Cond, Near KTM/LRT, Cooking Allowed",Kuala Lumpur
100271013,The Herz,2020,RM 1 500 per month,Kuala Lumpur - Kepong,Condominium,3,2,3,1144 sq.ft.,Partially Furnished,"Minimart, Swimming Pool, Gymnasium, Multipurpose hall, Security, Playground, Lift, Barbeque area, Sauna, Parking, Club house","Air-Cond, Cooking Allowed, Near KTM/LRT",Kuala Lumpur
100270977,Maxim Citilights,2017,RM 1 200 per month,Kuala Lumpur - Sentul,Condominium,2,,2,856 sq.ft.,Not Furnished,"Multipurpose hall, Minimart, Security, Playground, Jogging Track, Swimming Pool",,Kuala Lumpur
100175129,Maxim Citilights,2017,RM 1 340 per month,Kuala Lumpur - Sentul,Service Residence,3,,2,1100 sq.ft.,Partially Furnished,"Jogging Track, Minimart, Multipurpose hall, Swimming Pool, Security, Playground",,Kuala Lumpur
100271164,Enesta,2021,RM 2 000 per month,Kuala Lumpur - Kepong,Service Residence,3,2,2,1009 sq.ft.,Partially Furnished,"Parking, Security, Lift, Swimming Pool, Playground, Gymnasium, Barbeque area, Multipurpose hall","Air-Cond, Cooking Allowed, Near KTM/LRT",Kuala Lumpur
100271159,Maxim Citilights,2017,RM 1 400 per month,Kuala Lumpur - Sentul,Service Residence,3,2,2,1009 sq.ft.,Partially Furnished,"Minimart, Swimming Pool, Playground, Multipurpose hall, Jogging Track, Security, Lift, Parking",Cooking Allowed,Kuala Lumpur
100270556,Flexus Signature Suites,,RM 1 200 per month,Kuala Lumpur - Jalan Kuching,Service Residence,1,1,1,600 sq.ft.,Partially Furnished,"Parking, Gymnasium, Security, Sauna, Multipurpose hall, Swimming Pool","Air-Cond, Cooking Allowed, Near KTM/LRT",Kuala Lumpur
100270601,Arte Mont Kiara,,RM 1 999 per month,Kuala Lumpur - Mont Kiara,Service Residence,1,1,1,500 sq.ft.,Fully Furnished,"Parking, Security, Lift, Swimming Pool, Playground, Gymnasium, Minimart, Club house","Air-Cond, Cooking Allowed, Washing Machine",Kuala Lumpur
93682976,Bangunan Wadi Rahmat,,RM 1 200 per month,Kuala Lumpur - Taman Melawati,Apartment,3,1,2,850 sq.ft.,Not Furnished,,,Kuala Lumpur
100270633,Winner Court A,,RM 1 000 per month,Kuala Lumpur - Desa Petaling,Condominium,3,1,2,765 sq.ft.,Partially Furnished,,,Kuala Lumpur
100270795,Platinum Splendor Residensi Semarak,2020,RM 1 400 per month,Kuala Lumpur - Keramat,Condominium,3,1,2,900 sq.ft.,Not Furnished,"Squash Court, Swimming Pool, Security, Gymnasium, Tennis Court, Lift, Sauna, Minimart, Playground, Parking",,Kuala Lumpur
100270785,PV18 Residence,,RM 1 800 per month,Kuala Lumpur - Setapak,Service Residence,3,1,3,1219 sq.ft.,Partially Furnished,"Parking, Security, Lift, Swimming Pool, Playground, Minimart, Multipurpose hall, Barbeque area, Gymnasium",Cooking Allowed,Kuala Lumpur
100270738,United Point Residence @ North Kiara,2019,RM 1 800 per month,Kuala Lumpur - Kepong,Service Residence,3,1,2,829 sq.ft.,Partially Furnished,,,Kuala Lumpur
100270412,M Centura,2021,RM 1 200 per month,Kuala Lumpur - Sentul,Service Residence,2,1,1,646 sq.ft.,Fully Furnished,"Parking, Security, Lift, Swimming Pool, Playground, Gymnasium, Sauna, Barbeque area, Minimart, Multipurpose hall, Club house, Jogging Track, Tennis Court, Squash Court","Air-Cond, Cooking Allowed, Near KTM/LRT, Washing Machine, Internet",Kuala Lumpur
100270411,Taman Mastiara,,RM 900 per month,Kuala Lumpur - Jalan Ipoh,Apartment,3,,2,1100 sq.ft.,Not Furnished,"Jogging Track, Parking","Cooking Allowed, Near KTM/LRT",Kuala Lumpur
100270659,Eco Sky,2018,RM 2 000 per month,Kuala Lumpur - Jalan Ipoh,Service Residence,2,1,2,904 sq.ft.,Fully Furnished,"Parking, Security, Lift, Swimming Pool, Playground, Gymnasium, Sauna, Barbeque area, Minimart, Multipurpose hall, Club house, Jogging Track, Tennis Court, Squash Court","Air-Cond, Cooking Allowed",Kuala Lumpur
100270365,Iris Apartment (Taman Desa),,RM 950 per month,Kuala Lumpur - Taman Desa,Apartment,2,,1,650 sq.ft.,Partially Furnished,Security,,Kuala Lumpur
100270338,Sentrio Suites,2017,RM 2 100 per month,Kuala Lumpur - Desa Pandan,Service Residence,3,1,2,950 sq.ft.,Partially Furnished,"Parking, Security, Lift, Swimming Pool, Playground, Gymnasium","Air-Cond, Cooking Allowed, Washing Machine",Kuala Lumpur
99881849,KL Trillion,2014,RM 3 000 per month,Kuala Lumpur - KLCC,Service Residence,2,1,2,970 sq.ft.,Fully Furnished,"Playground, Swimming Pool, Gymnasium, Barbeque area, Security, Lift, Parking, Tennis Court, Squash Court, Sauna, Multipurpose hall","Air-Cond, Cooking Allowed, Near KTM/LRT, Washing Machine",Kuala Lumpur
100270030,Millerz Square @ Old Klang Road,2019,RM 2 200 per month,Kuala Lumpur - Old Klang Road,Service Residence,3,2,2,900 sq.ft.,Fully Furnished,"Parking, Security, Lift, Swimming Pool, Playground, Multipurpose hall, Barbeque area, Sauna, Gymnasium, Jogging Track","Air-Cond, Cooking Allowed, Washing Machine",Kuala Lumpur
100269997,Millerz Square @ Old Klang Road,2019,RM 2 299 per month,Kuala Lumpur - Old Klang Road,Service Residence,3,2,2,852 sq.ft.,Partially Furnished,"Parking, Security, Lift, Swimming Pool, Playground, Gymnasium, Minimart, Jogging Track, Multipurpose hall, Sauna","Cooking Allowed, Air-Cond",Kuala Lumpur
100270254,Residency V,2017,RM 1 999 per month,Kuala Lumpur - Old Klang Road,Service Residence,2,2,2,814 sq.ft.,Partially Furnished,"Barbeque area, Gymnasium, Security, Swimming Pool, Parking, Playground, Lift, Sauna, Minimart, Multipurpose hall, Jogging Track, Tennis Court","Air-Cond, Cooking Allowed",Kuala Lumpur
100269724,The Vyne,2017,RM 5 000 per month,Kuala Lumpur - Sungai Besi,Condominium,4,3,4,1449 sq.ft.,Fully Furnished,"Parking, Security, Playground, Gymnasium, Club house, Minimart, Jogging Track, Multipurpose hall, Squash Court, Barbeque area, Sauna, Lift, Swimming Pool","Air-Cond, Cooking Allowed, Washing Machine, Near KTM/LRT",Kuala Lumpur
98197830,,,RM 1 300 per month,Kuala Lumpur - Sungai Besi,Apartment,2,1,1,654 sq.ft.,Partially Furnished,"Barbeque area, Security, Playground, Swimming Pool, Gymnasium, Multipurpose hall, Sauna",,Kuala Lumpur
96923774,,,RM 4 800 per month,Kuala Lumpur - KLCC,Service Residence,2,1,2,990 sq.ft.,Fully Furnished,"Barbeque area, Multipurpose hall, Gymnasium, Jogging Track, Swimming Pool","Air-Cond, Cooking Allowed, Washing Machine",Kuala Lumpur
100269667,Abadi Indah,,RM 1 200 per month,Kuala Lumpur - Taman Desa,Condominium,3,1,2,950 sq.ft.,Partially Furnished,"Security, Swimming Pool, Tennis Court, Playground, Gymnasium, Parking, Minimart, Squash Court",,Kuala Lumpur
100186219,The Holmes,,RM 1 700 per month,Kuala Lumpur - Cheras,Condominium,3,2,2,1018 sq.ft.,Partially Furnished,"Parking, Security, Lift, Swimming Pool, Playground, Barbeque area, Gymnasium, Multipurpose hall","Air-Cond, Cooking Allowed",Kuala Lumpur
100269470,Palace Court,2014,RM 3 300 per month,Kuala Lumpur - Kuchai Lama,Condominium,6,2,5,2497 sq.ft.,Partially Furnished,"Lift, Tennis Court, Gymnasium, Security, Playground, Swimming Pool, Barbeque area, Sauna, Parking, Minimart","Air-Cond, Cooking Allowed",Kuala Lumpur
99974300,Sunway Velocity,2014,RM 1 400 per month,Kuala Lumpur - Cheras,Condominium,4,,3,1000 sq.ft.,Partially Furnished,"Security, Lift, Parking, Playground","Air-Cond, Cooking Allowed, Near KTM/LRT, Washing Machine",Kuala Lumpur
100269229,Pavilion Residences,,RM 5 500 per month,Kuala Lumpur - Bukit Bintang,Condominium,2,1,2,1307 sq.ft.,Fully Furnished,"Parking, Swimming Pool, Playground, Gymnasium, Sauna, Jogging Track","Air-Cond, Cooking Allowed, Near KTM/LRT, Washing Machine",Kuala Lumpur
100269182,Cengal Condominium,2001,RM 1 500 per month,Kuala Lumpur - Cheras,Condominium,3,2,2,1080 sq.ft.,Fully Furnished,"Security, Playground, Parking",,Kuala Lumpur
96712671,,,RM 2 500 per month,Kuala Lumpur - KLCC,Condominium,1,,1,473 sq.ft.,Fully Furnished,"Security, Gymnasium, Sauna, Parking, Swimming Pool, Lift, Tennis Court","Air-Cond, Cooking Allowed, Near KTM/LRT, Washing Machine",Kuala Lumpur
100269411,Royal Domain Sri Putramas 2,2007,RM 1 900 per month,Kuala Lumpur - Jalan Kuching,Service Residence,3,1,2,1295 sq.ft.,Fully Furnished,"Jogging Track, Sauna, Playground, Gymnasium, Tennis Court, Security, Minimart, Swimming Pool, Barbeque area, Lift, Parking","Air-Cond, Cooking Allowed, Near KTM/LRT",Kuala Lumpur
100269407,Residensi Wangsamas,,RM 1 400 per month,Kuala Lumpur - Wangsa Maju,Apartment,3,1,2,800 sq.ft.,Not Furnished,"Multipurpose hall, Parking, Security, Lift, Playground, Minimart, Jogging Track","Cooking Allowed, Near KTM/LRT",Kuala Lumpur
100269385,Endah Ria,2000,RM 1 500 per month,Kuala Lumpur - Sri Petaling,Condominium,3,1,2,945 sq.ft.,Fully Furnished,,,Kuala Lumpur
100269379,Aman Dua,,RM 950 per month,Kuala Lumpur - Kepong,Apartment,3,1,2,850 sq.ft.,Partially Furnished,"Swimming Pool, Minimart, Parking, Security",,Kuala Lumpur
100269366,Danau Impian,1997,RM 1 199 per month,Kuala Lumpur - Taman Desa,Condominium,3,1,2,946 sq.ft.,Partially Furnished,"Parking, Minimart, Playground, Sauna, Club house, Security, Swimming Pool, Gymnasium, Barbeque area",,Kuala Lumpur
100269363,Angkasa Condominiums,2005,RM 1 600 per month,Kuala Lumpur - Cheras,Condominium,3,1,2,928 sq.ft.,Fully Furnished,"Playground, Minimart, Parking, Gymnasium, Security, Swimming Pool, Tennis Court, Lift, Multipurpose hall, Jogging Track","Air-Cond, Cooking Allowed, Washing Machine",Kuala Lumpur
100269360,Residensi Jalilmas,,RM 1 200 per month,Kuala Lumpur - Bukit Jalil,Apartment,3,1,2,800 sq.ft.,Partially Furnished,"Multipurpose hall, Security, Minimart, Parking",,Kuala Lumpur
100269107,Residensi Jalilmas,,RM 1 100 per month,Kuala Lumpur - Bukit Jalil,Apartment,3,1,2,850 sq.ft.,Partially Furnished,"Security, Parking, Minimart, Multipurpose hall","Cooking Allowed, Near KTM/LRT",Kuala Lumpur
100269097,Sri Rakyat Apartment,,RM 900 per month,Kuala Lumpur - Bukit Jalil,Apartment,3,1,2,667 sq.ft.,Partially Furnished,"Minimart, Parking, Playground",,Kuala Lumpur
100269089,Sky Awani Residensi,,RM 1 800 per month,Kuala Lumpur - Sentul,Condominium,3,1,2,800 sq.ft.,Fully Furnished,"Swimming Pool, Jogging Track, Minimart, Barbeque area, Parking, Security, Playground, Sauna, Club house, Lift","Cooking Allowed, Air-Cond",Kuala Lumpur
100269083,Lavile,2021,RM 2 700 per month,Kuala Lumpur - Cheras,Condominium,2,1,2,850 sq.ft.,Fully Furnished,"Gymnasium, Swimming Pool, Security, Barbeque area, Multipurpose hall",,Kuala Lumpur
100269078,Queensville,,RM 1 700 per month,Kuala Lumpur - Cheras,Studio,1,1,1,712 sq.ft.,Fully Furnished,,,Kuala Lumpur
100269319,Prima Setapak 2,,RM 1 500 per month,Kuala Lumpur - Setapak,Condominium,3,1,2,1426 sq.ft.,Partially Furnished,"Barbeque area, Security, Playground, Parking, Swimming Pool, Gymnasium, Lift, Minimart","Air-Cond, Cooking Allowed",Kuala Lumpur
100269315,Royal Regent (Sri Putramas 3),2013,RM 2 700 per month,Kuala Lumpur - Jalan Kuching,Condominium,3,1,2,1015 sq.ft.,Fully Furnished,"Playground, Swimming Pool, Gymnasium, Sauna, Minimart, Parking, Security, Lift, Barbeque area, Squash Court","Air-Cond, Cooking Allowed, Near KTM/LRT, Washing Machine",Kuala Lumpur
100269309,Lakeville Residence,2017,RM 2 000 per month,Kuala Lumpur - Jalan Ipoh,Condominium,3,2,2,978 sq.ft.,Partially Furnished,"Parking, Gymnasium, Security, Swimming Pool, Playground","Air-Cond, Near KTM/LRT, Washing Machine",Kuala Lumpur
99972868,M Vertica,2023,RM 1 400 per month,Kuala Lumpur - Cheras,Condominium,4,2,3,1000 sq.ft.,Partially Furnished,"Parking, Jogging Track, Barbeque area, Multipurpose hall, Security, Lift, Playground, Tennis Court, Swimming Pool","Air-Cond, Cooking Allowed, Washing Machine, Near KTM/LRT",Kuala Lumpur
100268783,Titiwangsa Sentral,2011,RM 2 400 per month,Kuala Lumpur - Titiwangsa,Condominium,3,,2,1100 sq.ft.,Fully Furnished,"Security, Tennis Court, Barbeque area, Playground, Gymnasium, Squash Court, Swimming Pool, Lift, Minimart","Air-Cond, Cooking Allowed, Near KTM/LRT, Washing Machine",Kuala Lumpur
100268704,MH Platinum Residency,,RM 1 500 per month,Kuala Lumpur - Setapak,Condominium,3,1,2,1018 sq.ft.,Partially Furnished,"Parking, Security, Lift, Swimming Pool, Playground, Gymnasium, Sauna, Barbeque area, Minimart, Multipurpose hall","Air-Cond, Cooking Allowed, Washing Machine, Internet",Kuala Lumpur
100269006,Axis Residence,2010,RM 2 100 per month,Kuala Lumpur - Ampang,Service Residence,3,,1,700 sq.ft.,Fully Furnished,"Parking, Swimming Pool, Security, Gymnasium","Air-Cond, Near KTM/LRT",Kuala Lumpur
100269002,Platinum Teratai Residence,2019,RM 1 600 per month,Kuala Lumpur - Setapak,Condominium,3,2,2,928 sq.ft.,Partially Furnished,"Parking, Security, Lift, Swimming Pool, Playground, Gymnasium, Sauna, Barbeque area, Minimart, Multipurpose hall","Air-Cond, Cooking Allowed, Washing Machine, Internet",Kuala Lumpur
100268956,Desa Satu,,RM 1 000 per month,Kuala Lumpur - Kepong,Apartment,3,,1,750 sq.ft.,Partially Furnished,"Swimming Pool, Parking, Lift, Security",Cooking Allowed,Kuala Lumpur
100268634,Sky Awani Residensi,,RM 1 800 per month,Kuala Lumpur - Sentul,Condominium,3,1,2,800 sq.ft.,Fully Furnished,"Barbeque area, Parking, Swimming Pool, Club house, Security, Jogging Track, Playground, Lift, Multipurpose hall, Gymnasium, Minimart","Air-Cond, Cooking Allowed, Near KTM/LRT, Washing Machine",Kuala Lumpur
100268631,Boulevard Serviced Apartment,2014,RM 1 600 per month,Kuala Lumpur - Jalan Ipoh,Service Residence,3,1,2,1009 sq.ft.,Fully Furnished,"Parking, Security, Lift, Swimming Pool, Playground, Gymnasium, Sauna, Barbeque area, Minimart","Air-Cond, Cooking Allowed, Washing Machine",Kuala Lumpur
100268598,Brem Park 1,1980,RM 1 100 per month,Kuala Lumpur - Old Klang Road,Condominium,3,1,2,1100 sq.ft.,Fully Furnished,"Security, Minimart, Squash Court, Barbeque area, Swimming Pool, Jogging Track, Parking, Playground, Club house, Lift","Air-Cond, Cooking Allowed",Kuala Lumpur
100268570,Aster Green Residence,2022,RM 1 600 per month,Kuala Lumpur - Sri Petaling,Condominium,3,1,2,900 sq.ft.,Partially Furnished,"Security, Swimming Pool, Parking, Barbeque area, Multipurpose hall, Playground",,Kuala Lumpur
100268550,Titiwangsa Sentral,2011,RM 2 400 per month,Kuala Lumpur - Titiwangsa,Condominium,3,,2,1100 sq.ft.,Fully Furnished,"Gymnasium, Squash Court, Barbeque area, Playground, Swimming Pool, Tennis Court, Security, Lift, Minimart","Air-Cond, Cooking Allowed, Near KTM/LRT, Washing Machine",Kuala Lumpur
100268549,Setia SKY Residences,2011,RM 4 200 per month,Kuala Lumpur - KLCC,Condominium,4,2,4,1380 sq.ft.,Fully Furnished,"Parking, Security, Lift, Swimming Pool, Playground, Gymnasium, Sauna, Barbeque area, Minimart, Multipurpose hall, Club house, Jogging Track","Air-Cond, Cooking Allowed, Near KTM/LRT, Washing Machine",Kuala Lumpur
100268545,Delima J Apartment,,RM 1 300 per month,Kuala Lumpur - Desa Pandan,Apartment,3,1,2,1000 sq.ft.,Fully Furnished,,,Kuala Lumpur
100268892,3 Towers,2015,RM 2 200 per month,Kuala Lumpur - Ampang Hilir,Condominium,2,,1,890 sq.ft.,Fully Furnished,"Security, Parking, Swimming Pool, Multipurpose hall, Gymnasium, Barbeque area",,Kuala Lumpur
100233419,Rampai Court,,RM 1 000 per month,Kuala Lumpur - Wangsa Maju,Apartment,2,2,1,600 sq.ft.,Not Furnished,"Playground, Parking, Security, Barbeque area",,Kuala Lumpur
99932458,Vista Langkawi @ PV18,,RM 1 600 per month,Kuala Lumpur - Setapak,Service Residence,3,1,2,926 sq.ft.,Not Furnished,,,Kuala Lumpur
100268870,288 Residences @ Kuchai Lama,2014,RM 1 700 per month,Kuala Lumpur - Kuchai Lama,Condominium,3,1,2,1215 sq.ft.,Partially Furnished,"Minimart, Sauna, Multipurpose hall, Barbeque area, Playground, Security, Swimming Pool, Gymnasium, Lift, Parking","Air-Cond, Cooking Allowed, Washing Machine",Kuala Lumpur
100268865,Residensi KepongMas,2020,RM 1 300 per month,Kuala Lumpur - Kepong,Apartment,3,1,2,800 sq.ft.,Partially Furnished,Parking,Near KTM/LRT,Kuala Lumpur
100268859,M centura,,RM 1 700 per month,Kuala Lumpur - Sentul,Condominium,4,2,2,1001 sq.ft.,Partially Furnished,"Parking, Security, Lift, Swimming Pool, Gymnasium, Minimart, Multipurpose hall, Barbeque area","Cooking Allowed, Near KTM/LRT, Air-Cond",Kuala Lumpur
100268842,Pearl Suria,2016,RM 3 000 per month,Kuala Lumpur - Old Klang Road,Condominium,3,1,2,1200 sq.ft.,Fully Furnished,"Swimming Pool, Sauna, Jogging Track, Playground, Security, Gymnasium, Barbeque area, Multipurpose hall, Lift, Parking, Minimart","Air-Cond, Cooking Allowed, Near KTM/LRT, Washing Machine, Internet",Kuala Lumpur
100171838,Savio Riana Dutamas Residence,2019,RM 1 300 per month,Kuala Lumpur - Segambut,Service Residence,1,1,1,653 sq.ft.,Partially Furnished,,,Kuala Lumpur
100268816,Mizumi Residences,2020,RM 1 400 per month,Kuala Lumpur - Kepong,Service Residence,4,2,2,932 sq.ft.,Not Furnished,"Multipurpose hall, Squash Court, Club house, Swimming Pool, Gymnasium, Lift, Security, Minimart, Jogging Track, Sauna, Playground, Tennis Court, Parking",,Kuala Lumpur
99433428,Faber Heights,1988,RM 2 000 per month,Kuala Lumpur - Taman Desa,Condominium,3,2,2,1200 sq.ft.,Fully Furnished,"Playground, Gymnasium, Barbeque area, Security, Swimming Pool, Squash Court, Sauna, Tennis Court, Club house, Parking, Minimart",,Kuala Lumpur
100095759,Setapak Ria Condominium,1994,RM 1 200 per month,Kuala Lumpur - Setapak,Condominium,3,1,2,911 sq.ft.,Partially Furnished,"Security, Gymnasium, Tennis Court, Squash Court, Parking, Minimart, Playground, Barbeque area, Swimming Pool, Sauna",,Kuala Lumpur
100268531,The Hamstead,,RM 1 400 per month,Kuala Lumpur - Cheras,Condominium,3,2,2,947 sq.ft.,Partially Furnished,"Parking, Security, Lift, Swimming Pool, Playground, Gymnasium, Barbeque area, Multipurpose hall, Club house, Jogging Track","Near KTM/LRT, Cooking Allowed",Kuala Lumpur
100268266,Ketumbar Hill,,RM 1 500 per month,Kuala Lumpur - Cheras,Condominium,3,1,2,1200 sq.ft.,Fully Furnished,,,Kuala Lumpur
100268508,PV9 Residences @ Taman Melati,2022,RM 1 800 per month,Kuala Lumpur - Setapak,Service Residence,3,1,2,884 sq.ft.,Partially Furnished,,"Cooking Allowed, Near KTM/LRT",Kuala Lumpur
100268503,Scarletz,,RM 2 500 per month,Kuala Lumpur - KLCC,Service Residence,1,,1,450 sq.ft.,Fully Furnished,"Security, Lift, Swimming Pool, Parking, Gymnasium, Minimart","Air-Cond, Cooking Allowed, Near KTM/LRT, Internet",Kuala Lumpur
100268498,EkoCheras Service Apartment,2017,RM 2 400 per month,Kuala Lumpur - Cheras,Service Residence,2,1,2,1168 sq.ft.,Partially Furnished,"Jogging Track, Lift, Sauna, Security, Minimart, Gymnasium, Tennis Court, Playground, Swimming Pool, Barbeque area, Parking",,Kuala Lumpur
100268494,Spring Villa Apartment,,RM 1 100 per month,Kuala Lumpur - Ampang,Apartment,3,1,2,750 sq.ft.,Partially Furnished,"Parking, Security",,Kuala Lumpur
100268493,Residensi Akasia Permaisuri,,RM 1 700 per month,Kuala Lumpur - Cheras,Apartment,3,2,2,807 sq.ft.,Fully Furnished,,,Kuala Lumpur
100268491,Parc 3,2021,RM 2 700 per month,Kuala Lumpur - Cheras,Service Residence,2,1,2,736 sq.ft.,Fully Furnished,"Gymnasium, Playground, Barbeque area, Security, Multipurpose hall, Parking, Jogging Track, Lift",,Kuala Lumpur
100268488,Mesra Villa @ Pandan Mesra,2007,RM 1 300 per month,Kuala Lumpur - Ampang,Apartment,3,1,2,871 sq.ft.,Partially Furnished,"Swimming Pool, Security",,Kuala Lumpur
100268486,Impiana Sky Residensi,2021,RM 1 300 per month,Kuala Lumpur - Bukit Jalil,Apartment,3,1,2,850 sq.ft.,Partially Furnished,"Gymnasium, Playground, Parking, Multipurpose hall, Security",,Kuala Lumpur
100115857,Vista Danau Kota,2023,RM 1 600 per month,Kuala Lumpur - Setapak,Apartment,3,1,2,969 sq.ft.,Partially Furnished,"Multipurpose hall, Security, Swimming Pool","Air-Cond, Cooking Allowed, Near KTM/LRT, Washing Machine",Kuala Lumpur
100268450,Impiana Sky Residensi,2021,RM 1 200 per month,Kuala Lumpur - Bukit Jalil,Condominium,3,1,2,850 sq.ft.,Partially Furnished,"Security, Playground, Gymnasium, Multipurpose hall, Parking",,Kuala Lumpur
99431289,Genting Court Condominium,1995,RM 1 000 per month,Kuala Lumpur - Setapak,Condominium,3,,2,803 sq.ft.,Not Furnished,Minimart,,Kuala Lumpur
100268073,Desa Angkasa,,RM 3 000 per month,Kuala Lumpur - Ampang Hilir,Condominium,2,1,2,1227 sq.ft.,Fully Furnished,"Club house, Minimart, Tennis Court, Squash Court, Parking, Security, Sauna, Playground, Swimming Pool, Gymnasium, Jogging Track, Lift","Air-Cond, Cooking Allowed, Washing Machine",Kuala Lumpur
98416046,Pearl Suria,2016,RM 2 000 per month,Kuala Lumpur - Old Klang Road,Condominium,3,2,2,1202 sq.ft.,Fully Furnished,"Gymnasium, Multipurpose hall, Security, Swimming Pool, Jogging Track, Sauna, Playground, Barbeque area, Parking, Lift, Minimart, Club house","Washing Machine, Cooking Allowed, Air-Cond, Internet",Kuala Lumpur
99175617,Aman Dua,,RM 900 per month,Kuala Lumpur - Kepong,Apartment,3,1,2,850 sq.ft.,Partially Furnished,"Swimming Pool, Minimart, Parking, Security",,Kuala Lumpur
99970206,Rafflesia Sentul Condominium,,RM 1 800 per month,Kuala Lumpur - Sentul,Condominium,3,1,2,900 sq.ft.,Fully Furnished,"Gymnasium, Parking, Security, Swimming Pool, Minimart, Playground","Air-Cond, Cooking Allowed, Washing Machine, Near KTM/LRT",Kuala Lumpur
100268356,Residensi Vista Wirajaya,,RM 1 700 per month,Kuala Lumpur - Setapak,Apartment,3,1,2,885 sq.ft.,Fully Furnished,,,Kuala Lumpur
99461857,Laman Tasik,2002,RM 2 000 per month,Kuala Lumpur - Cheras,Condominium,4,1,2,1280 sq.ft.,Fully Furnished,"Parking, Minimart, Security, Playground, Swimming Pool, Gymnasium, Lift, Multipurpose hall, Club house","Air-Cond, Cooking Allowed, Near KTM/LRT, Washing Machine",Kuala Lumpur
100268320,Residensi Rampai II,2021,RM 2 000 per month,Kuala Lumpur - Setapak,Apartment,4,2,2,950 sq.ft.,Fully Furnished,"Playground, Jogging Track, Security, Gymnasium, Parking, Swimming Pool, Sauna, Multipurpose hall, Barbeque area",,Kuala Lumpur
100089766,Cendana Apartment,2008,RM 900 per month,Kuala Lumpur - Cheras,Apartment,3,,2,700 sq.ft.,Partially Furnished,"Security, Minimart, Playground, Gymnasium",Cooking Allowed,Kuala Lumpur
98903358,city of green,,RM 1 000 per month,Kuala Lumpur - Bukit Jalil,Condominium,1,1,1,650 sq.ft.,Partially Furnished,"Parking, Security, Lift, Swimming Pool, Playground, Gymnasium, Sauna","Air-Cond, Cooking Allowed",Kuala Lumpur
100046131,Putra Suria Residence,,RM 1 300 per month,Kuala Lumpur - Cheras,Condominium,3,1,2,750 sq.ft.,Partially Furnished,"Jogging Track, Parking, Gymnasium, Security, Minimart, Swimming Pool","Air-Cond, Cooking Allowed, Near KTM/LRT, Washing Machine",Kuala Lumpur
100155440,Lavile,2021,RM 9 500 per month,Kuala Lumpur - Cheras,Service Residence,3,1,2,1068 sq.ft.,Fully Furnished,"Multipurpose hall, Swimming Pool, Barbeque area, Security, Gymnasium",,Kuala Lumpur
100032107,Majestic Maxim,2021,RM 1 700 per month,Kuala Lumpur - Cheras,Service Residence,3,,2,819 sq.ft.,Partially Furnished,"Playground, Swimming Pool, Parking, Lift, Barbeque area, Security, Gymnasium, Jogging Track","Air-Cond, Near KTM/LRT",Kuala Lumpur
98070408,,,RM 1 300 per month,Kuala Lumpur - Desa Pandan,Apartment,3,,2,900 sq.ft.,Fully Furnished,"Parking, Security, Playground, Swimming Pool, Gymnasium, Jogging Track, Minimart",,Kuala Lumpur
98628329,Pearl Suria,2016,RM 2 500 per month,Kuala Lumpur - Old Klang Road,Condominium,3,1,2,1200 sq.ft.,Fully Furnished,"Swimming Pool, Sauna, Jogging Track, Playground, Security, Gymnasium, Barbeque area, Multipurpose hall, Lift, Parking, Minimart","Air-Cond, Cooking Allowed, Near KTM/LRT, Washing Machine, Internet",Kuala Lumpur
100267642,Menara Menjalara,,RM 1 300 per month,Kuala Lumpur - Bandar Menjalara,Condominium,3,1,2,1076 sq.ft.,Fully Furnished,"Parking, Playground, Tennis Court, Security, Swimming Pool",,Kuala Lumpur
100267925,Kenanga Point,,RM 2 200 per month,Kuala Lumpur - Pudu,Condominium,3,1,2,1060 sq.ft.,Partially Furnished,"Security, Tennis Court, Sauna, Gymnasium, Playground, Swimming Pool, Squash Court, Barbeque area, Parking, Lift, Minimart","Air-Cond, Cooking Allowed, Washing Machine, Near KTM/LRT",Kuala Lumpur
100267821,Majestic Maxim,2021,RM 1 400 per month,Kuala Lumpur - Cheras,Service Residence,2,2,2,650 sq.ft.,Not Furnished,"Parking, Gymnasium, Jogging Track, Lift, Barbeque area, Security, Swimming Pool, Playground","Air-Cond, Near KTM/LRT, Cooking Allowed",Kuala Lumpur
100267390,Pearl Suria,2016,RM 1 700 per month,Kuala Lumpur - Old Klang Road,Condominium,2,1,2,911 sq.ft.,Fully Furnished,"Gymnasium, Multipurpose hall, Security, Swimming Pool, Jogging Track, Sauna, Playground, Barbeque area",,Kuala Lumpur
100267388,The Orion,2006,RM 3 000 per month,Kuala Lumpur - City Centre,Condominium,3,3,3,1323 sq.ft.,Fully Furnished,"Jogging Track, Barbeque area, Parking, Squash Court, Swimming Pool, Gymnasium, Playground",,Kuala Lumpur
100267433,The Capers,,RM 2 500 per month,Kuala Lumpur - Sentul,Service Residence,2,,2,999 sq.ft.,Fully Furnished,"Playground, Swimming Pool, Gymnasium, Barbeque area, Parking, Security, Sauna, Jogging Track","Air-Cond, Near KTM/LRT, Washing Machine, Cooking Allowed",Kuala Lumpur
100267427,Sky Meridien,,RM 2 400 per month,Kuala Lumpur - Sentul,Condominium,3,2,2,1000 sq.ft.,Fully Furnished,,,Kuala Lumpur
100267673,M Centura,2021,RM 2 000 per month,Kuala Lumpur - Sentul,Service Residence,2,1,1,646 sq.ft.,Fully Furnished,"Parking, Security, Lift, Swimming Pool, Playground, Gymnasium, Barbeque area, Minimart, Multipurpose hall","Air-Cond, Cooking Allowed, Near KTM/LRT, Washing Machine",Kuala Lumpur
98197714,Arte Mont Kiara,,RM 3 200 per month,Kuala Lumpur - Mont Kiara,Service Residence,2,2,1,925 sq.ft.,Fully Furnished,"Parking, Lift, Security, Swimming Pool, Playground, Gymnasium, Squash Court, Tennis Court, Minimart, Jogging Track","Air-Cond, Cooking Allowed, Washing Machine",Kuala Lumpur
100266942,J.dupion,,RM 3 100 per month,Kuala Lumpur - Cheras,Condominium,3,2,2,1125 sq.ft.,Fully Furnished,,,Kuala Lumpur
100266947,SkyMeridien Residences @ Sentul East,2022,RM 1 750 per month,Kuala Lumpur - Sentul,Condominium,1,1,1,600 sq.ft.,Fully Furnished,"Tennis Court, Sauna, Security, Barbeque area, Minimart, Swimming Pool, Squash Court, Multipurpose hall, Club house, Playground, Gymnasium, Jogging Track, Lift, Parking",,Kuala Lumpur
100266994,Court 28 @ KL City,2019,RM 1 800 per month,Kuala Lumpur - Jalan Ipoh,Service Residence,3,,2,859 sq.ft.,Fully Furnished,"Security, Playground, Squash Court, Parking, Swimming Pool, Gymnasium",,Kuala Lumpur
100267358,Enesta,2021,RM 1 599 per month,Kuala Lumpur - Kepong,Service Residence,3,1,2,920 sq.ft.,Partially Furnished,"Parking, Security, Lift, Playground, Swimming Pool, Multipurpose hall, Gymnasium, Club house, Sauna","Air-Cond, Cooking Allowed, Near KTM/LRT, Washing Machine",Kuala Lumpur
100267352,Emerald Hills,2025,RM 2 300 per month,Kuala Lumpur - Cheras,Condominium,3,2,2,893 sq.ft.,Fully Furnished,"Sauna, Playground, Club house, Jogging Track, Parking, Security, Swimming Pool, Barbeque area",,Kuala Lumpur
100267339,THE FENNEL AT SENTUL EAST,2017,RM 2 700 per month,Kuala Lumpur - Sentul,Condominium,3,,3,1200 sq.ft.,Fully Furnished,"Parking, Lift, Swimming Pool, Playground, Gymnasium, Barbeque area","Air-Cond, Cooking Allowed, Near KTM/LRT, Washing Machine",Kuala Lumpur
100267328,M City,2016,RM 2 000 per month,Kuala Lumpur - KL City,Service Residence,1,1,2,911 sq.ft.,Fully Furnished,"Parking, Jogging Track, Minimart, Squash Court, Security, Swimming Pool, Gymnasium, Playground, Lift, Barbeque area, Sauna, Multipurpose hall, Club house","Air-Cond, Cooking Allowed, Washing Machine",Kuala Lumpur
100267315,Perdana Puri,,RM 1 000 per month,Kuala Lumpur - Kepong,Condominium,3,1,2,903 sq.ft.,Partially Furnished,"Security, Parking",,Kuala Lumpur
100267232,Infiniti 3 Residences,,RM 2 100 per month,Kuala Lumpur - Wangsa Maju,Service Residence,3,2,2,1085 sq.ft.,Partially Furnished,"Security, Lift, Swimming Pool, Parking, Playground, Gymnasium, Sauna, Barbeque area, Multipurpose hall","Air-Cond, Cooking Allowed, Washing Machine, Near KTM/LRT",Kuala Lumpur
100266818,Sri Jinjang Apartment (Pangsapuri Sri Jinjang),,RM 1 200 per month,Kuala Lumpur - KL City,Apartment,3,1,2,850 sq.ft.,Partially Furnished,"Playground, Parking, Security, Minimart","Air-Cond, Cooking Allowed",Kuala Lumpur
100267204,Residensi Desa Sentralmas (Taman Desa),,RM 1 300 per month,Kuala Lumpur - Taman Desa,Condominium,3,1,2,850 sq.ft.,Partially Furnished,"Parking, Minimart, Swimming Pool, Lift, Security, Playground",,Kuala Lumpur
100266843,Seri Riana Residence,2016,RM 3 600 per month,Kuala Lumpur - Wangsa Maju,Condominium,3,2,2,1528 sq.ft.,Fully Furnished,"Playground, Swimming Pool, Gymnasium, Sauna, Club house, Parking, Security, Tennis Court, Squash Court, Barbeque area, Jogging Track","Air-Cond, Cooking Allowed, Near KTM/LRT",Kuala Lumpur
100267185,Menara Polo,,RM 1 000 per month,Kuala Lumpur - Desa Pandan,Condominium,1,,1,750 sq.ft.,Partially Furnished,"Playground, Gymnasium, Security, Squash Court, Parking, Tennis Court, Barbeque area, Sauna, Swimming Pool, Lift, Minimart, Multipurpose hall, Club house","Air-Cond, Cooking Allowed, Internet",Kuala Lumpur
100267149,Arte KL,2014,RM 3 000 per month,Kuala Lumpur - Kuchai Lama,Condominium,3,,3,2000 sq.ft.,Fully Furnished,"Security, Barbeque area, Parking, Swimming Pool, Gymnasium",,Kuala Lumpur
100267132,Menara Polo,,RM 1 400 per month,Kuala Lumpur - Desa Pandan,Condominium,1,,1,800 sq.ft.,Fully Furnished,"Playground, Gymnasium, Security, Squash Court, Parking, Tennis Court, Barbeque area, Sauna, Swimming Pool, Lift, Minimart, Club house, Multipurpose hall","Air-Cond, Cooking Allowed, Washing Machine, Internet",Kuala Lumpur
100267084,Danau Kota Suite Apartments,2018,RM 1 799 per month,Kuala Lumpur - Setapak,Condominium,3,1,2,900 sq.ft.,Fully Furnished,"Swimming Pool, Gymnasium, Jogging Track, Lift, Minimart, Security, Playground, Parking",,Kuala Lumpur
100266787,PV9 Residences @ Taman Melati,2022,RM 1 400 per month,Kuala Lumpur - Setapak,Condominium,3,1,2,850 sq.ft.,Fully Furnished,"Parking, Security, Lift, Swimming Pool, Playground, Gymnasium, Sauna, Barbeque area, Minimart, Multipurpose hall, Club house, Jogging Track, Tennis Court, Squash Court","Air-Cond, Cooking Allowed, Near KTM/LRT, Washing Machine, Internet",Kuala Lumpur
100266774,Casa Mutiara,2007,RM 2 100 per month,Kuala Lumpur - Bukit Bintang,Service Residence,2,1,2,750 sq.ft.,Fully Furnished,"Parking, Playground, Swimming Pool, Gymnasium, Security, Lift","Air-Cond, Cooking Allowed, Near KTM/LRT, Washing Machine",Kuala Lumpur
100266481,Seri Cendekia,,RM 1 280 per month,Kuala Lumpur - Cheras,Condominium,3,1,2,960 sq.ft.,Fully Furnished,"Gymnasium, Barbeque area, Playground, Swimming Pool, Parking, Security","Air-Cond, Cooking Allowed",Kuala Lumpur
100266719,Tuan Residency,,RM 1 950 per month,Kuala Lumpur - Jalan Kuching,Service Residence,3,1,2,900 sq.ft.,Fully Furnished,"Parking, Security, Lift, Swimming Pool, Playground, Sauna, Gymnasium, Barbeque area, Multipurpose hall, Club house","Cooking Allowed, Air-Cond, Washing Machine",Kuala Lumpur
100266717,Casa Green (Bukit Jalil),,RM 530 per month,Kuala Lumpur - Bukit Jalil,Condominium,1,,1,500 sq.ft.,Fully Furnished,"Security, Lift, Swimming Pool, Playground, Gymnasium","Air-Cond, Cooking Allowed, Near KTM/LRT, Washing Machine, Internet",Kuala Lumpur
100266650,PV9 Residences @ Taman Melati,2022,RM 2 200 per month,Kuala Lumpur - Setapak,Service Residence,3,2,2,1000 sq.ft.,Partially Furnished,"Parking, Security, Lift, Gymnasium, Minimart","Cooking Allowed, Air-Cond",Kuala Lumpur
100266644,Casa Green (Bukit Jalil),,RM 680 per month,Kuala Lumpur - Bukit Jalil,Condominium,1,,1,1000 sq.ft.,Fully Furnished,"Security, Lift, Swimming Pool, Playground, Gymnasium","Air-Cond, Cooking Allowed, Near KTM/LRT, Washing Machine, Internet",Kuala Lumpur
100266264,Casa Magna,,RM 1 200 per month,Kuala Lumpur - Kepong,Apartment,3,1,2,955 sq.ft.,Not Furnished,"Playground, Parking, Security, Barbeque area, Swimming Pool, Lift","Cooking Allowed, Near KTM/LRT",Kuala Lumpur
100266601,Twinz Residences,2018,RM 1 700 per month,Kuala Lumpur - Puchong,Service Residence,3,,2,1181 sq.ft.,Partially Furnished,"Playground, Barbeque area, Security, Swimming Pool, Gymnasium, Multipurpose hall, Lift, Parking","Air-Cond, Cooking Allowed",Kuala Lumpur
100266600,Residensi KepongMas,2020,RM 1 000 per month,Kuala Lumpur - Kepong,Apartment,3,1,2,800 sq.ft.,Not Furnished,"Parking, Playground, Lift, Security","Air-Cond, Cooking Allowed",Kuala Lumpur
100266599,Regalia Residence,2012,RM 2 000 per month,Kuala Lumpur - Jalan Sultan Ismail,Service Residence,1,1,1,560 sq.ft.,Fully Furnished,"Playground, Parking, Gymnasium, Swimming Pool, Squash Court",,Kuala Lumpur
100266584,Casa Green (Bukit Jalil),,RM 780 per month,Kuala Lumpur - Bukit Jalil,Condominium,1,,1,1200 sq.ft.,Fully Furnished,"Security, Lift, Swimming Pool, Playground, Gymnasium","Air-Cond, Cooking Allowed, Near KTM/LRT, Washing Machine, Internet",Kuala Lumpur
100266583,Parc 3,2021,RM 2 900 per month,Kuala Lumpur - Cheras,Service Residence,4,2,2,1278 sq.ft.,Partially Furnished,"Gymnasium, Playground, Barbeque area, Security, Multipurpose hall, Parking, Jogging Track, Lift, Swimming Pool, Sauna","Air-Cond, Cooking Allowed",Kuala Lumpur
99203739,Setia SKY Residences,2011,RM 1 700 per month,Kuala Lumpur - KLCC,Condominium,1,,1,350 sq.ft.,Fully Furnished,"Gymnasium, Club house, Playground, Swimming Pool, Minimart, Parking, Security, Barbeque area, Lift","Air-Cond, Washing Machine, Cooking Allowed",Kuala Lumpur
100266477,Vista Angkasa,,RM 1 800 per month,Kuala Lumpur - Bangsar South,Apartment,4,2,2,1100 sq.ft.,Partially Furnished,"Parking, Security, Swimming Pool, Minimart, Lift, Playground, Multipurpose hall, Tennis Court",,Kuala Lumpur
100266417,The Court @ Central Residence,2015,RM 1 850 per month,Kuala Lumpur - Sungai Besi,Service Residence,3,,2,1041 sq.ft.,Fully Furnished,,"Air-Cond, Cooking Allowed, Washing Machine, Near KTM/LRT, Internet",Kuala Lumpur
100266029,M City,2016,RM 2 000 per month,Kuala Lumpur - KL City,Service Residence,1,,2,910 sq.ft.,Fully Furnished,"Security, Minimart, Jogging Track, Barbeque area, Sauna, Parking, Playground, Swimming Pool, Gymnasium, Squash Court, Lift","Air-Cond, Cooking Allowed, Washing Machine",Kuala Lumpur
100266027,Platinum Hill PV 2,2013,RM 1 700 per month,Kuala Lumpur - Setapak,Condominium,3,2,2,1313 sq.ft.,Not Furnished,"Parking, Playground, Squash Court, Minimart, Gymnasium, Security, Swimming Pool",,Kuala Lumpur
100266256,Regalia Residence,2012,RM 1 950 per month,Kuala Lumpur - Jalan Sultan Ismail,Service Residence,1,,1,760 sq.ft.,Fully Furnished,"Gymnasium, Swimming Pool, Parking, Playground, Security, Lift","Air-Cond, Cooking Allowed, Near KTM/LRT, Washing Machine",Kuala Lumpur
100266251,Lanai Residences,2020,RM 1 500 per month,Kuala Lumpur - Bukit Jalil,Condominium,3,1,2,800 sq.ft.,Partially Furnished,"Parking, Security, Lift, Playground, Gymnasium, Minimart, Multipurpose hall","Air-Cond, Cooking Allowed, Near KTM/LRT, Washing Machine, Internet",Kuala Lumpur
100266247,The Orion,2006,RM 2 700 per month,Kuala Lumpur - City Centre,Condominium,3,3,3,1323 sq.ft.,Fully Furnished,"Barbeque area, Squash Court, Parking, Playground, Jogging Track, Swimming Pool, Gymnasium",,Kuala Lumpur
100266236,Aman Satu,,RM 850 per month,Kuala Lumpur - Kepong,Apartment,3,1,2,837 sq.ft.,Not Furnished,Parking,Cooking Allowed,Kuala Lumpur
100265927,Fortune Avenue,,RM 1 800 per month,Kuala Lumpur - Kepong,Condominium,3,2,2,1920 sq.ft.,Partially Furnished,"Security, Playground, Swimming Pool, Parking, Lift",Cooking Allowed,Kuala Lumpur
100265936,The Leafz,,RM 1 900 per month,Kuala Lumpur - Sungai Besi,Service Residence,2,2,2,1046 sq.ft.,Fully Furnished,,,Kuala Lumpur
100265992,Rumbia Residence @ Ari Permaisuri,2021,RM 2 500 per month,Kuala Lumpur - Cheras,Condominium,4,2,3,1200 sq.ft.,Fully Furnished,"Security, Playground, Parking, Swimming Pool, Jogging Track, Barbeque area, Multipurpose hall","Air-Cond, Cooking Allowed",Kuala Lumpur
100266202,Unio Residence,2021,RM 2 480 per month,Kuala Lumpur - Kepong,Apartment,2,1,2,900 sq.ft.,Fully Furnished,"Swimming Pool, Gymnasium, Lift, Minimart, Parking, Security, Playground, Barbeque area, Multipurpose hall, Sauna, Club house","Air-Cond, Cooking Allowed, Near KTM/LRT, Washing Machine",Kuala Lumpur
100266200,Angkupuri,1998,RM 2 500 per month,Kuala Lumpur - Mont Kiara,Condominium,4,1,2,1550 sq.ft.,Fully Furnished,"Playground, Jogging Track, Barbeque area, Swimming Pool, Sauna, Parking, Security, Gymnasium, Tennis Court, Squash Court, Lift, Multipurpose hall, Minimart","Air-Cond, Cooking Allowed, Near KTM/LRT, Washing Machine, Internet",Kuala Lumpur
100266185,MH Platinum Residency,,RM 1 600 per month,Kuala Lumpur - Setapak,Apartment,3,1,2,1018 sq.ft.,Partially Furnished,,,Kuala Lumpur
100216501,Putra Villa,2007,RM 1 800 per month,Kuala Lumpur - Setapak,Condominium,3,1,2,1100 sq.ft.,Fully Furnished,"Parking, Security, Lift, Swimming Pool, Playground, Minimart, Gymnasium","Air-Cond, Cooking Allowed, Near KTM/LRT, Washing Machine",Kuala Lumpur
100266149,EkoCheras Service Apartment,2017,RM 3 500 per month,Kuala Lumpur - Cheras,Service Residence,2,2,2,1121 sq.ft.,Fully Furnished,"Jogging Track, Lift, Sauna, Security, Minimart, Gymnasium, Tennis Court, Playground, Swimming Pool, Barbeque area, Parking",,Kuala Lumpur
100266148,KL Eco City Vogue Suites 1,2013,RM 2 899 per month,Kuala Lumpur - Mid Valley City,Service Residence,2,1,1,797 sq.ft.,Fully Furnished,"Security, Playground, Sauna, Parking, Swimming Pool, Lift, Gymnasium, Barbeque area, Minimart, Multipurpose hall, Jogging Track","Air-Cond, Cooking Allowed, Near KTM/LRT, Washing Machine",Kuala Lumpur
99984157,The Herz,2020,RM 2 300 per month,Kuala Lumpur - Kepong,Apartment,3,2,2,1216 sq.ft.,Fully Furnished,"Playground, Gymnasium, Squash Court, Barbeque area, Multipurpose hall, Minimart, Tennis Court, Jogging Track, Sauna, Club house, Parking, Swimming Pool, Security, Lift","Air-Cond, Near KTM/LRT, Washing Machine",Kuala Lumpur
100266138,SkyMeridien Residences @ Sentul East,2022,RM 1 800 per month,Kuala Lumpur - Sentul,Condominium,2,2,2,800 sq.ft.,Partially Furnished,"Tennis Court, Sauna, Security, Barbeque area, Minimart, Swimming Pool, Squash Court, Multipurpose hall, Club house, Playground, Gymnasium, Jogging Track, Lift, Parking",,Kuala Lumpur
100265847,Boulevard Serviced Apartment,2014,RM 1 600 per month,Kuala Lumpur - Jalan Ipoh,Service Residence,3,1,2,1009 sq.ft.,Fully Furnished,"Parking, Security, Lift, Swimming Pool, Playground, Gymnasium, Minimart","Air-Cond, Cooking Allowed, Washing Machine",Kuala Lumpur
99929811,Solaris Dutamas,2009,RM 2 700 per month,Kuala Lumpur - Mont Kiara,Service Residence,1,1,1,672 sq.ft.,Fully Furnished,"Parking, Swimming Pool, Security, Minimart, Playground, Gymnasium, Lift, Barbeque area","Air-Cond, Cooking Allowed, Washing Machine",Kuala Lumpur
100183384,The Park Sky Residence @ Bukit Jalil City,2019,RM 3 600 per month,Kuala Lumpur - Bukit Jalil,Service Residence,3,2,2,1039 sq.ft.,Fully Furnished,"Multipurpose hall, Parking, Playground, Swimming Pool, Security","Air-Cond, Cooking Allowed, Washing Machine",Kuala Lumpur
100265498,Dorsett Residences Sri Hartamas,2018,RM 1 200 per month,Kuala Lumpur - Sri Hartamas,Service Residence,1,1,1,500 sq.ft.,Fully Furnished,"Parking, Gymnasium, Club house, Security, Lift, Swimming Pool, Playground, Multipurpose hall","Air-Cond, Cooking Allowed",Kuala Lumpur
100265519,Nova I,2014,RM 1 400 per month,Kuala Lumpur - Segambut,Apartment,2,1,1,750 sq.ft.,Fully Furnished,"Playground, Security, Parking, Lift, Swimming Pool","Air-Cond, Cooking Allowed, Washing Machine, Near KTM/LRT",Kuala Lumpur
